Projects Details,raw_source_file,Sector Wise Details,Ministry Wise Projects,project_id,project_name,ministry_name,sector,state_location,original_cost,revised_cost,cumulative_expenditure,start_date,planned_end_date,revised_end_date,observation_date,physical_progress_pct,delay_reason_category,is_duplicate,quality_flags
Sanction Date,2026-06.csv,,,,,,,,,,,,,,,,,,
01/11/2021,2026-06.csv,,,,,,,,,,,,,,,,,,
30/12/2022,2026-06.csv,,,,,,,,,,,,,,,,,,
04/10/2018,2026-06.csv,,,,,,,,,,,,,,,,,,
02/06/2023,2026-06.csv,,,,,,,,,,,,,,,,,,
02/06/2023,2026-06.csv,,,,,,,,,,,,,,,,,,
10/03/2023,2026-06.csv,,,,,,,,,,,,,,,,,,
21/06/2023,2026-06.csv,,,,,,,,,,,,,,,,,,
17/06/2020,2026-06.csv,,,,,,,,,,,,,,,,,,
01/06/2022,2026-06.csv,,,,,,,,,,,,,,,,,,
10/10/2023,2026-06.csv,,,,,,,,,,,,,,,,,,
27/07/2018,2026-06.csv,,,,,,,,,,,,,,,,,,
07/06/2023,2026-06.csv,,,,,,,,,,,,,,,,,,
14/06/2022,2026-06.csv,,,,,,,,,,,,,,,,,,
12/01/2024,2026-06.csv,,,,,,,,,,,,,,,,,,
04/07/2024,2026-06.csv,,,,,,,,,,,,,,,,,,
03/07/2024,2026-06.csv,,,,,,,,,,,,,,,,,,
29/08/2024,2026-06.csv,,,,,,,,,,,,,,,,,,
28/08/2024,2026-06.csv,,,,,,,,,,,,,,,,,,
29/08/2025,2026-06.csv,,,,,,,,,,,,,,,,,,
18/06/2024,2026-06.csv,,,,,,,,,,,,,,,,,,
01/12/2016,2026-06.csv,,,,,,,,,,,,,,,,,,
14/05/2018,2026-06.csv,,,,,,,,,,,,,,,,,,
04/03/2023,2026-06.csv,,,,,,,,,,,,,,,,,,
18/12/2020,2026-06.csv,,,,,,,,,,,,,,,,,,
21/11/2023,2026-06.csv,,,,,,,,,,,,,,,,,,
25/07/2016,2026-06.csv,,,,,,,,,,,,,,,,,,
10/03/2016,2026-06.csv,,,,,,,,,,,,,,,,,,
16/11/2018,2026-06.csv,,,,,,,,,,,,,,,,,,
05/03/2016,2026-06.csv,,,,,,,,,,,,,,,,,,
10/09/2024,2026-06.csv,,,,,,,,,,,,,,,,,,
04/01/2023,2026-06.csv,,,,,,,,,,,,,,,,,,
19/09/2022,2026-06.csv,,,,,,,,,,,,,,,,,,
22/09/2018,2026-06.csv,,,,,,,,,,,,,,,,,,
12/08/2015,2026-06.csv,,,,,,,,,,,,,,,,,,
04/02/2015,2026-06.csv,,,,,,,,,,,,,,,,,,
25/07/2015,2026-06.csv,,,,,,,,,,,,,,,,,,
26/04/2024,2026-06.csv,,,,,,,,,,,,,,,,,,
19/04/2023,2026-06.csv,,,,,,,,,,,,,,,,,,
04/08/2020,2026-06.csv,,,,,,,,,,,,,,,,,,
16/12/2022,2026-06.csv,,,,,,,,,,,,,,,,,,
04/08/2020,2026-06.csv,,,,,,,,,,,,,,,,,,
12/11/2018,2026-06.csv,,,,,,,,,,,,,,,,,,
11/02/2020,2026-06.csv,,,,,,,,,,,,,,,,,,
26/03/2024,2026-06.csv,,,,,,,,,,,,,,,,,,
25/08/2020,2026-06.csv,,,,,,,,,,,,,,,,,,
22/07/2019,2026-06.csv,,,,,,,,,,,,,,,,,,
26/03/2024,2026-06.csv,,,,,,,,,,,,,,,,,,
10/08/2021,2026-06.csv,,,,,,,,,,,,,,,,,,
04/08/2020,2026-06.csv,,,,,,,,,,,,,,,,,,
11/08/2018,2026-06.csv,,,,,,,,,,,,,,,,,,
29/12/2023,2026-06.csv,,,,,,,,,,,,,,,,,,
12/02/2019,2026-06.csv,,,,,,,,,,,,,,,,,,
11/02/2020,2026-06.csv,,,,,,,,,,,,,,,,,,
24/12/2020,2026-06.csv,,,,,,,,,,,,,,,,,,
11/02/2020,2026-06.csv,,,,,,,,,,,,,,,,,,
10/05/2021,2026-06.csv,,,,,,,,,,,,,,,,,,
11/11/2020,2026-06.csv,,,,,,,,,,,,,,,,,,
18/01/2021,2026-06.csv,,,,,,,,,,,,,,,,,,
28/10/2023,2026-06.csv,,,,,,,,,,,,,,,,,,
31/08/2019,2026-06.csv,,,,,,,,,,,,,,,,,,
08/08/2023,2026-06.csv,,,,,,,,,,,,,,,,,,
05/03/2016,2026-06.csv,,,,,,,,,,,,,,,,,,
23/03/2021,2026-06.csv,,,,,,,,,,,,,,,,,,
01/07/2019,2026-06.csv,,,,,,,,,,,,,,,,,,
23/04/2021,2026-06.csv,,,,,,,,,,,,,,,,,,
01/07/2021,2026-06.csv,,,,,,,,,,,,,,,,,,
25/04/2022,2026-06.csv,,,,,,,,,,,,,,,,,,
07/11/2022,2026-06.csv,,,,,,,,,,,,,,,,,,
10/08/2022,2026-06.csv,,,,,,,,,,,,,,,,,,
01/08/2017,2026-06.csv,,,,,,,,,,,,,,,,,,
19/04/2023,2026-06.csv,,,,,,,,,,,,,,,,,,
22/05/2018,2026-06.csv,,,,,,,,,,,,,,,,,,
29/12/2023,2026-06.csv,,,,,,,,,,,,,,,,,,
03/02/2020,2026-06.csv,,,,,,,,,,,,,,,,,,
01/12/2021,2026-06.csv,,,,,,,,,,,,,,,,,,
27/02/2025,2026-06.csv,,,,,,,,,,,,,,,,,,
16/04/2020,2026-06.csv,,,,,,,,,,,,,,,,,,
25/08/2020,2026-06.csv,,,,,,,,,,,,,,,,,,
30/01/2024,2026-06.csv,,,,,,,,,,,,,,,,,,
19/08/2017,2026-06.csv,,,,,,,,,,,,,,,,,,
01/03/2016,2026-06.csv,,,,,,,,,,,,,,,,,,
17/12/2014,2026-06.csv,,,,,,,,,,,,,,,,,,
24/01/2022,2026-06.csv,,,,,,,,,,,,,,,,,,
29/01/2023,2026-06.csv,,,,,,,,,,,,,,,,,,
25/06/2021,2026-06.csv,,,,,,,,,,,,,,,,,,
05/06/2024,2026-06.csv,,,,,,,,,,,,,,,,,,
28/01/2023,2026-06.csv,,,,,,,,,,,,,,,,,,
24/01/2022,2026-06.csv,,,,,,,,,,,,,,,,,,
04/08/2020,2026-06.csv,,,,,,,,,,,,,,,,,,
29/11/2024,2026-06.csv,,,,,,,,,,,,,,,,,,
20/12/2024,2026-06.csv,,,,,,,,,,,,,,,,,,
24/05/2018,2026-06.csv,,,,,,,,,,,,,,,,,,
14/06/2022,2026-06.csv,,,,,,,,,,,,,,,,,,
13/01/2025,2026-06.csv,,,,,,,,,,,,,,,,,,
11/11/2020,2026-06.csv,,,,,,,,,,,,,,,,,,
12/08/2011,2026-06.csv,,,,,,,,,,,,,,,,,,
14/02/2011,2026-06.csv,,,,,,,,,,,,,,,,,,
05/06/2024,2026-06.csv,,,,,,,,,,,,,,,,,,
01/03/2020,2026-06.csv,,,,,,,,,,,,,,,,,,
11/08/2018,2026-06.csv,,,,,,,,,,,,,,,,,,
25/05/2019,2026-06.csv,,,,,,,,,,,,,,,,,,
11/11/2020,2026-06.csv,,,,,,,,,,,,,,,,,,
27/08/2016,2026-06.csv,,,,,,,,,,,,,,,,,,
06/10/2023,2026-06.csv,,,,,,,,,,,,,,,,,,
12/07/2021,2026-06.csv,,,,,,,,,,,,,,,,,,
29/11/2024,2026-06.csv,,,,,,,,,,,,,,,,,,
31/01/2023,2026-06.csv,,,,,,,,,,,,,,,,,,
14/10/2022,2026-06.csv,,,,,,,,,,,,,,,,,,
24/12/2020,2026-06.csv,,,,,,,,,,,,,,,,,,
23/12/2009,2026-06.csv,,,,,,,,,,,,,,,,,,
25/06/2025,2026-06.csv,,,,,,,,,,,,,,,,,,
01/09/2025,2026-06.csv,,,,,,,,,,,,,,,,,,
30/05/2025,2026-06.csv,,,,,,,,,,,,,,,,,,
04/08/2020,2026-06.csv,,,,,,,,,,,,,,,,,,
02/02/2017,2026-06.csv,,,,,,,,,,,,,,,,,,
04/11/2022,2026-06.csv,,,,,,,,,,,,,,,,,,
28/12/2021,2026-06.csv,,,,,,,,,,,,,,,,,,
26/03/2024,2026-06.csv,,,,,,,,,,,,,,,,,,
31/01/2022,2026-06.csv,,,,,,,,,,,,,,,,,,
25/08/2025,2026-06.csv,,,,,,,,,,,,,,,,,,
04/08/2020,2026-06.csv,,,,,,,,,,,,,,,,,,
29/07/2022,2026-06.csv,,,,,,,,,,,,,,,,,,
16/04/2020,2026-06.csv,,,,,,,,,,,,,,,,,,
02/02/2021,2026-06.csv,,,,,,,,,,,,,,,,,,
05/05/2022,2026-06.csv,,,,,,,,,,,,,,,,,,
04/05/2020,2026-06.csv,,,,,,,,,,,,,,,,,,
28/07/2021,2026-06.csv,,,,,,,,,,,,,,,,,,
29/05/2021,2026-06.csv,,,,,,,,,,,,,,,,,,
31/10/2022,2026-06.csv,,,,,,,,,,,,,,,,,,
04/11/2020,2026-06.csv,,,,,,,,,,,,,,,,,,
04/11/2019,2026-06.csv,,,,,,,,,,,,,,,,,,
05/07/2022,2026-06.csv,,,,,,,,,,,,,,,,,,
31/01/2023,2026-06.csv,,,,,,,,,,,,,,,,,,
28/11/2022,2026-06.csv,,,,,,,,,,,,,,,,,,
16/11/2018,2026-06.csv,,,,,,,,,,,,,,,,,,
29/07/2022,2026-06.csv,,,,,,,,,,,,,,,,,,
01/10/2020,2026-06.csv,,,,,,,,,,,,,,,,,,
29/01/2024,2026-06.csv,,,,,,,,,,,,,,,,,,
01/02/2019,2026-06.csv,,,,,,,,,,,,,,,,,,
10/07/2016,2026-06.csv,,,,,,,,,,,,,,,,,,
19/03/2024,2026-06.csv,,,,,,,,,,,,,,,,,,
16/04/2019,2026-06.csv,,,,,,,,,,,,,,,,,,
02/09/2023,2026-06.csv,,,,,,,,,,,,,,,,,,
22/07/2022,2026-06.csv,,,,,,,,,,,,,,,,,,
22/06/2020,2026-06.csv,,,,,,,,,,,,,,,,,,
30/06/2020,2026-06.csv,,,,,,,,,,,,,,,,,,
17/09/2009,2026-06.csv,,,,,,,,,,,,,,,,,,
01/08/2024,2026-06.csv,,,,,,,,,,,,,,,,,,
01/02/2024,2026-06.csv,,,,,,,,,,,,,,,,,,
01/03/2019,2026-06.csv,,,,,,,,,,,,,,,,,,
01/07/2017,2026-06.csv,,,,,,,,,,,,,,,,,,
17/09/2009,2026-06.csv,,,,,,,,,,,,,,,,,,
18/09/2019,2026-06.csv,,,,,,,,,,,,,,,,,,
28/12/2020,2026-06.csv,,,,,,,,,,,,,,,,,,
10/03/2021,2026-06.csv,,,,,,,,,,,,,,,,,,
01/10/2019,2026-06.csv,,,,,,,,,,,,,,,,,,
17/09/2009,2026-06.csv,,,,,,,,,,,,,,,,,,
29/09/2022,2026-06.csv,,,,,,,,,,,,,,,,,,
01/08/2020,2026-06.csv,,,,,,,,,,,,,,,,,,
30/09/2024,2026-06.csv,,,,,,,,,,,,,,,,,,
17/09/2009,2026-06.csv,,,,,,,,,,,,,,,,,,
17/09/2009,2026-06.csv,,,,,,,,,,,,,,,,,,
12/02/2024,2026-06.csv,,,,,,,,,,,,,,,,,,
17/09/2018,2026-06.csv,,,,,,,,,,,,,,,,,,
25/06/2018,2026-06.csv,,,,,,,,,,,,,,,,,,
28/03/2023,2026-06.csv,,,,,,,,,,,,,,,,,,
24/10/2018,2026-06.csv,,,,,,,,,,,,,,,,,,
17/09/2009,2026-06.csv,,,,,,,,,,,,,,,,,,
29/05/2025,2026-06.csv,,,,,,,,,,,,,,,,,,
29/05/2025,2026-06.csv,,,,,,,,,,,,,,,,,,
27/12/2023,2026-06.csv,,,,,,,,,,,,,,,,,,
29/05/2019,2026-06.csv,,,,,,,,,,,,,,,,,,
13/06/2022,2026-06.csv,,,,,,,,,,,,,,,,,,
21/07/2022,2026-06.csv,,,,,,,,,,,,,,,,,,
21/07/2022,2026-06.csv,,,,,,,,,,,,,,,,,,
21/07/2022,2026-06.csv,,,,,,,,,,,,,,,,,,
01/08/2023,2026-06.csv,,,,,,,,,,,,,,,,,,
10/10/2024,2026-06.csv,,,,,,,,,,,,,,,,,,
25/01/2017,2026-06.csv,,,,,,,,,,,,,,,,,,
11/12/2024,2026-06.csv,,,,,,,,,,,,,,,,,,
11/12/2024,2026-06.csv,,,,,,,,,,,,,,,,,,
04/09/2025,2026-06.csv,,,,,,,,,,,,,,,,,,
26/03/2021,2026-06.csv,,,,,,,,,,,,,,,,,,
08/03/2019,2026-06.csv,,,,,,,,,,,,,,,,,,
06/11/2025,2026-06.csv,,,,,,,,,,,,,,,,,,
01/10/2020,2026-06.csv,,,,,,,,,,,,,,,,,,
27/02/2023,2026-06.csv,,,,,,,,,,,,,,,,,,
05/11/2024,2026-06.csv,,,,,,,,,,,,,,,,,,
25/06/2019,2026-06.csv,,,,,,,,,,,,,,,,,,
22/04/2026,2026-06.csv,,,,,,,,,,,,,,,,,,
08/03/2019,2026-06.csv,,,,,,,,,,,,,,,,,,
28/04/2023,2026-06.csv,,,,,,,,,,,,,,,,,,
10/05/2022,2026-06.csv,,,,,,,,,,,,,,,,,,
29/08/2023,2026-06.csv,,,,,,,,,,,,,,,,,,
20/11/2020,2026-06.csv,,,,,,,,,,,,,,,,,,
05/11/2024,2026-06.csv,,,,,,,,,,,,,,,,,,
28/10/2014,2026-06.csv,,,,,,,,,,,,,,,,,,
07/11/2017,2026-06.csv,,,,,,,,,,,,,,,,,,
30/01/2023,2026-06.csv,,,,,,,,,,,,,,,,,,
10/09/2014,2026-06.csv,,,,,,,,,,,,,,,,,,
30/03/2021,2026-06.csv,,,,,,,,,,,,,,,,,,
11/02/2021,2026-06.csv,,,,,,,,,,,,,,,,,,
03/03/2024,2026-06.csv,,,,,,,,,,,,,,,,,,
20/09/2024,2026-06.csv,,,,,,,,,,,,,,,,,,
09/09/2003,2026-06.csv,,,,,,,,,,,,,,,,,,
12/01/2023,2026-06.csv,,,,,,,,,,,,,,,,,,
25/08/2022,2026-06.csv,,,,,,,,,,,,,,,,,,
16/11/2006,2026-06.csv,,,,,,,,,,,,,,,,,,
08/03/2019,2026-06.csv,,,,,,,,,,,,,,,,,,
29/03/2026,2026-06.csv,,,,,,,,,,,,,,,,,,
21/08/2008,2026-06.csv,,,,,,,,,,,,,,,,,,
27/06/2017,2026-06.csv,,,,,,,,,,,,,,,,,,
29/05/2023,2026-06.csv,,,,,,,,,,,,,,,,,,
30/03/2023,2026-06.csv,,,,,,,,,,,,,,,,,,
29/09/2022,2026-06.csv,,,,,,,,,,,,,,,,,,
31/12/2018,2026-06.csv,,,,,,,,,,,,,,,,,,
31/01/2022,2026-06.csv,,,,,,,,,,,,,,,,,,
04/07/2024,2026-06.csv,,,,,,,,,,,,,,,,,,
09/11/2012,2026-06.csv,,,,,,,,,,,,,,,,,,
20/12/2021,2026-06.csv,,,,,,,,,,,,,,,,,,
28/01/2019,2026-06.csv,,,,,,,,,,,,,,,,,,
07/12/2023,2026-06.csv,,,,,,,,,,,,,,,,,,
15/05/2023,2026-06.csv,,,,,,,,,,,,,,,,,,
29/03/2023,2026-06.csv,,,,,,,,,,,,,,,,,,
12/09/2019,2026-06.csv,,,,,,,,,,,,,,,,,,
17/12/2018,2026-06.csv,,,,,,,,,,,,,,,,,,
15/09/2020,2026-06.csv,,,,,,,,,,,,,,,,,,
10/01/2019,2026-06.csv,,,,,,,,,,,,,,,,,,
28/02/2019,2026-06.csv,,,,,,,,,,,,,,,,,,
10/01/2019,2026-06.csv,,,,,,,,,,,,,,,,,,
17/12/2018,2026-06.csv,,,,,,,,,,,,,,,,,,
,2026-06.csv,,,,,,,,,,,,,,,,,,
15/06/2018,2026-06.csv,,,,,,,,,,,,,,,,,,
06/10/2018,2026-06.csv,,,,,,,,,,,,,,,,,,
,2026-06.csv,,,,,,,,,,,,,,,,,,
,2026-06.csv,,,,,,,,,,,,,,,,,,
27/01/2020,2026-06.csv,,,,,,,,,,,,,,,,,,
07/03/2019,2026-06.csv,,,,,,,,,,,,,,,,,,
,2026-06.csv,,,,,,,,,,,,,,,,,,
19/02/2020,2026-06.csv,,,,,,,,,,,,,,,,,,
27/11/2019,2026-06.csv,,,,,,,,,,,,,,,,,,
05/09/2023,2026-06.csv,,,,,,,,,,,,,,,,,,
24/02/2023,2026-06.csv,,,,,,,,,,,,,,,,,,
,2026-06.csv,,,,,,,,,,,,,,,,,,
19/10/2023,2026-06.csv,,,,,,,,,,,,,,,,,,
04/08/2023,2026-06.csv,,,,,,,,,,,,,,,,,,
,2026-06.csv,,,,,,,,,,,,,,,,,,
20/09/2022,2026-06.csv,,,,,,,,,,,,,,,,,,
25/08/2021,2026-06.csv,,,,,,,,,,,,,,,,,,
05/04/2022,2026-06.csv,,,,,,,,,,,,,,,,,,
08/12/2021,2026-06.csv,,,,,,,,,,,,,,,,,,
04/10/2022,2026-06.csv,,,,,,,,,,,,,,,,,,
,2026-06.csv,,,,,,,,,,,,,,,,,,
,2026-06.csv,,,,,,,,,,,,,,,,,,
,2026-06.csv,,,,,,,,,,,,,,,,,,
,2026-06.csv,,,,,,,,,,,,,,,,,,
27/09/2019,2026-06.csv,,,,,,,,,,,,,,,,,,
,2026-06.csv,,,,,,,,,,,,,,,,,,
25/10/2016,2026-06.csv,,,,,,,,,,,,,,,,,,
11/09/2025,2026-06.csv,,,,,,,,,,,,,,,,,,
18/06/2022,2026-06.csv,,,,,,,,,,,,,,,,,,
16/07/2019,2026-06.csv,,,,,,,,,,,,,,,,,,
10/12/2010,2026-06.csv,,,,,,,,,,,,,,,,,,
18/02/2015,2026-06.csv,,,,,,,,,,,,,,,,,,
28/10/2013,2026-06.csv,,,,,,,,,,,,,,,,,,
22/02/2021,2026-06.csv,,,,,,,,,,,,,,,,,,
22/02/2021,2026-06.csv,,,,,,,,,,,,,,,,,,
26/08/2022,2026-06.csv,,,,,,,,,,,,,,,,,,
26/12/2008,2026-06.csv,,,,,,,,,,,,,,,,,,
03/01/2018,2026-06.csv,,,,,,,,,,,,,,,,,,
16/05/2018,2026-06.csv,,,,,,,,,,,,,,,,,,
27/09/2017,2026-06.csv,,,,,,,,,,,,,,,,,,
21/04/2017,2026-06.csv,,,,,,,,,,,,,,,,,,
30/09/2011,2026-06.csv,,,,,,,,,,,,,,,,,,
14/05/2018,2026-06.csv,,,,,,,,,,,,,,,,,,
11/11/2017,2026-06.csv,,,,,,,,,,,,,,,,,,
12/08/2021,2026-06.csv,,,,,,,,,,,,,,,,,,
19/05/2020,2026-06.csv,,,,,,,,,,,,,,,,,,
08/04/2021,2026-06.csv,,,,,,,,,,,,,,,,,,
06/03/2025,2026-06.csv,,,,,,,,,,,,,,,,,,
12/09/2024,2026-06.csv,,,,,,,,,,,,,,,,,,
23/06/2025,2026-06.csv,,,,,,,,,,,,,,,,,,
18/08/2023,2026-06.csv,,,,,,,,,,,,,,,,,,
06/04/2022,2026-06.csv,,,,,,,,,,,,,,,,,,
30/01/2020,2026-06.csv,,,,,,,,,,,,,,,,,,
18/09/2023,2026-06.csv,,,,,,,,,,,,,,,,,,
26/09/2025,2026-06.csv,,,,,,,,,,,,,,,,,,
16/05/2024,2026-06.csv,,,,,,,,,,,,,,,,,,
28/06/2022,2026-06.csv,,,,,,,,,,,,,,,,,,
26/02/2021,2026-06.csv,,,,,,,,,,,,,,,,,,
03/09/2021,2026-06.csv,,,,,,,,,,,,,,,,,,
30/05/2025,2026-06.csv,,,,,,,,,,,,,,,,,,
28/02/2022,2026-06.csv,,,,,,,,,,,,,,,,,,
13/06/2022,2026-06.csv,,,,,,,,,,,,,,,,,,
13/01/2006,2026-06.csv,,,,,,,,,,,,,,,,,,
15/03/2022,2026-06.csv,,,,,,,,,,,,,,,,,,
23/03/2022,2026-06.csv,,,,,,,,,,,,,,,,,,
15/03/2022,2026-06.csv,,,,,,,,,,,,,,,,,,
29/03/2022,2026-06.csv,,,,,,,,,,,,,,,,,,
21/12/2022,2026-06.csv,,,,,,,,,,,,,,,,,,
21/12/2022,2026-06.csv,,,,,,,,,,,,,,,,,,
21/12/2022,2026-06.csv,,,,,,,,,,,,,,,,,,
21/12/2022,2026-06.csv,,,,,,,,,,,,,,,,,,
21/12/2022,2026-06.csv,,,,,,,,,,,,,,,,,,
21/12/2022,2026-06.csv,,,,,,,,,,,,,,,,,,
20/12/2022,2026-06.csv,,,,,,,,,,,,,,,,,,
21/01/2022,2026-06.csv,,,,,,,,,,,,,,,,,,
19/04/2022,2026-06.csv,,,,,,,,,,,,,,,,,,
29/12/2020,2026-06.csv,,,,,,,,,,,,,,,,,,
08/03/2022,2026-06.csv,,,,,,,,,,,,,,,,,,
21/04/2021,2026-06.csv,,,,,,,,,,,,,,,,,,
29/06/2022,2026-06.csv,,,,,,,,,,,,,,,,,,
05/08/2021,2026-06.csv,,,,,,,,,,,,,,,,,,
22/03/2024,2026-06.csv,,,,,,,,,,,,,,,,,,
21/11/2019,2026-06.csv,,,,,,,,,,,,,,,,,,
10/01/2018,2026-06.csv,,,,,,,,,,,,,,,,,,
03/03/2020,2026-06.csv,,,,,,,,,,,,,,,,,,
01/03/2017,2026-06.csv,,,,,,,,,,,,,,,,,,
15/05/2023,2026-06.csv,,,,,,,,,,,,,,,,,,
09/10/2025,2026-06.csv,,,,,,,,,,,,,,,,,,
12/07/2023,2026-06.csv,,,,,,,,,,,,,,,,,,
09/11/2022,2026-06.csv,,,,,,,,,,,,,,,,,,
23/09/2021,2026-06.csv,,,,,,,,,,,,,,,,,,
27/06/2019,2026-06.csv,,,,,,,,,,,,,,,,,,
31/01/2022,2026-06.csv,,,,,,,,,,,,,,,,,,
09/04/2025,2026-06.csv,,,,,,,,,,,,,,,,,,
22/12/2020,2026-06.csv,,,,,,,,,,,,,,,,,,
31/01/2022,2026-06.csv,,,,,,,,,,,,,,,,,,
26/05/2023,2026-06.csv,,,,,,,,,,,,,,,,,,
31/07/2020,2026-06.csv,,,,,,,,,,,,,,,,,,
30/08/2022,2026-06.csv,,,,,,,,,,,,,,,,,,
26/09/2025,2026-06.csv,,,,,,,,,,,,,,,,,,
28/03/2016,2026-06.csv,,,,,,,,,,,,,,,,,,
22/06/2009,2026-06.csv,,,,,,,,,,,,,,,,,,
09/02/2023,2026-06.csv,,,,,,,,,,,,,,,,,,
22/01/2024,2026-06.csv,,,,,,,,,,,,,,,,,,
22/12/2015,2026-06.csv,,,,,,,,,,,,,,,,,,
16/12/2024,2026-06.csv,,,,,,,,,,,,,,,,,,
07/07/2011,2026-06.csv,,,,,,,,,,,,,,,,,,
29/06/2022,2026-06.csv,,,,,,,,,,,,,,,,,,
01/04/2020,2026-06.csv,,,,,,,,,,,,,,,,,,
27/07/2020,2026-06.csv,,,,,,,,,,,,,,,,,,
01/07/2021,2026-06.csv,,,,,,,,,,,,,,,,,,
25/11/2025,2026-06.csv,,,,,,,,,,,,,,,,,,
30/05/2025,2026-06.csv,,,,,,,,,,,,,,,,,,
21/09/2020,2026-06.csv,,,,,,,,,,,,,,,,,,
27/01/2023,2026-06.csv,,,,,,,,,,,,,,,,,,
18/12/2024,2026-06.csv,,,,,,,,,,,,,,,,,,
21/08/2025,2026-06.csv,,,,,,,,,,,,,,,,,,
15/05/2023,2026-06.csv,,,,,,,,,,,,,,,,,,
16/03/2022,2026-06.csv,,,,,,,,,,,,,,,,,,
12/04/2023,2026-06.csv,,,,,,,,,,,,,,,,,,
30/10/2023,2026-06.csv,,,,,,,,,,,,,,,,,,
24/09/2025,2026-06.csv,,,,,,,,,,,,,,,,,,
05/09/2024,2026-06.csv,,,,,,,,,,,,,,,,,,
20/06/2024,2026-06.csv,,,,,,,,,,,,,,,,,,
23/04/2021,2026-06.csv,,,,,,,,,,,,,,,,,,
23/02/2017,2026-06.csv,,,,,,,,,,,,,,,,,,
13/08/2021,2026-06.csv,,,,,,,,,,,,,,,,,,
27/05/2022,2026-06.csv,,,,,,,,,,,,,,,,,,
19/04/2022,2026-06.csv,,,,,,,,,,,,,,,,,,
30/11/2022,2026-06.csv,,,,,,,,,,,,,,,,,,
31/01/2022,2026-06.csv,,,,,,,,,,,,,,,,,,
27/10/2023,2026-06.csv,,,,,,,,,,,,,,,,,,
19/12/2023,2026-06.csv,,,,,,,,,,,,,,,,,,
08/11/2021,2026-06.csv,,,,,,,,,,,,,,,,,,
30/09/2024,2026-06.csv,,,,,,,,,,,,,,,,,,
11/09/2024,2026-06.csv,,,,,,,,,,,,,,,,,,
22/05/2018,2026-06.csv,,,,,,,,,,,,,,,,,,
27/02/2018,2026-06.csv,,,,,,,,,,,,,,,,,,
19/04/2023,2026-06.csv,,,,,,,,,,,,,,,,,,
11/04/2023,2026-06.csv,,,,,,,,,,,,,,,,,,
11/07/2013,2026-06.csv,,,,,,,,,,,,,,,,,,
12/09/2022,2026-06.csv,,,,,,,,,,,,,,,,,,
03/10/2024,2026-06.csv,,,,,,,,,,,,,,,,,,
14/09/2015,2026-06.csv,,,,,,,,,,,,,,,,,,
30/05/2017,2026-06.csv,,,,,,,,,,,,,,,,,,
07/03/2016,2026-06.csv,,,,,,,,,,,,,,,,,,
04/09/2015,2026-06.csv,,,,,,,,,,,,,,,,,,
30/09/2022,2026-06.csv,,,,,,,,,,,,,,,,,,
30/09/2022,2026-06.csv,,,,,,,,,,,,,,,,,,
03/02/2023,2026-06.csv,,,,,,,,,,,,,,,,,,
08/12/2022,2026-06.csv,,,,,,,,,,,,,,,,,,
12/09/2022,2026-06.csv,,,,,,,,,,,,,,,,,,
20/04/2017,2026-06.csv,,,,,,,,,,,,,,,,,,
01/06/2022,2026-06.csv,,,,,,,,,,,,,,,,,,
01/01/1999,2026-06.csv,,,,,,,,,,,,,,,,,,
19/02/2024,2026-06.csv,,,,,,,,,,,,,,,,,,
01/04/2019,2026-06.csv,,,,,,,,,,,,,,,,,,
30/04/2020,2026-06.csv,,,,,,,,,,,,,,,,,,
01/04/2019,2026-06.csv,,,,,,,,,,,,,,,,,,
31/03/2013,2026-06.csv,,,,,,,,,,,,,,,,,,
25/10/2023,2026-06.csv,,,,,,,,,,,,,,,,,,
29/06/2018,2026-06.csv,,,,,,,,,,,,,,,,,,
25/05/2023,2026-06.csv,,,,,,,,,,,,,,,,,,
25/10/2024,2026-06.csv,,,,,,,,,,,,,,,,,,
19/08/2024,2026-06.csv,,,,,,,,,,,,,,,,,,
04/10/2013,2026-06.csv,,,,,,,,,,,,,,,,,,
03/10/2018,2026-06.csv,,,,,,,,,,,,,,,,,,
01/04/2019,2026-06.csv,,,,,,,,,,,,,,,,,,
21/10/2020,2026-06.csv,,,,,,,,,,,,,,,,,,
04/02/1999,2026-06.csv,,,,,,,,,,,,,,,,,,
20/02/2018,2026-06.csv,,,,,,,,,,,,,,,,,,
19/08/2024,2026-06.csv,,,,,,,,,,,,,,,,,,
01/01/2019,2026-06.csv,,,,,,,,,,,,,,,,,,
31/03/2016,2026-06.csv,,,,,,,,,,,,,,,,,,
15/03/2010,2026-06.csv,,,,,,,,,,,,,,,,,,
07/10/2022,2026-06.csv,,,,,,,,,,,,,,,,,,
07/09/2020,2026-06.csv,,,,,,,,,,,,,,,,,,
05/10/2015,2026-06.csv,,,,,,,,,,,,,,,,,,
11/07/2020,2026-06.csv,,,,,,,,,,,,,,,,,,
31/03/2009,2026-06.csv,,,,,,,,,,,,,,,,,,
01/03/2018,2026-06.csv,,,,,,,,,,,,,,,,,,
01/02/2023,2026-06.csv,,,,,,,,,,,,,,,,,,
01/06/2022,2026-06.csv,,,,,,,,,,,,,,,,,,
30/01/2014,2026-06.csv,,,,,,,,,,,,,,,,,,
19/08/2024,2026-06.csv,,,,,,,,,,,,,,,,,,
10/11/2017,2026-06.csv,,,,,,,,,,,,,,,,,,
13/04/2011,2026-06.csv,,,,,,,,,,,,,,,,,,
,2026-06.csv,,,,,,,,,,,,,,,,,,
15/02/2018,2026-06.csv,,,,,,,,,,,,,,,,,,
09/09/2024,2026-06.csv,,,,,,,,,,,,,,,,,,
31/03/2013,2026-06.csv,,,,,,,,,,,,,,,,,,
19/11/2008,2026-06.csv,,,,,,,,,,,,,,,,,,
25/08/2023,2026-06.csv,,,,,,,,,,,,,,,,,,
05/12/2017,2026-06.csv,,,,,,,,,,,,,,,,,,
29/12/2010,2026-06.csv,,,,,,,,,,,,,,,,,,
07/06/2024,2026-06.csv,,,,,,,,,,,,,,,,,,
18/06/2019,2026-06.csv,,,,,,,,,,,,,,,,,,
01/03/2019,2026-06.csv,,,,,,,,,,,,,,,,,,
31/05/2022,2026-06.csv,,,,,,,,,,,,,,,,,,
11/11/2022,2026-06.csv,,,,,,,,,,,,,,,,,,
15/07/2009,2026-06.csv,,,,,,,,,,,,,,,,,,
15/07/2009,2026-06.csv,,,,,,,,,,,,,,,,,,
30/11/2021,2026-06.csv,,,,,,,,,,,,,,,,,,
03/09/2025,2026-06.csv,,,,,,,,,,,,,,,,,,
05/12/2025,2026-06.csv,,,,,,,,,,,,,,,,,,
28/02/2008,2026-06.csv,,,,,,,,,,,,,,,,,,
24/01/2023,2026-06.csv,,,,,,,,,,,,,,,,,,
31/03/2022,2026-06.csv,,,,,,,,,,,,,,,,,,
31/01/2019,2026-06.csv,,,,,,,,,,,,,,,,,,
26/08/2015,2026-06.csv,,,,,,,,,,,,,,,,,,
30/01/2025,2026-06.csv,,,,,,,,,,,,,,,,,,
28/08/2023,2026-06.csv,,,,,,,,,,,,,,,,,,
29/03/2023,2026-06.csv,,,,,,,,,,,,,,,,,,
19/02/2024,2026-06.csv,,,,,,,,,,,,,,,,,,
25/08/2023,2026-06.csv,,,,,,,,,,,,,,,,,,
06/12/2023,2026-06.csv,,,,,,,,,,,,,,,,,,
04/10/2017,2026-06.csv,,,,,,,,,,,,,,,,,,
25/08/2023,2026-06.csv,,,,,,,,,,,,,,,,,,
31/03/2016,2026-06.csv,,,,,,,,,,,,,,,,,,
31/03/2016,2026-06.csv,,,,,,,,,,,,,,,,,,
20/02/2013,2026-06.csv,,,,,,,,,,,,,,,,,,
08/12/2015,2026-06.csv,,,,,,,,,,,,,,,,,,
12/09/2022,2026-06.csv,,,,,,,,,,,,,,,,,,
19/08/2022,2026-06.csv,,,,,,,,,,,,,,,,,,
05/11/2024,2026-06.csv,,,,,,,,,,,,,,,,,,
02/09/2016,2026-06.csv,,,,,,,,,,,,,,,,,,
15/03/2010,2026-06.csv,,,,,,,,,,,,,,,,,,
03/04/2023,2026-06.csv,,,,,,,,,,,,,,,,,,
19/08/2002,2026-06.csv,,,,,,,,,,,,,,,,,,
11/04/2023,2026-06.csv,,,,,,,,,,,,,,,,,,
19/04/2023,2026-06.csv,,,,,,,,,,,,,,,,,,
02/09/2025,2026-06.csv,,,,,,,,,,,,,,,,,,
01/04/2013,2026-06.csv,,,,,,,,,,,,,,,,,,
09/09/2022,2026-06.csv,,,,,,,,,,,,,,,,,,
01/07/2011,2026-06.csv,,,,,,,,,,,,,,,,,,
26/08/2022,2026-06.csv,,,,,,,,,,,,,,,,,,
05/04/2014,2026-06.csv,,,,,,,,,,,,,,,,,,
29/01/2018,2026-06.csv,,,,,,,,,,,,,,,,,,
14/10/2025,2026-06.csv,,,,,,,,,,,,,,,,,,
09/04/2025,2026-06.csv,,,,,,,,,,,,,,,,,,
25/08/2023,2026-06.csv,,,,,,,,,,,,,,,,,,
01/04/2019,2026-06.csv,,,,,,,,,,,,,,,,,,
27/07/2023,2026-06.csv,,,,,,,,,,,,,,,,,,
31/03/2017,2026-06.csv,,,,,,,,,,,,,,,,,,
30/09/2020,2026-06.csv,,,,,,,,,,,,,,,,,,
31/03/2011,2026-06.csv,,,,,,,,,,,,,,,,,,
05/10/2007,2026-06.csv,,,,,,,,,,,,,,,,,,
13/09/2018,2026-06.csv,,,,,,,,,,,,,,,,,,
31/03/2010,2026-06.csv,,,,,,,,,,,,,,,,,,
20/07/2015,2026-06.csv,,,,,,,,,,,,,,,,,,
01/01/1999,2026-06.csv,,,,,,,,,,,,,,,,,,
21/08/2019,2026-06.csv,,,,,,,,,,,,,,,,,,
02/09/2016,2026-06.csv,,,,,,,,,,,,,,,,,,
08/12/2015,2026-06.csv,,,,,,,,,,,,,,,,,,
10/11/2017,2026-06.csv,,,,,,,,,,,,,,,,,,
18/11/2015,2026-06.csv,,,,,,,,,,,,,,,,,,
21/08/2015,2026-06.csv,,,,,,,,,,,,,,,,,,
04/07/2017,2026-06.csv,,,,,,,,,,,,,,,,,,
14/03/2023,2026-06.csv,,,,,,,,,,,,,,,,,,
30/09/2016,2026-06.csv,,,,,,,,,,,,,,,,,,
01/03/2018,2026-06.csv,,,,,,,,,,,,,,,,,,
05/10/2021,2026-06.csv,,,,,,,,,,,,,,,,,,
08/09/2016,2026-06.csv,,,,,,,,,,,,,,,,,,
31/03/2013,2026-06.csv,,,,,,,,,,,,,,,,,,
28/06/2010,2026-06.csv,,,,,,,,,,,,,,,,,,
05/03/2010,2026-06.csv,,,,,,,,,,,,,,,,,,
27/01/2014,2026-06.csv,,,,,,,,,,,,,,,,,,
28/07/2015,2026-06.csv,,,,,,,,,,,,,,,,,,
26/08/2022,2026-06.csv,,,,,,,,,,,,,,,,,,
31/03/2016,2026-06.csv,,,,,,,,,,,,,,,,,,
19/09/2017,2026-06.csv,,,,,,,,,,,,,,,,,,
31/03/2013,2026-06.csv,,,,,,,,,,,,,,,,,,
20/04/2019,2026-06.csv,,,,,,,,,,,,,,,,,,
05/09/2016,2026-06.csv,,,,,,,,,,,,,,,,,,
11/04/2025,2026-06.csv,,,,,,,,,,,,,,,,,,
05/03/2016,2026-06.csv,,,,,,,,,,,,,,,,,,
13/09/2018,2026-06.csv,,,,,,,,,,,,,,,,,,
31/03/1994,2026-06.csv,,,,,,,,,,,,,,,,,,
24/06/2025,2026-06.csv,,,,,,,,,,,,,,,,,,
04/11/2004,2026-06.csv,,,,,,,,,,,,,,,,,,
08/12/2015,2026-06.csv,,,,,,,,,,,,,,,,,,
14/07/2023,2026-06.csv,,,,,,,,,,,,,,,,,,
14/07/2023,2026-06.csv,,,,,,,,,,,,,,,,,,
31/03/2009,2026-06.csv,,,,,,,,,,,,,,,,,,
03/04/2023,2026-06.csv,,,,,,,,,,,,,,,,,,
01/01/2014,2026-06.csv,,,,,,,,,,,,,,,,,,
16/05/2016,2026-06.csv,,,,,,,,,,,,,,,,,,
22/03/2017,2026-06.csv,,,,,,,,,,,,,,,,,,
24/01/2007,2026-06.csv,,,,,,,,,,,,,,,,,,
27/08/2021,2026-06.csv,,,,,,,,,,,,,,,,,,
,2026-06.csv,,,,,,,,,,,,,,,,,,
01/03/2019,2026-06.csv,,,,,,,,,,,,,,,,,,
19/02/2024,2026-06.csv,,,,,,,,,,,,,,,,,,
19/02/2024,2026-06.csv,,,,,,,,,,,,,,,,,,
12/09/2022,2026-06.csv,,,,,,,,,,,,,,,,,,
16/07/2016,2026-06.csv,,,,,,,,,,,,,,,,,,
13/09/2018,2026-06.csv,,,,,,,,,,,,,,,,,,
01/04/2012,2026-06.csv,,,,,,,,,,,,,,,,,,
11/12/2015,2026-06.csv,,,,,,,,,,,,,,,,,,
17/01/2017,2026-06.csv,,,,,,,,,,,,,,,,,,
01/09/2012,2026-06.csv,,,,,,,,,,,,,,,,,,
08/12/2015,2026-06.csv,,,,,,,,,,,,,,,,,,
25/08/2023,2026-06.csv,,,,,,,,,,,,,,,,,,
25/09/2019,2026-06.csv,,,,,,,,,,,,,,,,,,
01/04/2019,2026-06.csv,,,,,,,,,,,,,,,,,,
09/05/2008,2026-06.csv,,,,,,,,,,,,,,,,,,
30/11/2016,2026-06.csv,,,,,,,,,,,,,,,,,,
31/03/2015,2026-06.csv,,,,,,,,,,,,,,,,,,
09/02/2011,2026-06.csv,,,,,,,,,,,,,,,,,,
01/03/2018,2026-06.csv,,,,,,,,,,,,,,,,,,
17/05/2022,2026-06.csv,,,,,,,,,,,,,,,,,,
31/03/2012,2026-06.csv,,,,,,,,,,,,,,,,,,
24/07/2008,2026-06.csv,,,,,,,,,,,,,,,,,,
01/10/2019,2026-06.csv,,,,,,,,,,,,,,,,,,
31/03/1983,2026-06.csv,,,,,,,,,,,,,,,,,,
07/03/2019,2026-06.csv,,,,,,,,,,,,,,,,,,
10/03/2019,2026-06.csv,,,,,,,,,,,,,,,,,,
19/08/2024,2026-06.csv,,,,,,,,,,,,,,,,,,
20/05/2022,2026-06.csv,,,,,,,,,,,,,,,,,,
17/10/2022,2026-06.csv,,,,,,,,,,,,,,,,,,
01/02/2023,2026-06.csv,,,,,,,,,,,,,,,,,,
01/09/2019,2026-06.csv,,,,,,,,,,,,,,,,,,
19/08/2024,2026-06.csv,,,,,,,,,,,,,,,,,,
19/06/2012,2026-06.csv,,,,,,,,,,,,,,,,,,
31/03/2008,2026-06.csv,,,,,,,,,,,,,,,,,,
24/04/2026,2026-06.csv,,,,,,,,,,,,,,,,,,
01/04/2017,2026-06.csv,,,,,,,,,,,,,,,,,,
07/10/2021,2026-06.csv,,,,,,,,,,,,,,,,,,
02/11/2010,2026-06.csv,,,,,,,,,,,,,,,,,,
01/06/2020,2026-06.csv,,,,,,,,,,,,,,,,,,
31/08/2023,2026-06.csv,,,,,,,,,,,,,,,,,,
01/03/2019,2026-06.csv,,,,,,,,,,,,,,,,,,
01/05/2022,2026-06.csv,,,,,,,,,,,,,,,,,,
15/11/2007,2026-06.csv,,,,,,,,,,,,,,,,,,
31/03/2014,2026-06.csv,,,,,,,,,,,,,,,,,,
08/04/2025,2026-06.csv,,,,,,,,,,,,,,,,,,
21/11/2022,2026-06.csv,,,,,,,,,,,,,,,,,,
08/08/2022,2026-06.csv,,,,,,,,,,,,,,,,,,
13/02/2024,2026-06.csv,,,,,,,,,,,,,,,,,,
24/11/2024,2026-06.csv,,,,,,,,,,,,,,,,,,
01/07/2016,2026-06.csv,,,,,,,,,,,,,,,,,,
01/09/2019,2026-06.csv,,,,,,,,,,,,,,,,,,
07/10/2021,2026-06.csv,,,,,,,,,,,,,,,,,,
08/09/2016,2026-06.csv,,,,,,,,,,,,,,,,,,
31/03/2016,2026-06.csv,,,,,,,,,,,,,,,,,,
19/10/2015,2026-06.csv,,,,,,,,,,,,,,,,,,
01/04/2008,2026-06.csv,,,,,,,,,,,,,,,,,,
31/03/2008,2026-06.csv,,,,,,,,,,,,,,,,,,
24/01/2023,2026-06.csv,,,,,,,,,,,,,,,,,,
25/05/2022,2026-06.csv,,,,,,,,,,,,,,,,,,
28/04/2023,2026-06.csv,,,,,,,,,,,,,,,,,,
24/01/2023,2026-06.csv,,,,,,,,,,,,,,,,,,
01/04/2016,2026-06.csv,,,,,,,,,,,,,,,,,,
01/02/2023,2026-06.csv,,,,,,,,,,,,,,,,,,
10/11/2016,2026-06.csv,,,,,,,,,,,,,,,,,,
26/09/2022,2026-06.csv,,,,,,,,,,,,,,,,,,
19/01/2023,2026-06.csv,,,,,,,,,,,,,,,,,,
24/01/2024,2026-06.csv,,,,,,,,,,,,,,,,,,
01/03/2018,2026-06.csv,,,,,,,,,,,,,,,,,,
02/08/2019,2026-06.csv,,,,,,,,,,,,,,,,,,
10/08/2017,2026-06.csv,,,,,,,,,,,,,,,,,,
15/12/2023,2026-06.csv,,,,,,,,,,,,,,,,,,
18/11/2015,2026-06.csv,,,,,,,,,,,,,,,,,,
03/02/2023,2026-06.csv,,,,,,,,,,,,,,,,,,
01/05/2022,2026-06.csv,,,,,,,,,,,,,,,,,,
11/09/2024,2026-06.csv,,,,,,,,,,,,,,,,,,
01/11/2015,2026-06.csv,,,,,,,,,,,,,,,,,,
19/02/2024,2026-06.csv,,,,,,,,,,,,,,,,,,
01/12/2022,2026-06.csv,,,,,,,,,,,,,,,,,,
04/03/2024,2026-06.csv,,,,,,,,,,,,,,,,,,
19/09/2019,2026-06.csv,,,,,,,,,,,,,,,,,,
30/10/2009,2026-06.csv,,,,,,,,,,,,,,,,,,
29/08/2018,2026-06.csv,,,,,,,,,,,,,,,,,,
06/10/2022,2026-06.csv,,,,,,,,,,,,,,,,,,
31/03/2004,2026-06.csv,,,,,,,,,,,,,,,,,,
31/03/2001,2026-06.csv,,,,,,,,,,,,,,,,,,
21/07/2022,2026-06.csv,,,,,,,,,,,,,,,,,,
05/08/2010,2026-06.csv,,,,,,,,,,,,,,,,,,
16/09/2016,2026-06.csv,,,,,,,,,,,,,,,,,,
21/07/2008,2026-06.csv,,,,,,,,,,,,,,,,,,
17/04/2025,2026-06.csv,,,,,,,,,,,,,,,,,,
28/08/2017,2026-06.csv,,,,,,,,,,,,,,,,,,
29/10/2013,2026-06.csv,,,,,,,,,,,,,,,,,,
24/10/2024,2026-06.csv,,,,,,,,,,,,,,,,,,
22/04/2016,2026-06.csv,,,,,,,,,,,,,,,,,,
24/08/2016,2026-06.csv,,,,,,,,,,,,,,,,,,
10/06/2016,2026-06.csv,,,,,,,,,,,,,,,,,,
17/05/2017,2026-06.csv,,,,,,,,,,,,,,,,,,
16/02/2008,2026-06.csv,,,,,,,,,,,,,,,,,,
20/12/2017,2026-06.csv,,,,,,,,,,,,,,,,,,
28/02/2008,2026-06.csv,,,,,,,,,,,,,,,,,,
25/08/2023,2026-06.csv,,,,,,,,,,,,,,,,,,
01/04/2019,2026-06.csv,,,,,,,,,,,,,,,,,,
28/08/2024,2026-06.csv,,,,,,,,,,,,,,,,,,
28/08/2024,2026-06.csv,,,,,,,,,,,,,,,,,,
28/08/2024,2026-06.csv,,,,,,,,,,,,,,,,,,
28/08/2024,2026-06.csv,,,,,,,,,,,,,,,,,,
28/08/2024,2026-06.csv,,,,,,,,,,,,,,,,,,
30/12/2020,2026-06.csv,,,,,,,,,,,,,,,,,,
28/08/2024,2026-06.csv,,,,,,,,,,,,,,,,,,
30/12/2020,2026-06.csv,,,,,,,,,,,,,,,,,,
07/11/2019,2026-06.csv,,,,,,,,,,,,,,,,,,
19/07/2021,2026-06.csv,,,,,,,,,,,,,,,,,,
05/07/2016,2026-06.csv,,,,,,,,,,,,,,,,,,
29/02/2016,2026-06.csv,,,,,,,,,,,,,,,,,,
31/03/2022,2026-06.csv,,,,,,,,,,,,,,,,,,
15/06/2022,2026-06.csv,,,,,,,,,,,,,,,,,,
16/02/2023,2026-06.csv,,,,,,,,,,,,,,,,,,
07/11/2022,2026-06.csv,,,,,,,,,,,,,,,,,,
12/12/2024,2026-06.csv,,,,,,,,,,,,,,,,,,
25/08/2022,2026-06.csv,,,,,,,,,,,,,,,,,,
12/10/2022,2026-06.csv,,,,,,,,,,,,,,,,,,
13/03/2018,2026-06.csv,,,,,,,,,,,,,,,,,,
23/01/2018,2026-06.csv,,,,,,,,,,,,,,,,,,
05/10/2021,2026-06.csv,,,,,,,,,,,,,,,,,,
09/03/2024,2026-06.csv,,,,,,,,,,,,,,,,,,
09/12/2017,2026-06.csv,,,,,,,,,,,,,,,,,,
20/03/2023,2026-06.csv,,,,,,,,,,,,,,,,,,
17/04/2022,2026-06.csv,,,,,,,,,,,,,,,,,,
20/10/2022,2026-06.csv,,,,,,,,,,,,,,,,,,
05/12/2022,2026-06.csv,,,,,,,,,,,,,,,,,,
19/02/2025,2026-06.csv,,,,,,,,,,,,,,,,,,
24/08/2023,2026-06.csv,,,,,,,,,,,,,,,,,,
02/08/2024,2026-06.csv,,,,,,,,,,,,,,,,,,
06/06/2025,2026-06.csv,,,,,,,,,,,,,,,,,,
29/03/2023,2026-06.csv,,,,,,,,,,,,,,,,,,
12/02/2024,2026-06.csv,,,,,,,,,,,,,,,,,,
07/02/2024,2026-06.csv,,,,,,,,,,,,,,,,,,
27/03/2023,2026-06.csv,,,,,,,,,,,,,,,,,,
20/02/2024,2026-06.csv,,,,,,,,,,,,,,,,,,
11/01/2024,2026-06.csv,,,,,,,,,,,,,,,,,,
15/03/2024,2026-06.csv,,,,,,,,,,,,,,,,,,
08/02/2024,2026-06.csv,,,,,,,,,,,,,,,,,,
08/02/2021,2026-06.csv,,,,,,,,,,,,,,,,,,
19/01/2018,2026-06.csv,,,,,,,,,,,,,,,,,,
11/10/2022,2026-06.csv,,,,,,,,,,,,,,,,,,
14/10/2022,2026-06.csv,,,,,,,,,,,,,,,,,,
01/07/2025,2026-06.csv,,,,,,,,,,,,,,,,,,
30/03/2025,2026-06.csv,,,,,,,,,,,,,,,,,,
14/01/2018,2026-06.csv,,,,,,,,,,,,,,,,,,
17/12/2019,2026-06.csv,,,,,,,,,,,,,,,,,,
11/03/2024,2026-06.csv,,,,,,,,,,,,,,,,,,
08/08/2022,2026-06.csv,,,,,,,,,,,,,,,,,,
31/03/2023,2026-06.csv,,,,,,,,,,,,,,,,,,
07/03/2023,2026-06.csv,,,,,,,,,,,,,,,,,,
03/12/2021,2026-06.csv,,,,,,,,,,,,,,,,,,
16/07/2024,2026-06.csv,,,,,,,,,,,,,,,,,,
12/01/2016,2026-06.csv,,,,,,,,,,,,,,,,,,
17/10/2022,2026-06.csv,,,,,,,,,,,,,,,,,,
31/03/2016,2026-06.csv,,,,,,,,,,,,,,,,,,
20/12/2021,2026-06.csv,,,,,,,,,,,,,,,,,,
31/03/2023,2026-06.csv,,,,,,,,,,,,,,,,,,
24/06/2020,2026-06.csv,,,,,,,,,,,,,,,,,,
31/03/2015,2026-06.csv,,,,,,,,,,,,,,,,,,
17/11/2021,2026-06.csv,,,,,,,,,,,,,,,,,,
20/12/2024,2026-06.csv,,,,,,,,,,,,,,,,,,
14/01/2016,2026-06.csv,,,,,,,,,,,,,,,,,,
16/01/2023,2026-06.csv,,,,,,,,,,,,,,,,,,
20/12/2021,2026-06.csv,,,,,,,,,,,,,,,,,,
28/02/2023,2026-06.csv,,,,,,,,,,,,,,,,,,
28/10/2024,2026-06.csv,,,,,,,,,,,,,,,,,,
30/03/2025,2026-06.csv,,,,,,,,,,,,,,,,,,
10/10/2015,2026-06.csv,,,,,,,,,,,,,,,,,,
29/06/2022,2026-06.csv,,,,,,,,,,,,,,,,,,
27/05/2021,2026-06.csv,,,,,,,,,,,,,,,,,,
30/07/2021,2026-06.csv,,,,,,,,,,,,,,,,,,
15/11/2021,2026-06.csv,,,,,,,,,,,,,,,,,,
27/12/2021,2026-06.csv,,,,,,,,,,,,,,,,,,
11/05/2020,2026-06.csv,,,,,,,,,,,,,,,,,,
02/08/2024,2026-06.csv,,,,,,,,,,,,,,,,,,
02/08/2024,2026-06.csv,,,,,,,,,,,,,,,,,,
04/03/2022,2026-06.csv,,,,,,,,,,,,,,,,,,
22/02/2022,2026-06.csv,,,,,,,,,,,,,,,,,,
27/03/2023,2026-06.csv,,,,,,,,,,,,,,,,,,
24/03/2023,2026-06.csv,,,,,,,,,,,,,,,,,,
20/03/2023,2026-06.csv,,,,,,,,,,,,,,,,,,
16/03/2023,2026-06.csv,,,,,,,,,,,,,,,,,,
28/03/2023,2026-06.csv,,,,,,,,,,,,,,,,,,
28/03/2023,2026-06.csv,,,,,,,,,,,,,,,,,,
29/03/2023,2026-06.csv,,,,,,,,,,,,,,,,,,
01/03/2023,2026-06.csv,,,,,,,,,,,,,,,,,,
20/01/2023,2026-06.csv,,,,,,,,,,,,,,,,,,
25/02/2021,2026-06.csv,,,,,,,,,,,,,,,,,,
13/03/2023,2026-06.csv,,,,,,,,,,,,,,,,,,
04/11/2022,2026-06.csv,,,,,,,,,,,,,,,,,,
04/11/2022,2026-06.csv,,,,,,,,,,,,,,,,,,
06/10/2022,2026-06.csv,,,,,,,,,,,,,,,,,,
07/03/2024,2026-06.csv,,,,,,,,,,,,,,,,,,
15/10/2021,2026-06.csv,,,,,,,,,,,,,,,,,,
18/12/2020,2026-06.csv,,,,,,,,,,,,,,,,,,
20/03/2023,2026-06.csv,,,,,,,,,,,,,,,,,,
18/10/2024,2026-06.csv,,,,,,,,,,,,,,,,,,
03/10/2022,2026-06.csv,,,,,,,,,,,,,,,,,,
14/02/2024,2026-06.csv,,,,,,,,,,,,,,,,,,
24/03/2023,2026-06.csv,,,,,,,,,,,,,,,,,,
27/12/2024,2026-06.csv,,,,,,,,,,,,,,,,,,
28/02/2023,2026-06.csv,,,,,,,,,,,,,,,,,,
01/02/2022,2026-06.csv,,,,,,,,,,,,,,,,,,
02/02/2022,2026-06.csv,,,,,,,,,,,,,,,,,,
24/08/2022,2026-06.csv,,,,,,,,,,,,,,,,,,
04/11/2022,2026-06.csv,,,,,,,,,,,,,,,,,,
17/07/2023,2026-06.csv,,,,,,,,,,,,,,,,,,
05/12/2021,2026-06.csv,,,,,,,,,,,,,,,,,,
28/02/2023,2026-06.csv,,,,,,,,,,,,,,,,,,
28/03/2023,2026-06.csv,,,,,,,,,,,,,,,,,,
30/03/2022,2026-06.csv,,,,,,,,,,,,,,,,,,
06/02/2021,2026-06.csv,,,,,,,,,,,,,,,,,,
27/12/2021,2026-06.csv,,,,,,,,,,,,,,,,,,
28/02/2020,2026-06.csv,,,,,,,,,,,,,,,,,,
23/12/2020,2026-06.csv,,,,,,,,,,,,,,,,,,
23/12/2020,2026-06.csv,,,,,,,,,,,,,,,,,,
30/03/2022,2026-06.csv,,,,,,,,,,,,,,,,,,
15/01/2021,2026-06.csv,,,,,,,,,,,,,,,,,,
03/02/2023,2026-06.csv,,,,,,,,,,,,,,,,,,
06/09/2022,2026-06.csv,,,,,,,,,,,,,,,,,,
16/08/2021,2026-06.csv,,,,,,,,,,,,,,,,,,
22/01/2019,2026-06.csv,,,,,,,,,,,,,,,,,,
18/03/2021,2026-06.csv,,,,,,,,,,,,,,,,,,
27/04/2020,2026-06.csv,,,,,,,,,,,,,,,,,,
07/03/2024,2026-06.csv,,,,,,,,,,,,,,,,,,
29/04/2020,2026-06.csv,,,,,,,,,,,,,,,,,,
18/10/2024,2026-06.csv,,,,,,,,,,,,,,,,,,
06/03/2024,2026-06.csv,,,,,,,,,,,,,,,,,,
21/10/2021,2026-06.csv,,,,,,,,,,,,,,,,,,
16/12/2024,2026-06.csv,,,,,,,,,,,,,,,,,,
13/03/2023,2026-06.csv,,,,,,,,,,,,,,,,,,
25/02/2022,2026-06.csv,,,,,,,,,,,,,,,,,,
30/03/2022,2026-06.csv,,,,,,,,,,,,,,,,,,
24/03/2022,2026-06.csv,,,,,,,,,,,,,,,,,,
12/08/2010,2026-06.csv,,,,,,,,,,,,,,,,,,
17/11/2021,2026-06.csv,,,,,,,,,,,,,,,,,,
01/12/2015,2026-06.csv,,,,,,,,,,,,,,,,,,
26/03/2021,2026-06.csv,,,,,,,,,,,,,,,,,,
20/03/2023,2026-06.csv,,,,,,,,,,,,,,,,,,
21/01/2021,2026-06.csv,,,,,,,,,,,,,,,,,,
25/01/2019,2026-06.csv,,,,,,,,,,,,,,,,,,
05/12/2022,2026-06.csv,,,,,,,,,,,,,,,,,,
09/03/2022,2026-06.csv,,,,,,,,,,,,,,,,,,
26/11/2021,2026-06.csv,,,,,,,,,,,,,,,,,,
21/03/2022,2026-06.csv,,,,,,,,,,,,,,,,,,
27/01/2025,2026-06.csv,,,,,,,,,,,,,,,,,,
11/08/2020,2026-06.csv,,,,,,,,,,,,,,,,,,
19/07/2021,2026-06.csv,,,,,,,,,,,,,,,,,,
22/01/2021,2026-06.csv,,,,,,,,,,,,,,,,,,
09/11/2022,2026-06.csv,,,,,,,,,,,,,,,,,,
06/03/2023,2026-06.csv,,,,,,,,,,,,,,,,,,
23/02/2022,2026-06.csv,,,,,,,,,,,,,,,,,,
22/01/2019,2026-06.csv,,,,,,,,,,,,,,,,,,
06/12/2018,2026-06.csv,,,,,,,,,,,,,,,,,,
02/11/2022,2026-06.csv,,,,,,,,,,,,,,,,,,
07/10/2022,2026-06.csv,,,,,,,,,,,,,,,,,,
03/02/2021,2026-06.csv,,,,,,,,,,,,,,,,,,
10/02/2021,2026-06.csv,,,,,,,,,,,,,,,,,,
28/01/2021,2026-06.csv,,,,,,,,,,,,,,,,,,
28/01/2021,2026-06.csv,,,,,,,,,,,,,,,,,,
11/02/2021,2026-06.csv,,,,,,,,,,,,,,,,,,
10/01/2022,2026-06.csv,,,,,,,,,,,,,,,,,,
18/10/2024,2026-06.csv,,,,,,,,,,,,,,,,,,
24/03/2018,2026-06.csv,,,,,,,,,,,,,,,,,,
27/02/2025,2026-06.csv,,,,,,,,,,,,,,,,,,
28/02/2022,2026-06.csv,,,,,,,,,,,,,,,,,,
27/12/2005,2026-06.csv,,,,,,,,,,,,,,,,,,
04/03/2020,2026-06.csv,,,,,,,,,,,,,,,,,,
02/08/2024,2026-06.csv,,,,,,,,,,,,,,,,,,
09/11/2022,2026-06.csv,,,,,,,,,,,,,,,,,,
11/03/2022,2026-06.csv,,,,,,,,,,,,,,,,,,
21/01/2021,2026-06.csv,,,,,,,,,,,,,,,,,,
08/02/2022,2026-06.csv,,,,,,,,,,,,,,,,,,
11/02/2022,2026-06.csv,,,,,,,,,,,,,,,,,,
14/02/2022,2026-06.csv,,,,,,,,,,,,,,,,,,
13/10/2016,2026-06.csv,,,,,,,,,,,,,,,,,,
24/03/2021,2026-06.csv,,,,,,,,,,,,,,,,,,
07/04/2022,2026-06.csv,,,,,,,,,,,,,,,,,,
23/08/2022,2026-06.csv,,,,,,,,,,,,,,,,,,
24/12/2021,2026-06.csv,,,,,,,,,,,,,,,,,,
04/03/2022,2026-06.csv,,,,,,,,,,,,,,,,,,
27/02/2018,2026-06.csv,,,,,,,,,,,,,,,,,,
13/07/2021,2026-06.csv,,,,,,,,,,,,,,,,,,
30/03/2022,2026-06.csv,,,,,,,,,,,,,,,,,,
31/03/2022,2026-06.csv,,,,,,,,,,,,,,,,,,
21/02/2023,2026-06.csv,,,,,,,,,,,,,,,,,,
03/12/2021,2026-06.csv,,,,,,,,,,,,,,,,,,
03/03/2023,2026-06.csv,,,,,,,,,,,,,,,,,,
27/03/2023,2026-06.csv,,,,,,,,,,,,,,,,,,
18/01/2024,2026-06.csv,,,,,,,,,,,,,,,,,,
01/02/2023,2026-06.csv,,,,,,,,,,,,,,,,,,
07/02/2023,2026-06.csv,,,,,,,,,,,,,,,,,,
09/02/2023,2026-06.csv,,,,,,,,,,,,,,,,,,
30/01/2023,2026-06.csv,,,,,,,,,,,,,,,,,,
25/05/2022,2026-06.csv,,,,,,,,,,,,,,,,,,
27/02/2023,2026-06.csv,,,,,,,,,,,,,,,,,,
18/10/2024,2026-06.csv,,,,,,,,,,,,,,,,,,
02/03/2021,2026-06.csv,,,,,,,,,,,,,,,,,,
01/12/2022,2026-06.csv,,,,,,,,,,,,,,,,,,
07/10/2021,2026-06.csv,,,,,,,,,,,,,,,,,,
27/02/2018,2026-06.csv,,,,,,,,,,,,,,,,,,
13/07/2021,2026-06.csv,,,,,,,,,,,,,,,,,,
18/10/2024,2026-06.csv,,,,,,,,,,,,,,,,,,
07/02/2024,2026-06.csv,,,,,,,,,,,,,,,,,,
29/03/2023,2026-06.csv,,,,,,,,,,,,,,,,,,
29/03/2023,2026-06.csv,,,,,,,,,,,,,,,,,,
06/12/2017,2026-06.csv,,,,,,,,,,,,,,,,,,
18/01/2018,2026-06.csv,,,,,,,,,,,,,,,,,,
27/12/2009,2026-06.csv,,,,,,,,,,,,,,,,,,
27/03/2023,2026-06.csv,,,,,,,,,,,,,,,,,,
21/02/2023,2026-06.csv,,,,,,,,,,,,,,,,,,
15/02/2023,2026-06.csv,,,,,,,,,,,,,,,,,,
21/02/2023,2026-06.csv,,,,,,,,,,,,,,,,,,
24/02/2023,2026-06.csv,,,,,,,,,,,,,,,,,,
18/02/2023,2026-06.csv,,,,,,,,,,,,,,,,,,
24/02/2023,2026-06.csv,,,,,,,,,,,,,,,,,,
18/02/2023,2026-06.csv,,,,,,,,,,,,,,,,,,
18/03/2021,2026-06.csv,,,,,,,,,,,,,,,,,,
11/03/2021,2026-06.csv,,,,,,,,,,,,,,,,,,
30/05/2022,2026-06.csv,,,,,,,,,,,,,,,,,,
23/06/2022,2026-06.csv,,,,,,,,,,,,,,,,,,
03/01/2023,2026-06.csv,,,,,,,,,,,,,,,,,,
18/02/2022,2026-06.csv,,,,,,,,,,,,,,,,,,
03/01/2023,2026-06.csv,,,,,,,,,,,,,,,,,,
18/02/2023,2026-06.csv,,,,,,,,,,,,,,,,,,
22/06/2022,2026-06.csv,,,,,,,,,,,,,,,,,,
03/01/2023,2026-06.csv,,,,,,,,,,,,,,,,,,
12/12/2022,2026-06.csv,,,,,,,,,,,,,,,,,,
15/02/2023,2026-06.csv,,,,,,,,,,,,,,,,,,
27/01/2022,2026-06.csv,,,,,,,,,,,,,,,,,,
18/03/2021,2026-06.csv,,,,,,,,,,,,,,,,,,
04/02/2022,2026-06.csv,,,,,,,,,,,,,,,,,,
27/09/2022,2026-06.csv,,,,,,,,,,,,,,,,,,
24/06/2021,2026-06.csv,,,,,,,,,,,,,,,,,,
05/07/2021,2026-06.csv,,,,,,,,,,,,,,,,,,
26/11/2020,2026-06.csv,,,,,,,,,,,,,,,,,,
27/09/2022,2026-06.csv,,,,,,,,,,,,,,,,,,
10/02/2021,2026-06.csv,,,,,,,,,,,,,,,,,,
30/03/2021,2026-06.csv,,,,,,,,,,,,,,,,,,
31/03/2021,2026-06.csv,,,,,,,,,,,,,,,,,,
30/03/2021,2026-06.csv,,,,,,,,,,,,,,,,,,
27/09/2022,2026-06.csv,,,,,,,,,,,,,,,,,,
31/12/2024,2026-06.csv,,,,,,,,,,,,,,,,,,
29/12/2021,2026-06.csv,,,,,,,,,,,,,,,,,,
24/03/2023,2026-06.csv,,,,,,,,,,,,,,,,,,
19/09/2023,2026-06.csv,,,,,,,,,,,,,,,,,,
20/01/2022,2026-06.csv,,,,,,,,,,,,,,,,,,
20/12/2021,2026-06.csv,,,,,,,,,,,,,,,,,,
26/08/2021,2026-06.csv,,,,,,,,,,,,,,,,,,
03/09/2021,2026-06.csv,,,,,,,,,,,,,,,,,,
29/03/2023,2026-06.csv,,,,,,,,,,,,,,,,,,
29/03/2023,2026-06.csv,,,,,,,,,,,,,,,,,,
29/03/2023,2026-06.csv,,,,,,,,,,,,,,,,,,
24/03/2023,2026-06.csv,,,,,,,,,,,,,,,,,,
27/03/2023,2026-06.csv,,,,,,,,,,,,,,,,,,
24/03/2023,2026-06.csv,,,,,,,,,,,,,,,,,,
24/03/2023,2026-06.csv,,,,,,,,,,,,,,,,,,
24/03/2023,2026-06.csv,,,,,,,,,,,,,,,,,,
09/02/2021,2026-06.csv,,,,,,,,,,,,,,,,,,
25/02/2021,2026-06.csv,,,,,,,,,,,,,,,,,,
25/02/2021,2026-06.csv,,,,,,,,,,,,,,,,,,
11/03/2020,2026-06.csv,,,,,,,,,,,,,,,,,,
08/06/2021,2026-06.csv,,,,,,,,,,,,,,,,,,
31/03/2022,2026-06.csv,,,,,,,,,,,,,,,,,,
19/01/2018,2026-06.csv,,,,,,,,,,,,,,,,,,
10/02/2021,2026-06.csv,,,,,,,,,,,,,,,,,,
14/10/2020,2026-06.csv,,,,,,,,,,,,,,,,,,
25/03/2021,2026-06.csv,,,,,,,,,,,,,,,,,,
02/06/2020,2026-06.csv,,,,,,,,,,,,,,,,,,
27/12/2021,2026-06.csv,,,,,,,,,,,,,,,,,,
28/02/2024,2026-06.csv,,,,,,,,,,,,,,,,,,
31/10/2018,2026-06.csv,,,,,,,,,,,,,,,,,,
11/02/2021,2026-06.csv,,,,,,,,,,,,,,,,,,
19/05/2020,2026-06.csv,,,,,,,,,,,,,,,,,,
22/12/2021,2026-06.csv,,,,,,,,,,,,,,,,,,
22/12/2021,2026-06.csv,,,,,,,,,,,,,,,,,,
09/11/2021,2026-06.csv,,,,,,,,,,,,,,,,,,
10/02/2021,2026-06.csv,,,,,,,,,,,,,,,,,,
16/03/2022,2026-06.csv,,,,,,,,,,,,,,,,,,
24/02/2022,2026-06.csv,,,,,,,,,,,,,,,,,,
04/03/2022,2026-06.csv,,,,,,,,,,,,,,,,,,
10/08/2022,2026-06.csv,,,,,,,,,,,,,,,,,,
19/06/2020,2026-06.csv,,,,,,,,,,,,,,,,,,
10/02/2021,2026-06.csv,,,,,,,,,,,,,,,,,,
28/01/2021,2026-06.csv,,,,,,,,,,,,,,,,,,
03/08/2020,2026-06.csv,,,,,,,,,,,,,,,,,,
24/06/2021,2026-06.csv,,,,,,,,,,,,,,,,,,
10/02/2021,2026-06.csv,,,,,,,,,,,,,,,,,,
31/03/2021,2026-06.csv,,,,,,,,,,,,,,,,,,
28/04/2022,2026-06.csv,,,,,,,,,,,,,,,,,,
17/01/2023,2026-06.csv,,,,,,,,,,,,,,,,,,
18/01/2018,2026-06.csv,,,,,,,,,,,,,,,,,,
07/03/2024,2026-06.csv,,,,,,,,,,,,,,,,,,
11/03/2024,2026-06.csv,,,,,,,,,,,,,,,,,,
03/08/2022,2026-06.csv,,,,,,,,,,,,,,,,,,
04/08/2022,2026-06.csv,,,,,,,,,,,,,,,,,,
08/11/2024,2026-06.csv,,,,,,,,,,,,,,,,,,
05/05/2020,2026-06.csv,,,,,,,,,,,,,,,,,,
05/05/2020,2026-06.csv,,,,,,,,,,,,,,,,,,
28/03/2023,2026-06.csv,,,,,,,,,,,,,,,,,,
01/03/2018,2026-06.csv,,,,,,,,,,,,,,,,,,
11/02/2021,2026-06.csv,,,,,,,,,,,,,,,,,,
31/12/2020,2026-06.csv,,,,,,,,,,,,,,,,,,
19/03/2025,2026-06.csv,,,,,,,,,,,,,,,,,,
31/03/2016,2026-06.csv,,,,,,,,,,,,,,,,,,
18/08/2022,2026-06.csv,,,,,,,,,,,,,,,,,,
01/12/2015,2026-06.csv,,,,,,,,,,,,,,,,,,
09/09/2020,2026-06.csv,,,,,,,,,,,,,,,,,,
09/09/2020,2026-06.csv,,,,,,,,,,,,,,,,,,
27/12/2019,2026-06.csv,,,,,,,,,,,,,,,,,,
10/11/2021,2026-06.csv,,,,,,,,,,,,,,,,,,
06/03/2026,2026-06.csv,,,,,,,,,,,,,,,,,,
17/01/2022,2026-06.csv,,,,,,,,,,,,,,,,,,
03/03/2022,2026-06.csv,,,,,,,,,,,,,,,,,,
13/12/2022,2026-06.csv,,,,,,,,,,,,,,,,,,
26/09/2023,2026-06.csv,,,,,,,,,,,,,,,,,,
30/03/2020,2026-06.csv,,,,,,,,,,,,,,,,,,
10/12/2019,2026-06.csv,,,,,,,,,,,,,,,,,,
01/01/2021,2026-06.csv,,,,,,,,,,,,,,,,,,
23/03/2025,2026-06.csv,,,,,,,,,,,,,,,,,,
27/03/2018,2026-06.csv,,,,,,,,,,,,,,,,,,
10/01/2025,2026-06.csv,,,,,,,,,,,,,,,,,,
21/03/2025,2026-06.csv,,,,,,,,,,,,,,,,,,
07/06/2024,2026-06.csv,,,,,,,,,,,,,,,,,,
27/04/2020,2026-06.csv,,,,,,,,,,,,,,,,,,
15/06/2020,2026-06.csv,,,,,,,,,,,,,,,,,,
08/10/2025,2026-06.csv,,,,,,,,,,,,,,,,,,
22/01/2025,2026-06.csv,,,,,,,,,,,,,,,,,,
07/06/2024,2026-06.csv,,,,,,,,,,,,,,,,,,
06/10/2022,2026-06.csv,,,,,,,,,,,,,,,,,,
16/08/2023,2026-06.csv,,,,,,,,,,,,,,,,,,
14/11/2023,2026-06.csv,,,,,,,,,,,,,,,,,,
08/03/2022,2026-06.csv,,,,,,,,,,,,,,,,,,
16/06/2025,2026-06.csv,,,,,,,,,,,,,,,,,,
04/12/2020,2026-06.csv,,,,,,,,,,,,,,,,,,
19/02/2021,2026-06.csv,,,,,,,,,,,,,,,,,,
23/11/2020,2026-06.csv,,,,,,,,,,,,,,,,,,
21/10/2020,2026-06.csv,,,,,,,,,,,,,,,,,,
08/01/2021,2026-06.csv,,,,,,,,,,,,,,,,,,
08/12/2020,2026-06.csv,,,,,,,,,,,,,,,,,,
16/03/2022,2026-06.csv,,,,,,,,,,,,,,,,,,
13/02/2018,2026-06.csv,,,,,,,,,,,,,,,,,,
14/02/2022,2026-06.csv,,,,,,,,,,,,,,,,,,
27/02/2017,2026-06.csv,,,,,,,,,,,,,,,,,,
17/08/2010,2026-06.csv,,,,,,,,,,,,,,,,,,
02/12/2020,2026-06.csv,,,,,,,,,,,,,,,,,,
27/03/2018,2026-06.csv,,,,,,,,,,,,,,,,,,
04/03/2018,2026-06.csv,,,,,,,,,,,,,,,,,,
08/01/2024,2026-06.csv,,,,,,,,,,,,,,,,,,
03/02/2022,2026-06.csv,,,,,,,,,,,,,,,,,,
27/11/2014,2026-06.csv,,,,,,,,,,,,,,,,,,
25/02/2021,2026-06.csv,,,,,,,,,,,,,,,,,,
21/03/2025,2026-06.csv,,,,,,,,,,,,,,,,,,
03/02/2021,2026-06.csv,,,,,,,,,,,,,,,,,,
09/08/2018,2026-06.csv,,,,,,,,,,,,,,,,,,
07/04/2016,2026-06.csv,,,,,,,,,,,,,,,,,,
30/03/2025,2026-06.csv,,,,,,,,,,,,,,,,,,
09/12/2025,2026-06.csv,,,,,,,,,,,,,,,,,,
18/10/2009,2026-06.csv,,,,,,,,,,,,,,,,,,
05/07/2010,2026-06.csv,,,,,,,,,,,,,,,,,,
15/03/2022,2026-06.csv,,,,,,,,,,,,,,,,,,
09/07/2020,2026-06.csv,,,,,,,,,,,,,,,,,,
07/10/2020,2026-06.csv,,,,,,,,,,,,,,,,,,
25/06/2020,2026-06.csv,,,,,,,,,,,,,,,,,,
29/06/2020,2026-06.csv,,,,,,,,,,,,,,,,,,
30/03/2021,2026-06.csv,,,,,,,,,,,,,,,,,,
30/03/2021,2026-06.csv,,,,,,,,,,,,,,,,,,
20/03/2017,2026-06.csv,,,,,,,,,,,,,,,,,,
17/03/2020,2026-06.csv,,,,,,,,,,,,,,,,,,
07/12/2023,2026-06.csv,,,,,,,,,,,,,,,,,,
07/12/2023,2026-06.csv,,,,,,,,,,,,,,,,,,
07/12/2023,2026-06.csv,,,,,,,,,,,,,,,,,,
28/02/2023,2026-06.csv,,,,,,,,,,,,,,,,,,
30/03/2021,2026-06.csv,,,,,,,,,,,,,,,,,,
09/09/2021,2026-06.csv,,,,,,,,,,,,,,,,,,
13/09/2021,2026-06.csv,,,,,,,,,,,,,,,,,,
28/03/2023,2026-06.csv,,,,,,,,,,,,,,,,,,
29/03/2025,2026-06.csv,,,,,,,,,,,,,,,,,,
31/03/2022,2026-06.csv,,,,,,,,,,,,,,,,,,
07/12/2021,2026-06.csv,,,,,,,,,,,,,,,,,,
12/01/2023,2026-06.csv,,,,,,,,,,,,,,,,,,
26/02/2018,2026-06.csv,,,,,,,,,,,,,,,,,,
16/03/2023,2026-06.csv,,,,,,,,,,,,,,,,,,
22/03/2023,2026-06.csv,,,,,,,,,,,,,,,,,,
11/02/2021,2026-06.csv,,,,,,,,,,,,,,,,,,
27/03/2023,2026-06.csv,,,,,,,,,,,,,,,,,,
28/02/2023,2026-06.csv,,,,,,,,,,,,,,,,,,
01/03/2019,2026-06.csv,,,,,,,,,,,,,,,,,,
11/03/2020,2026-06.csv,,,,,,,,,,,,,,,,,,
22/03/2018,2026-06.csv,,,,,,,,,,,,,,,,,,
22/03/2018,2026-06.csv,,,,,,,,,,,,,,,,,,
31/03/2021,2026-06.csv,,,,,,,,,,,,,,,,,,
31/07/2020,2026-06.csv,,,,,,,,,,,,,,,,,,
07/07/2020,2026-06.csv,,,,,,,,,,,,,,,,,,
31/07/2020,2026-06.csv,,,,,,,,,,,,,,,,,,
07/07/2020,2026-06.csv,,,,,,,,,,,,,,,,,,
07/03/2023,2026-06.csv,,,,,,,,,,,,,,,,,,
13/03/2023,2026-06.csv,,,,,,,,,,,,,,,,,,
28/06/2021,2026-06.csv,,,,,,,,,,,,,,,,,,
30/03/2021,2026-06.csv,,,,,,,,,,,,,,,,,,
07/03/2023,2026-06.csv,,,,,,,,,,,,,,,,,,
09/09/2021,2026-06.csv,,,,,,,,,,,,,,,,,,
07/09/2021,2026-06.csv,,,,,,,,,,,,,,,,,,
19/08/2020,2026-06.csv,,,,,,,,,,,,,,,,,,
07/10/2020,2026-06.csv,,,,,,,,,,,,,,,,,,
18/01/2021,2026-06.csv,,,,,,,,,,,,,,,,,,
01/02/2023,2026-06.csv,,,,,,,,,,,,,,,,,,
07/12/2023,2026-06.csv,,,,,,,,,,,,,,,,,,
29/10/2024,2026-06.csv,,,,,,,,,,,,,,,,,,
15/03/2024,2026-06.csv,,,,,,,,,,,,,,,,,,
07/03/2024,2026-06.csv,,,,,,,,,,,,,,,,,,
11/03/2023,2026-06.csv,,,,,,,,,,,,,,,,,,
30/12/2021,2026-06.csv,,,,,,,,,,,,,,,,,,
29/06/2022,2026-06.csv,,,,,,,,,,,,,,,,,,
22/03/2023,2026-06.csv,,,,,,,,,,,,,,,,,,
27/03/2025,2026-06.csv,,,,,,,,,,,,,,,,,,
22/03/2018,2026-06.csv,,,,,,,,,,,,,,,,,,
28/02/2023,2026-06.csv,,,,,,,,,,,,,,,,,,
06/05/2019,2026-06.csv,,,,,,,,,,,,,,,,,,
17/06/2022,2026-06.csv,,,,,,,,,,,,,,,,,,
08/05/2018,2026-06.csv,,,,,,,,,,,,,,,,,,
06/01/2022,2026-06.csv,,,,,,,,,,,,,,,,,,
08/01/2022,2026-06.csv,,,,,,,,,,,,,,,,,,
16/03/2023,2026-06.csv,,,,,,,,,,,,,,,,,,
22/03/2023,2026-06.csv,,,,,,,,,,,,,,,,,,
12/02/2024,2026-06.csv,,,,,,,,,,,,,,,,,,
12/02/2024,2026-06.csv,,,,,,,,,,,,,,,,,,
18/12/2024,2026-06.csv,,,,,,,,,,,,,,,,,,
06/09/2021,2026-06.csv,,,,,,,,,,,,,,,,,,
18/01/2024,2026-06.csv,,,,,,,,,,,,,,,,,,
02/02/2026,2026-06.csv,,,,,,,,,,,,,,,,,,
16/07/2024,2026-06.csv,,,,,,,,,,,,,,,,,,
15/03/2024,2026-06.csv,,,,,,,,,,,,,,,,,,
28/02/2024,2026-06.csv,,,,,,,,,,,,,,,,,,
08/03/2024,2026-06.csv,,,,,,,,,,,,,,,,,,
11/07/2018,2026-06.csv,,,,,,,,,,,,,,,,,,
05/01/2024,2026-06.csv,,,,,,,,,,,,,,,,,,
11/03/2024,2026-06.csv,,,,,,,,,,,,,,,,,,
27/01/2025,2026-06.csv,,,,,,,,,,,,,,,,,,
16/01/2025,2026-06.csv,,,,,,,,,,,,,,,,,,
05/03/2026,2026-06.csv,,,,,,,,,,,,,,,,,,
12/02/2019,2026-06.csv,,,,,,,,,,,,,,,,,,
20/09/2018,2026-06.csv,,,,,,,,,,,,,,,,,,
15/03/2024,2026-06.csv,,,,,,,,,,,,,,,,,,
16/11/2023,2026-06.csv,,,,,,,,,,,,,,,,,,
06/03/2024,2026-06.csv,,,,,,,,,,,,,,,,,,
29/05/2024,2026-06.csv,,,,,,,,,,,,,,,,,,
22/03/2018,2026-06.csv,,,,,,,,,,,,,,,,,,
22/03/2018,2026-06.csv,,,,,,,,,,,,,,,,,,
12/12/2022,2026-06.csv,,,,,,,,,,,,,,,,,,
29/07/2013,2026-06.csv,,,,,,,,,,,,,,,,,,
27/03/2023,2026-06.csv,,,,,,,,,,,,,,,,,,
18/01/2021,2026-06.csv,,,,,,,,,,,,,,,,,,
15/02/2017,2026-06.csv,,,,,,,,,,,,,,,,,,
12/01/2016,2026-06.csv,,,,,,,,,,,,,,,,,,
04/01/2016,2026-06.csv,,,,,,,,,,,,,,,,,,
04/01/2016,2026-06.csv,,,,,,,,,,,,,,,,,,
31/10/2014,2026-06.csv,,,,,,,,,,,,,,,,,,
31/10/2014,2026-06.csv,,,,,,,,,,,,,,,,,,
10/01/2024,2026-06.csv,,,,,,,,,,,,,,,,,,
10/01/2024,2026-06.csv,,,,,,,,,,,,,,,,,,
10/01/2024,2026-06.csv,,,,,,,,,,,,,,,,,,
10/01/2024,2026-06.csv,,,,,,,,,,,,,,,,,,
31/03/2015,2026-06.csv,,,,,,,,,,,,,,,,,,
13/12/2022,2026-06.csv,,,,,,,,,,,,,,,,,,
08/12/2022,2026-06.csv,,,,,,,,,,,,,,,,,,
17/02/2022,2026-06.csv,,,,,,,,,,,,,,,,,,
17/03/2023,2026-06.csv,,,,,,,,,,,,,,,,,,
08/02/2023,2026-06.csv,,,,,,,,,,,,,,,,,,
31/03/2021,2026-06.csv,,,,,,,,,,,,,,,,,,
22/02/2022,2026-06.csv,,,,,,,,,,,,,,,,,,
09/02/2022,2026-06.csv,,,,,,,,,,,,,,,,,,
21/03/2022,2026-06.csv,,,,,,,,,,,,,,,,,,
27/11/2024,2026-06.csv,,,,,,,,,,,,,,,,,,
20/02/2025,2026-06.csv,,,,,,,,,,,,,,,,,,
24/03/2023,2026-06.csv,,,,,,,,,,,,,,,,,,
27/03/2023,2026-06.csv,,,,,,,,,,,,,,,,,,
13/03/2023,2026-06.csv,,,,,,,,,,,,,,,,,,
29/03/2023,2026-06.csv,,,,,,,,,,,,,,,,,,
30/03/2026,2026-06.csv,,,,,,,,,,,,,,,,,,
31/08/2020,2026-06.csv,,,,,,,,,,,,,,,,,,
07/03/2025,2026-06.csv,,,,,,,,,,,,,,,,,,
10/08/2022,2026-06.csv,,,,,,,,,,,,,,,,,,
29/01/2024,2026-06.csv,,,,,,,,,,,,,,,,,,
26/03/2025,2026-06.csv,,,,,,,,,,,,,,,,,,
07/10/2022,2026-06.csv,,,,,,,,,,,,,,,,,,
14/10/2022,2026-06.csv,,,,,,,,,,,,,,,,,,
05/10/2022,2026-06.csv,,,,,,,,,,,,,,,,,,
12/10/2022,2026-06.csv,,,,,,,,,,,,,,,,,,
30/03/2022,2026-06.csv,,,,,,,,,,,,,,,,,,
13/01/2026,2026-06.csv,,,,,,,,,,,,,,,,,,
15/11/2021,2026-06.csv,,,,,,,,,,,,,,,,,,
27/03/2023,2026-06.csv,,,,,,,,,,,,,,,,,,
14/02/2023,2026-06.csv,,,,,,,,,,,,,,,,,,
22/09/2022,2026-06.csv,,,,,,,,,,,,,,,,,,
07/07/2022,2026-06.csv,,,,,,,,,,,,,,,,,,
18/01/2018,2026-06.csv,,,,,,,,,,,,,,,,,,
15/01/2024,2026-06.csv,,,,,,,,,,,,,,,,,,
27/02/2024,2026-06.csv,,,,,,,,,,,,,,,,,,
27/02/2024,2026-06.csv,,,,,,,,,,,,,,,,,,
27/02/2024,2026-06.csv,,,,,,,,,,,,,,,,,,
26/09/2021,2026-06.csv,,,,,,,,,,,,,,,,,,
04/03/2022,2026-06.csv,,,,,,,,,,,,,,,,,,
24/03/2023,2026-06.csv,,,,,,,,,,,,,,,,,,
30/03/2021,2026-06.csv,,,,,,,,,,,,,,,,,,
15/07/2022,2026-06.csv,,,,,,,,,,,,,,,,,,
07/12/2023,2026-06.csv,,,,,,,,,,,,,,,,,,
06/03/2019,2026-06.csv,,,,,,,,,,,,,,,,,,
14/02/2024,2026-06.csv,,,,,,,,,,,,,,,,,,
30/03/2022,2026-06.csv,,,,,,,,,,,,,,,,,,
01/03/2023,2026-06.csv,,,,,,,,,,,,,,,,,,
23/06/2023,2026-06.csv,,,,,,,,,,,,,,,,,,
08/02/2023,2026-06.csv,,,,,,,,,,,,,,,,,,
23/02/2024,2026-06.csv,,,,,,,,,,,,,,,,,,
09/09/2021,2026-06.csv,,,,,,,,,,,,,,,,,,
15/03/2024,2026-06.csv,,,,,,,,,,,,,,,,,,
17/07/2020,2026-06.csv,,,,,,,,,,,,,,,,,,
15/03/2023,2026-06.csv,,,,,,,,,,,,,,,,,,
15/03/2023,2026-06.csv,,,,,,,,,,,,,,,,,,
15/03/2023,2026-06.csv,,,,,,,,,,,,,,,,,,
15/03/2023,2026-06.csv,,,,,,,,,,,,,,,,,,
29/03/2022,2026-06.csv,,,,,,,,,,,,,,,,,,
12/08/2016,2026-06.csv,,,,,,,,,,,,,,,,,,
20/07/2021,2026-06.csv,,,,,,,,,,,,,,,,,,
29/03/2023,2026-06.csv,,,,,,,,,,,,,,,,,,
10/10/2022,2026-06.csv,,,,,,,,,,,,,,,,,,
31/03/2022,2026-06.csv,,,,,,,,,,,,,,,,,,
31/03/2022,2026-06.csv,,,,,,,,,,,,,,,,,,
09/11/2021,2026-06.csv,,,,,,,,,,,,,,,,,,
15/03/2024,2026-06.csv,,,,,,,,,,,,,,,,,,
02/08/2024,2026-06.csv,,,,,,,,,,,,,,,,,,
06/09/2023,2026-06.csv,,,,,,,,,,,,,,,,,,
10/02/2023,2026-06.csv,,,,,,,,,,,,,,,,,,
01/01/2023,2026-06.csv,,,,,,,,,,,,,,,,,,
02/08/2024,2026-06.csv,,,,,,,,,,,,,,,,,,
04/03/2016,2026-06.csv,,,,,,,,,,,,,,,,,,
16/02/2021,2026-06.csv,,,,,,,,,,,,,,,,,,
27/03/2022,2026-06.csv,,,,,,,,,,,,,,,,,,
10/10/2022,2026-06.csv,,,,,,,,,,,,,,,,,,
11/03/2024,2026-06.csv,,,,,,,,,,,,,,,,,,
27/03/2018,2026-06.csv,,,,,,,,,,,,,,,,,,
25/04/2023,2026-06.csv,,,,,,,,,,,,,,,,,,
27/01/2025,2026-06.csv,,,,,,,,,,,,,,,,,,
27/01/2025,2026-06.csv,,,,,,,,,,,,,,,,,,
23/02/2021,2026-06.csv,,,,,,,,,,,,,,,,,,
30/11/2022,2026-06.csv,,,,,,,,,,,,,,,,,,
24/02/2025,2026-06.csv,,,,,,,,,,,,,,,,,,
03/05/2023,2026-06.csv,,,,,,,,,,,,,,,,,,
28/11/2022,2026-06.csv,,,,,,,,,,,,,,,,,,
10/01/2024,2026-06.csv,,,,,,,,,,,,,,,,,,
22/03/2023,2026-06.csv,,,,,,,,,,,,,,,,,,
22/12/2021,2026-06.csv,,,,,,,,,,,,,,,,,,
18/10/2021,2026-06.csv,,,,,,,,,,,,,,,,,,
24/03/2022,2026-06.csv,,,,,,,,,,,,,,,,,,
30/03/2025,2026-06.csv,,,,,,,,,,,,,,,,,,
13/02/2025,2026-06.csv,,,,,,,,,,,,,,,,,,
03/02/2025,2026-06.csv,,,,,,,,,,,,,,,,,,
06/03/2023,2026-06.csv,,,,,,,,,,,,,,,,,,
27/03/2023,2026-06.csv,,,,,,,,,,,,,,,,,,
28/02/2024,2026-06.csv,,,,,,,,,,,,,,,,,,
09/03/2018,2026-06.csv,,,,,,,,,,,,,,,,,,
22/03/2018,2026-06.csv,,,,,,,,,,,,,,,,,,
31/03/2021,2026-06.csv,,,,,,,,,,,,,,,,,,
16/06/2022,2026-06.csv,,,,,,,,,,,,,,,,,,
25/10/2017,2026-06.csv,,,,,,,,,,,,,,,,,,
25/10/2017,2026-06.csv,,,,,,,,,,,,,,,,,,
12/01/2017,2026-06.csv,,,,,,,,,,,,,,,,,,
27/03/2018,2026-06.csv,,,,,,,,,,,,,,,,,,
20/12/2022,2026-06.csv,,,,,,,,,,,,,,,,,,
07/12/2020,2026-06.csv,,,,,,,,,,,,,,,,,,
23/12/2020,2026-06.csv,,,,,,,,,,,,,,,,,,
23/12/2020,2026-06.csv,,,,,,,,,,,,,,,,,,
28/01/2021,2026-06.csv,,,,,,,,,,,,,,,,,,
23/12/2020,2026-06.csv,,,,,,,,,,,,,,,,,,
23/12/2020,2026-06.csv,,,,,,,,,,,,,,,,,,
04/03/2021,2026-06.csv,,,,,,,,,,,,,,,,,,
04/03/2021,2026-06.csv,,,,,,,,,,,,,,,,,,
13/12/2021,2026-06.csv,,,,,,,,,,,,,,,,,,
04/03/2021,2026-06.csv,,,,,,,,,,,,,,,,,,
29/10/2021,2026-06.csv,,,,,,,,,,,,,,,,,,
07/10/2021,2026-06.csv,,,,,,,,,,,,,,,,,,
03/09/2021,2026-06.csv,,,,,,,,,,,,,,,,,,
25/11/2019,2026-06.csv,,,,,,,,,,,,,,,,,,
03/07/2020,2026-06.csv,,,,,,,,,,,,,,,,,,
08/09/2020,2026-06.csv,,,,,,,,,,,,,,,,,,
08/09/2020,2026-06.csv,,,,,,,,,,,,,,,,,,
08/09/2020,2026-06.csv,,,,,,,,,,,,,,,,,,
25/11/2019,2026-06.csv,,,,,,,,,,,,,,,,,,
01/10/2019,2026-06.csv,,,,,,,,,,,,,,,,,,
01/10/2019,2026-06.csv,,,,,,,,,,,,,,,,,,
05/09/2022,2026-06.csv,,,,,,,,,,,,,,,,,,
22/11/2024,2026-06.csv,,,,,,,,,,,,,,,,,,
31/03/2021,2026-06.csv,,,,,,,,,,,,,,,,,,
21/03/2022,2026-06.csv,,,,,,,,,,,,,,,,,,
22/11/2021,2026-06.csv,,,,,,,,,,,,,,,,,,
20/12/2021,2026-06.csv,,,,,,,,,,,,,,,,,,
03/07/2020,2026-06.csv,,,,,,,,,,,,,,,,,,
03/02/2020,2026-06.csv,,,,,,,,,,,,,,,,,,
29/03/2023,2026-06.csv,,,,,,,,,,,,,,,,,,
05/03/2024,2026-06.csv,,,,,,,,,,,,,,,,,,
16/03/2022,2026-06.csv,,,,,,,,,,,,,,,,,,
12/03/2024,2026-06.csv,,,,,,,,,,,,,,,,,,
03/01/2020,2026-06.csv,,,,,,,,,,,,,,,,,,
15/01/2021,2026-06.csv,,,,,,,,,,,,,,,,,,
23/11/2021,2026-06.csv,,,,,,,,,,,,,,,,,,
08/09/2020,2026-06.csv,,,,,,,,,,,,,,,,,,
29/06/2022,2026-06.csv,,,,,,,,,,,,,,,,,,
29/06/2022,2026-06.csv,,,,,,,,,,,,,,,,,,
15/03/2018,2026-06.csv,,,,,,,,,,,,,,,,,,
18/01/2018,2026-06.csv,,,,,,,,,,,,,,,,,,
03/02/2020,2026-06.csv,,,,,,,,,,,,,,,,,,
11/01/2022,2026-06.csv,,,,,,,,,,,,,,,,,,
09/12/2024,2026-06.csv,,,,,,,,,,,,,,,,,,
14/12/2023,2026-06.csv,,,,,,,,,,,,,,,,,,
04/06/2024,2026-06.csv,,,,,,,,,,,,,,,,,,
22/09/2016,2026-06.csv,,,,,,,,,,,,,,,,,,
13/03/2018,2026-06.csv,,,,,,,,,,,,,,,,,,
17/02/2016,2026-06.csv,,,,,,,,,,,,,,,,,,
03/02/2023,2026-06.csv,,,,,,,,,,,,,,,,,,
21/01/2014,2026-06.csv,,,,,,,,,,,,,,,,,,
31/07/2012,2026-06.csv,,,,,,,,,,,,,,,,,,
25/01/2019,2026-06.csv,,,,,,,,,,,,,,,,,,
15/10/2024,2026-06.csv,,,,,,,,,,,,,,,,,,
29/01/2025,2026-06.csv,,,,,,,,,,,,,,,,,,
08/11/2024,2026-06.csv,,,,,,,,,,,,,,,,,,
16/03/2022,2026-06.csv,,,,,,,,,,,,,,,,,,
24/01/2017,2026-06.csv,,,,,,,,,,,,,,,,,,
02/08/2024,2026-06.csv,,,,,,,,,,,,,,,,,,
29/09/2020,2026-06.csv,,,,,,,,,,,,,,,,,,
29/12/2015,2026-06.csv,,,,,,,,,,,,,,,,,,
07/10/2021,2026-06.csv,,,,,,,,,,,,,,,,,,
07/10/2021,2026-06.csv,,,,,,,,,,,,,,,,,,
19/09/2022,2026-06.csv,,,,,,,,,,,,,,,,,,
02/02/2023,2026-06.csv,,,,,,,,,,,,,,,,,,
21/12/2023,2026-06.csv,,,,,,,,,,,,,,,,,,
06/03/2025,2026-06.csv,,,,,,,,,,,,,,,,,,
09/03/2023,2026-06.csv,,,,,,,,,,,,,,,,,,
18/09/2022,2026-06.csv,,,,,,,,,,,,,,,,,,
17/09/2021,2026-06.csv,,,,,,,,,,,,,,,,,,
18/09/2022,2026-06.csv,,,,,,,,,,,,,,,,,,
31/03/2022,2026-06.csv,,,,,,,,,,,,,,,,,,
31/03/2022,2026-06.csv,,,,,,,,,,,,,,,,,,
17/03/2023,2026-06.csv,,,,,,,,,,,,,,,,,,
23/05/2023,2026-06.csv,,,,,,,,,,,,,,,,,,
08/01/2022,2026-06.csv,,,,,,,,,,,,,,,,,,
08/01/2022,2026-06.csv,,,,,,,,,,,,,,,,,,
08/08/2021,2026-06.csv,,,,,,,,,,,,,,,,,,
31/03/2023,2026-06.csv,,,,,,,,,,,,,,,,,,
09/01/2024,2026-06.csv,,,,,,,,,,,,,,,,,,
09/01/2024,2026-06.csv,,,,,,,,,,,,,,,,,,
09/01/2024,2026-06.csv,,,,,,,,,,,,,,,,,,
09/01/2024,2026-06.csv,,,,,,,,,,,,,,,,,,
08/12/2023,2026-06.csv,,,,,,,,,,,,,,,,,,
20/01/2023,2026-06.csv,,,,,,,,,,,,,,,,,,
11/02/2021,2026-06.csv,,,,,,,,,,,,,,,,,,
11/02/2021,2026-06.csv,,,,,,,,,,,,,,,,,,
04/03/2022,2026-06.csv,,,,,,,,,,,,,,,,,,
04/03/2022,2026-06.csv,,,,,,,,,,,,,,,,,,
27/02/2024,2026-06.csv,,,,,,,,,,,,,,,,,,
24/01/2022,2026-06.csv,,,,,,,,,,,,,,,,,,
09/02/2022,2026-06.csv,,,,,,,,,,,,,,,,,,
19/05/2022,2026-06.csv,,,,,,,,,,,,,,,,,,
08/03/2021,2026-06.csv,,,,,,,,,,,,,,,,,,
14/06/2021,2026-06.csv,,,,,,,,,,,,,,,,,,
03/03/2021,2026-06.csv,,,,,,,,,,,,,,,,,,
01/09/2020,2026-06.csv,,,,,,,,,,,,,,,,,,
01/09/2020,2026-06.csv,,,,,,,,,,,,,,,,,,
22/03/2023,2026-06.csv,,,,,,,,,,,,,,,,,,
13/07/2020,2026-06.csv,,,,,,,,,,,,,,,,,,
13/07/2020,2026-06.csv,,,,,,,,,,,,,,,,,,
13/07/2020,2026-06.csv,,,,,,,,,,,,,,,,,,
13/07/2020,2026-06.csv,,,,,,,,,,,,,,,,,,
07/03/2024,2026-06.csv,,,,,,,,,,,,,,,,,,
11/03/2022,2026-06.csv,,,,,,,,,,,,,,,,,,
31/01/2022,2026-06.csv,,,,,,,,,,,,,,,,,,
04/01/2023,2026-06.csv,,,,,,,,,,,,,,,,,,
31/08/2017,2026-06.csv,,,,,,,,,,,,,,,,,,
31/03/2022,2026-06.csv,,,,,,,,,,,,,,,,,,
14/03/2018,2026-06.csv,,,,,,,,,,,,,,,,,,
06/12/2021,2026-06.csv,,,,,,,,,,,,,,,,,,
17/02/2016,2026-06.csv,,,,,,,,,,,,,,,,,,
27/02/2018,2026-06.csv,,,,,,,,,,,,,,,,,,
22/01/2019,2026-06.csv,,,,,,,,,,,,,,,,,,
17/03/2016,2026-06.csv,,,,,,,,,,,,,,,,,,
08/08/2018,2026-06.csv,,,,,,,,,,,,,,,,,,
31/03/2021,2026-06.csv,,,,,,,,,,,,,,,,,,
04/11/2022,2026-06.csv,,,,,,,,,,,,,,,,,,
07/03/2016,2026-06.csv,,,,,,,,,,,,,,,,,,
22/01/2021,2026-06.csv,,,,,,,,,,,,,,,,,,
22/01/2021,2026-06.csv,,,,,,,,,,,,,,,,,,
22/01/2021,2026-06.csv,,,,,,,,,,,,,,,,,,
07/12/2020,2026-06.csv,,,,,,,,,,,,,,,,,,
17/02/2016,2026-06.csv,,,,,,,,,,,,,,,,,,
15/10/2024,2026-06.csv,,,,,,,,,,,,,,,,,,
22/06/2022,2026-06.csv,,,,,,,,,,,,,,,,,,
08/06/2021,2026-06.csv,,,,,,,,,,,,,,,,,,
15/02/2018,2026-06.csv,,,,,,,,,,,,,,,,,,
14/03/2023,2026-06.csv,,,,,,,,,,,,,,,,,,
09/01/2023,2026-06.csv,,,,,,,,,,,,,,,,,,
09/11/2022,2026-06.csv,,,,,,,,,,,,,,,,,,
08/12/2023,2026-06.csv,,,,,,,,,,,,,,,,,,
08/12/2023,2026-06.csv,,,,,,,,,,,,,,,,,,
24/01/2024,2026-06.csv,,,,,,,,,,,,,,,,,,
01/03/2018,2026-06.csv,,,,,,,,,,,,,,,,,,
14/02/2019,2026-06.csv,,,,,,,,,,,,,,,,,,
14/02/2019,2026-06.csv,,,,,,,,,,,,,,,,,,
30/03/2017,2026-06.csv,,,,,,,,,,,,,,,,,,
27/02/2017,2026-06.csv,,,,,,,,,,,,,,,,,,
26/03/2025,2026-06.csv,,,,,,,,,,,,,,,,,,
05/01/2023,2026-06.csv,,,,,,,,,,,,,,,,,,
20/12/2018,2026-06.csv,,,,,,,,,,,,,,,,,,
25/01/2017,2026-06.csv,,,,,,,,,,,,,,,,,,
11/05/2020,2026-06.csv,,,,,,,,,,,,,,,,,,
15/10/2024,2026-06.csv,,,,,,,,,,,,,,,,,,
09/11/2017,2026-06.csv,,,,,,,,,,,,,,,,,,
25/09/2024,2026-06.csv,,,,,,,,,,,,,,,,,,
15/10/2024,2026-06.csv,,,,,,,,,,,,,,,,,,
05/07/2017,2026-06.csv,,,,,,,,,,,,,,,,,,
31/03/2016,2026-06.csv,,,,,,,,,,,,,,,,,,
16/03/2023,2026-06.csv,,,,,,,,,,,,,,,,,,
27/02/2018,2026-06.csv,,,,,,,,,,,,,,,,,,
28/10/2024,2026-06.csv,,,,,,,,,,,,,,,,,,
01/09/2022,2026-06.csv,,,,,,,,,,,,,,,,,,
26/08/2022,2026-06.csv,,,,,,,,,,,,,,,,,,
07/11/2022,2026-06.csv,,,,,,,,,,,,,,,,,,
20/09/2022,2026-06.csv,,,,,,,,,,,,,,,,,,
01/03/2017,2026-06.csv,,,,,,,,,,,,,,,,,,
27/03/2018,2026-06.csv,,,,,,,,,,,,,,,,,,
13/06/2017,2026-06.csv,,,,,,,,,,,,,,,,,,
22/12/2021,2026-06.csv,,,,,,,,,,,,,,,,,,
20/03/2018,2026-06.csv,,,,,,,,,,,,,,,,,,
12/04/2022,2026-06.csv,,,,,,,,,,,,,,,,,,
01/03/2018,2026-06.csv,,,,,,,,,,,,,,,,,,
09/02/2022,2026-06.csv,,,,,,,,,,,,,,,,,,
10/11/2022,2026-06.csv,,,,,,,,,,,,,,,,,,
01/03/2018,2026-06.csv,,,,,,,,,,,,,,,,,,
15/03/2018,2026-06.csv,,,,,,,,,,,,,,,,,,
04/01/2021,2026-06.csv,,,,,,,,,,,,,,,,,,
13/03/2018,2026-06.csv,,,,,,,,,,,,,,,,,,
17/05/2023,2026-06.csv,,,,,,,,,,,,,,,,,,
24/03/2022,2026-06.csv,,,,,,,,,,,,,,,,,,
09/03/2023,2026-06.csv,,,,,,,,,,,,,,,,,,
19/10/2022,2026-06.csv,,,,,,,,,,,,,,,,,,
09/07/2020,2026-06.csv,,,,,,,,,,,,,,,,,,
22/03/2022,2026-06.csv,,,,,,,,,,,,,,,,,,
23/03/2022,2026-06.csv,,,,,,,,,,,,,,,,,,
17/03/2016,2026-06.csv,,,,,,,,,,,,,,,,,,
14/02/2023,2026-06.csv,,,,,,,,,,,,,,,,,,
27/03/2023,2026-06.csv,,,,,,,,,,,,,,,,,,
27/03/2023,2026-06.csv,,,,,,,,,,,,,,,,,,
27/03/2023,2026-06.csv,,,,,,,,,,,,,,,,,,
27/03/2023,2026-06.csv,,,,,,,,,,,,,,,,,,
27/03/2025,2026-06.csv,,,,,,,,,,,,,,,,,,
21/09/2021,2026-06.csv,,,,,,,,,,,,,,,,,,
27/02/2018,2026-06.csv,,,,,,,,,,,,,,,,,,
27/02/2018,2026-06.csv,,,,,,,,,,,,,,,,,,
01/03/2023,2026-06.csv,,,,,,,,,,,,,,,,,,
25/02/2016,2026-06.csv,,,,,,,,,,,,,,,,,,
28/12/2021,2026-06.csv,,,,,,,,,,,,,,,,,,
11/03/2022,2026-06.csv,,,,,,,,,,,,,,,,,,
15/03/2024,2026-06.csv,,,,,,,,,,,,,,,,,,
15/03/2024,2026-06.csv,,,,,,,,,,,,,,,,,,
15/03/2024,2026-06.csv,,,,,,,,,,,,,,,,,,
02/11/2016,2026-06.csv,,,,,,,,,,,,,,,,,,
13/08/2020,2026-06.csv,,,,,,,,,,,,,,,,,,
26/02/2020,2026-06.csv,,,,,,,,,,,,,,,,,,
24/02/2022,2026-06.csv,,,,,,,,,,,,,,,,,,
10/08/2016,2026-06.csv,,,,,,,,,,,,,,,,,,
05/01/2022,2026-06.csv,,,,,,,,,,,,,,,,,,
08/02/2024,2026-06.csv,,,,,,,,,,,,,,,,,,
16/02/2023,2026-06.csv,,,,,,,,,,,,,,,,,,
02/07/2021,2026-06.csv,,,,,,,,,,,,,,,,,,
20/03/2020,2026-06.csv,,,,,,,,,,,,,,,,,,
19/03/2020,2026-06.csv,,,,,,,,,,,,,,,,,,
31/03/2022,2026-06.csv,,,,,,,,,,,,,,,,,,
24/03/2023,2026-06.csv,,,,,,,,,,,,,,,,,,
06/07/2022,2026-06.csv,,,,,,,,,,,,,,,,,,
27/03/2025,2026-06.csv,,,,,,,,,,,,,,,,,,
22/03/2022,2026-06.csv,,,,,,,,,,,,,,,,,,
08/01/2022,2026-06.csv,,,,,,,,,,,,,,,,,,
30/06/2022,2026-06.csv,,,,,,,,,,,,,,,,,,
16/05/2025,2026-06.csv,,,,,,,,,,,,,,,,,,
18/09/2020,2026-06.csv,,,,,,,,,,,,,,,,,,
26/03/2021,2026-06.csv,,,,,,,,,,,,,,,,,,
20/03/2018,2026-06.csv,,,,,,,,,,,,,,,,,,
13/03/2018,2026-06.csv,,,,,,,,,,,,,,,,,,
26/02/2018,2026-06.csv,,,,,,,,,,,,,,,,,,
27/01/2015,2026-06.csv,,,,,,,,,,,,,,,,,,
20/03/2018,2026-06.csv,,,,,,,,,,,,,,,,,,
16/05/2023,2026-06.csv,,,,,,,,,,,,,,,,,,
22/03/2022,2026-06.csv,,,,,,,,,,,,,,,,,,
04/03/2024,2026-06.csv,,,,,,,,,,,,,,,,,,
20/03/2018,2026-06.csv,,,,,,,,,,,,,,,,,,
14/09/2021,2026-06.csv,,,,,,,,,,,,,,,,,,
08/07/2020,2026-06.csv,,,,,,,,,,,,,,,,,,
11/08/2020,2026-06.csv,,,,,,,,,,,,,,,,,,
14/08/2020,2026-06.csv,,,,,,,,,,,,,,,,,,
19/08/2020,2026-06.csv,,,,,,,,,,,,,,,,,,
18/04/2020,2026-06.csv,,,,,,,,,,,,,,,,,,
18/04/2020,2026-06.csv,,,,,,,,,,,,,,,,,,
18/04/2020,2026-06.csv,,,,,,,,,,,,,,,,,,
10/08/2020,2026-06.csv,,,,,,,,,,,,,,,,,,
11/08/2020,2026-06.csv,,,,,,,,,,,,,,,,,,
09/06/2022,2026-06.csv,,,,,,,,,,,,,,,,,,
17/03/2022,2026-06.csv,,,,,,,,,,,,,,,,,,
06/01/2022,2026-06.csv,,,,,,,,,,,,,,,,,,
20/12/2024,2026-06.csv,,,,,,,,,,,,,,,,,,
11/03/2024,2026-06.csv,,,,,,,,,,,,,,,,,,
31/03/2022,2026-06.csv,,,,,,,,,,,,,,,,,,
02/03/2015,2026-06.csv,,,,,,,,,,,,,,,,,,
17/04/2020,2026-06.csv,,,,,,,,,,,,,,,,,,
02/01/2014,2026-06.csv,,,,,,,,,,,,,,,,,,
10/02/2022,2026-06.csv,,,,,,,,,,,,,,,,,,
15/03/2024,2026-06.csv,,,,,,,,,,,,,,,,,,
14/03/2024,2026-06.csv,,,,,,,,,,,,,,,,,,
20/02/2023,2026-06.csv,,,,,,,,,,,,,,,,,,
25/03/2022,2026-06.csv,,,,,,,,,,,,,,,,,,
25/03/2022,2026-06.csv,,,,,,,,,,,,,,,,,,
18/03/2020,2026-06.csv,,,,,,,,,,,,,,,,,,
11/04/2025,2026-06.csv,,,,,,,,,,,,,,,,,,
30/05/2025,2026-06.csv,,,,,,,,,,,,,,,,,,
15/02/2017,2026-06.csv,,,,,,,,,,,,,,,,,,
18/02/2020,2026-06.csv,,,,,,,,,,,,,,,,,,
15/10/2024,2026-06.csv,,,,,,,,,,,,,,,,,,
04/02/2019,2026-06.csv,,,,,,,,,,,,,,,,,,
22/09/2009,2026-06.csv,,,,,,,,,,,,,,,,,,
25/01/2017,2026-06.csv,,,,,,,,,,,,,,,,,,
01/03/2018,2026-06.csv,,,,,,,,,,,,,,,,,,
01/02/2016,2026-06.csv,,,,,,,,,,,,,,,,,,
17/02/2017,2026-06.csv,,,,,,,,,,,,,,,,,,
01/12/2015,2026-06.csv,,,,,,,,,,,,,,,,,,
26/12/2017,2026-06.csv,,,,,,,,,,,,,,,,,,
19/05/2020,2026-06.csv,,,,,,,,,,,,,,,,,,
10/02/2009,2026-06.csv,,,,,,,,,,,,,,,,,,
20/01/2020,2026-06.csv,,,,,,,,,,,,,,,,,,
28/02/2024,2026-06.csv,,,,,,,,,,,,,,,,,,
05/02/2024,2026-06.csv,,,,,,,,,,,,,,,,,,
28/03/2018,2026-06.csv,,,,,,,,,,,,,,,,,,
31/01/2024,2026-06.csv,,,,,,,,,,,,,,,,,,
08/06/2021,2026-06.csv,,,,,,,,,,,,,,,,,,
31/03/2021,2026-06.csv,,,,,,,,,,,,,,,,,,
12/08/2022,2026-06.csv,,,,,,,,,,,,,,,,,,
15/03/2024,2026-06.csv,,,,,,,,,,,,,,,,,,
30/03/2023,2026-06.csv,,,,,,,,,,,,,,,,,,
23/02/2018,2026-06.csv,,,,,,,,,,,,,,,,,,
09/09/2017,2026-06.csv,,,,,,,,,,,,,,,,,,
19/11/2013,2026-06.csv,,,,,,,,,,,,,,,,,,
14/02/2019,2026-06.csv,,,,,,,,,,,,,,,,,,
06/09/2021,2026-06.csv,,,,,,,,,,,,,,,,,,
02/11/2022,2026-06.csv,,,,,,,,,,,,,,,,,,
04/03/2021,2026-06.csv,,,,,,,,,,,,,,,,,,
27/02/2018,2026-06.csv,,,,,,,,,,,,,,,,,,
07/11/2017,2026-06.csv,,,,,,,,,,,,,,,,,,
17/04/2020,2026-06.csv,,,,,,,,,,,,,,,,,,
29/11/2024,2026-06.csv,,,,,,,,,,,,,,,,,,
20/08/2022,2026-06.csv,,,,,,,,,,,,,,,,,,
01/02/2019,2026-06.csv,,,,,,,,,,,,,,,,,,
07/10/2022,2026-06.csv,,,,,,,,,,,,,,,,,,
30/09/2022,2026-06.csv,,,,,,,,,,,,,,,,,,
14/10/2022,2026-06.csv,,,,,,,,,,,,,,,,,,
01/02/2024,2026-06.csv,,,,,,,,,,,,,,,,,,
27/02/2023,2026-06.csv,,,,,,,,,,,,,,,,,,
13/12/2021,2026-06.csv,,,,,,,,,,,,,,,,,,
14/07/2020,2026-06.csv,,,,,,,,,,,,,,,,,,
14/07/2020,2026-06.csv,,,,,,,,,,,,,,,,,,
14/03/2024,2026-06.csv,,,,,,,,,,,,,,,,,,
14/03/2018,2026-06.csv,,,,,,,,,,,,,,,,,,
28/10/2024,2026-06.csv,,,,,,,,,,,,,,,,,,
12/03/2021,2026-06.csv,,,,,,,,,,,,,,,,,,
29/12/2022,2026-06.csv,,,,,,,,,,,,,,,,,,
06/12/2022,2026-06.csv,,,,,,,,,,,,,,,,,,
12/01/2025,2026-06.csv,,,,,,,,,,,,,,,,,,
15/03/2022,2026-06.csv,,,,,,,,,,,,,,,,,,
22/11/2021,2026-06.csv,,,,,,,,,,,,,,,,,,
28/03/2022,2026-06.csv,,,,,,,,,,,,,,,,,,
24/03/2023,2026-06.csv,,,,,,,,,,,,,,,,,,
14/03/2022,2026-06.csv,,,,,,,,,,,,,,,,,,
06/03/2024,2026-06.csv,,,,,,,,,,,,,,,,,,
06/03/2025,2026-06.csv,,,,,,,,,,,,,,,,,,
13/03/2026,2026-06.csv,,,,,,,,,,,,,,,,,,
24/03/2022,2026-06.csv,,,,,,,,,,,,,,,,,,
24/03/2022,2026-06.csv,,,,,,,,,,,,,,,,,,
25/03/2022,2026-06.csv,,,,,,,,,,,,,,,,,,
12/01/2022,2026-06.csv,,,,,,,,,,,,,,,,,,
31/03/2021,2026-06.csv,,,,,,,,,,,,,,,,,,
27/03/2023,2026-06.csv,,,,,,,,,,,,,,,,,,
31/03/2022,2026-06.csv,,,,,,,,,,,,,,,,,,
31/03/2022,2026-06.csv,,,,,,,,,,,,,,,,,,
26/02/2024,2026-06.csv,,,,,,,,,,,,,,,,,,
06/12/2021,2026-06.csv,,,,,,,,,,,,,,,,,,
27/03/2023,2026-06.csv,,,,,,,,,,,,,,,,,,
01/02/2024,2026-06.csv,,,,,,,,,,,,,,,,,,
20/10/2022,2026-06.csv,,,,,,,,,,,,,,,,,,
21/02/2024,2026-06.csv,,,,,,,,,,,,,,,,,,
11/03/2022,2026-06.csv,,,,,,,,,,,,,,,,,,
29/12/2022,2026-06.csv,,,,,,,,,,,,,,,,,,
28/11/2022,2026-06.csv,,,,,,,,,,,,,,,,,,
24/03/2022,2026-06.csv,,,,,,,,,,,,,,,,,,
26/03/2018,2026-06.csv,,,,,,,,,,,,,,,,,,
11/07/2023,2026-06.csv,,,,,,,,,,,,,,,,,,
11/07/2023,2026-06.csv,,,,,,,,,,,,,,,,,,
19/02/2018,2026-06.csv,,,,,,,,,,,,,,,,,,
07/08/2020,2026-06.csv,,,,,,,,,,,,,,,,,,
06/06/2020,2026-06.csv,,,,,,,,,,,,,,,,,,
27/05/2021,2026-06.csv,,,,,,,,,,,,,,,,,,
18/05/2021,2026-06.csv,,,,,,,,,,,,,,,,,,
24/06/2021,2026-06.csv,,,,,,,,,,,,,,,,,,
03/09/2021,2026-06.csv,,,,,,,,,,,,,,,,,,
07/10/2020,2026-06.csv,,,,,,,,,,,,,,,,,,
16/04/2015,2026-06.csv,,,,,,,,,,,,,,,,,,
26/12/2017,2026-06.csv,,,,,,,,,,,,,,,,,,
01/03/2018,2026-06.csv,,,,,,,,,,,,,,,,,,
06/12/2024,2026-06.csv,,,,,,,,,,,,,,,,,,
11/12/2023,2026-06.csv,,,,,,,,,,,,,,,,,,
30/03/2020,2026-06.csv,,,,,,,,,,,,,,,,,,
30/03/2021,2026-06.csv,,,,,,,,,,,,,,,,,,
31/03/2022,2026-06.csv,,,,,,,,,,,,,,,,,,
31/03/2021,2026-06.csv,,,,,,,,,,,,,,,,,,
31/03/2021,2026-06.csv,,,,,,,,,,,,,,,,,,
31/03/2021,2026-06.csv,,,,,,,,,,,,,,,,,,
31/03/2023,2026-06.csv,,,,,,,,,,,,,,,,,,
31/03/2023,2026-06.csv,,,,,,,,,,,,,,,,,,
29/03/2023,2026-06.csv,,,,,,,,,,,,,,,,,,
31/03/2021,2026-06.csv,,,,,,,,,,,,,,,,,,
16/03/2022,2026-06.csv,,,,,,,,,,,,,,,,,,
05/01/2022,2026-06.csv,,,,,,,,,,,,,,,,,,
09/05/2022,2026-06.csv,,,,,,,,,,,,,,,,,,
21/01/2022,2026-06.csv,,,,,,,,,,,,,,,,,,
12/02/2024,2026-06.csv,,,,,,,,,,,,,,,,,,
11/03/2024,2026-06.csv,,,,,,,,,,,,,,,,,,
11/09/2023,2026-06.csv,,,,,,,,,,,,,,,,,,
24/01/2022,2026-06.csv,,,,,,,,,,,,,,,,,,
24/01/2022,2026-06.csv,,,,,,,,,,,,,,,,,,
24/03/2022,2026-06.csv,,,,,,,,,,,,,,,,,,
07/03/2022,2026-06.csv,,,,,,,,,,,,,,,,,,
31/03/2022,2026-06.csv,,,,,,,,,,,,,,,,,,
17/05/2023,2026-06.csv,,,,,,,,,,,,,,,,,,
06/10/2022,2026-06.csv,,,,,,,,,,,,,,,,,,
17/03/2022,2026-06.csv,,,,,,,,,,,,,,,,,,
30/09/2019,2026-06.csv,,,,,,,,,,,,,,,,,,
30/09/2019,2026-06.csv,,,,,,,,,,,,,,,,,,
30/09/2019,2026-06.csv,,,,,,,,,,,,,,,,,,
14/03/2018,2026-06.csv,,,,,,,,,,,,,,,,,,
08/03/2023,2026-06.csv,,,,,,,,,,,,,,,,,,
14/10/2022,2026-06.csv,,,,,,,,,,,,,,,,,,
17/01/2024,2026-06.csv,,,,,,,,,,,,,,,,,,
23/06/2020,2026-06.csv,,,,,,,,,,,,,,,,,,
13/01/2022,2026-06.csv,,,,,,,,,,,,,,,,,,
31/03/2021,2026-06.csv,,,,,,,,,,,,,,,,,,
02/09/2021,2026-06.csv,,,,,,,,,,,,,,,,,,
25/01/2024,2026-06.csv,,,,,,,,,,,,,,,,,,
16/12/2022,2026-06.csv,,,,,,,,,,,,,,,,,,
16/12/2022,2026-06.csv,,,,,,,,,,,,,,,,,,
16/12/2022,2026-06.csv,,,,,,,,,,,,,,,,,,
22/03/2022,2026-06.csv,,,,,,,,,,,,,,,,,,
09/02/2022,2026-06.csv,,,,,,,,,,,,,,,,,,
03/12/2021,2026-06.csv,,,,,,,,,,,,,,,,,,
13/12/2021,2026-06.csv,,,,,,,,,,,,,,,,,,
03/01/2023,2026-06.csv,,,,,,,,,,,,,,,,,,
26/10/2022,2026-06.csv,,,,,,,,,,,,,,,,,,
13/01/2023,2026-06.csv,,,,,,,,,,,,,,,,,,
14/10/2022,2026-06.csv,,,,,,,,,,,,,,,,,,
18/01/2022,2026-06.csv,,,,,,,,,,,,,,,,,,
20/01/2022,2026-06.csv,,,,,,,,,,,,,,,,,,
10/02/2017,2026-06.csv,,,,,,,,,,,,,,,,,,
19/10/2022,2026-06.csv,,,,,,,,,,,,,,,,,,
18/06/2020,2026-06.csv,,,,,,,,,,,,,,,,,,
31/03/2021,2026-06.csv,,,,,,,,,,,,,,,,,,
27/04/2020,2026-06.csv,,,,,,,,,,,,,,,,,,
27/04/2020,2026-06.csv,,,,,,,,,,,,,,,,,,
14/02/2020,2026-06.csv,,,,,,,,,,,,,,,,,,
31/03/2021,2026-06.csv,,,,,,,,,,,,,,,,,,
30/03/2022,2026-06.csv,,,,,,,,,,,,,,,,,,
15/03/2024,2026-06.csv,,,,,,,,,,,,,,,,,,
30/12/2022,2026-06.csv,,,,,,,,,,,,,,,,,,
13/03/2023,2026-06.csv,,,,,,,,,,,,,,,,,,
09/02/2023,2026-06.csv,,,,,,,,,,,,,,,,,,
12/01/2022,2026-06.csv,,,,,,,,,,,,,,,,,,
29/03/2023,2026-06.csv,,,,,,,,,,,,,,,,,,
24/01/2022,2026-06.csv,,,,,,,,,,,,,,,,,,
31/05/2023,2026-06.csv,,,,,,,,,,,,,,,,,,
14/03/2023,2026-06.csv,,,,,,,,,,,,,,,,,,
09/03/2023,2026-06.csv,,,,,,,,,,,,,,,,,,
21/03/2022,2026-06.csv,,,,,,,,,,,,,,,,,,
30/03/2022,2026-06.csv,,,,,,,,,,,,,,,,,,
31/03/2021,2026-06.csv,,,,,,,,,,,,,,,,,,
01/12/2022,2026-06.csv,,,,,,,,,,,,,,,,,,
31/03/2022,2026-06.csv,,,,,,,,,,,,,,,,,,
30/03/2022,2026-06.csv,,,,,,,,,,,,,,,,,,
08/01/2024,2026-06.csv,,,,,,,,,,,,,,,,,,
14/10/2022,2026-06.csv,,,,,,,,,,,,,,,,,,
08/03/2023,2026-06.csv,,,,,,,,,,,,,,,,,,
21/02/2023,2026-06.csv,,,,,,,,,,,,,,,,,,
14/02/2023,2026-06.csv,,,,,,,,,,,,,,,,,,
31/03/2020,2026-06.csv,,,,,,,,,,,,,,,,,,
29/03/2022,2026-06.csv,,,,,,,,,,,,,,,,,,
31/03/2022,2026-06.csv,,,,,,,,,,,,,,,,,,
31/03/2022,2026-06.csv,,,,,,,,,,,,,,,,,,
20/01/2017,2026-06.csv,,,,,,,,,,,,,,,,,,
03/03/2022,2026-06.csv,,,,,,,,,,,,,,,,,,
06/10/2016,2026-06.csv,,,,,,,,,,,,,,,,,,
14/10/2022,2026-06.csv,,,,,,,,,,,,,,,,,,
28/02/2024,2026-06.csv,,,,,,,,,,,,,,,,,,
15/03/2024,2026-06.csv,,,,,,,,,,,,,,,,,,
15/03/2024,2026-06.csv,,,,,,,,,,,,,,,,,,
12/09/2022,2026-06.csv,,,,,,,,,,,,,,,,,,
30/03/2021,2026-06.csv,,,,,,,,,,,,,,,,,,
01/09/2020,2026-06.csv,,,,,,,,,,,,,,,,,,
31/03/2023,2026-06.csv,,,,,,,,,,,,,,,,,,
31/03/2023,2026-06.csv,,,,,,,,,,,,,,,,,,
29/03/2023,2026-06.csv,,,,,,,,,,,,,,,,,,
04/01/2023,2026-06.csv,,,,,,,,,,,,,,,,,,
13/03/2020,2026-06.csv,,,,,,,,,,,,,,,,,,
13/03/2020,2026-06.csv,,,,,,,,,,,,,,,,,,
11/03/2022,2026-06.csv,,,,,,,,,,,,,,,,,,
30/11/2023,2026-06.csv,,,,,,,,,,,,,,,,,,
05/01/2023,2026-06.csv,,,,,,,,,,,,,,,,,,
31/03/2023,2026-06.csv,,,,,,,,,,,,,,,,,,
03/01/2023,2026-06.csv,,,,,,,,,,,,,,,,,,
07/03/2023,2026-06.csv,,,,,,,,,,,,,,,,,,
11/03/2024,2026-06.csv,,,,,,,,,,,,,,,,,,
28/02/2024,2026-06.csv,,,,,,,,,,,,,,,,,,
04/03/2024,2026-06.csv,,,,,,,,,,,,,,,,,,
07/02/2024,2026-06.csv,,,,,,,,,,,,,,,,,,
27/02/2024,2026-06.csv,,,,,,,,,,,,,,,,,,
28/02/2024,2026-06.csv,,,,,,,,,,,,,,,,,,
27/03/2023,2026-06.csv,,,,,,,,,,,,,,,,,,
11/03/2024,2026-06.csv,,,,,,,,,,,,,,,,,,
27/03/2023,2026-06.csv,,,,,,,,,,,,,,,,,,
11/03/2022,2026-06.csv,,,,,,,,,,,,,,,,,,
31/03/2022,2026-06.csv,,,,,,,,,,,,,,,,,,
30/09/2021,2026-06.csv,,,,,,,,,,,,,,,,,,
23/05/2022,2026-06.csv,,,,,,,,,,,,,,,,,,
21/10/2022,2026-06.csv,,,,,,,,,,,,,,,,,,
24/03/2025,2026-06.csv,,,,,,,,,,,,,,,,,,
31/12/2023,2026-06.csv,,,,,,,,,,,,,,,,,,
30/09/2021,2026-06.csv,,,,,,,,,,,,,,,,,,
31/12/2019,2026-06.csv,,,,,,,,,,,,,,,,,,
28/11/2014,2026-06.csv,,,,,,,,,,,,,,,,,,
09/07/2024,2026-06.csv,,,,,,,,,,,,,,,,,,
30/03/2015,2026-06.csv,,,,,,,,,,,,,,,,,,
10/11/2015,2026-06.csv,,,,,,,,,,,,,,,,,,
11/09/2023,2026-06.csv,,,,,,,,,,,,,,,,,,
15/11/2023,2026-06.csv,,,,,,,,,,,,,,,,,,
30/11/2023,2026-06.csv,,,,,,,,,,,,,,,,,,
31/10/2023,2026-06.csv,,,,,,,,,,,,,,,,,,
20/01/2025,2026-06.csv,,,,,,,,,,,,,,,,,,
26/07/2024,2026-06.csv,,,,,,,,,,,,,,,,,,
28/03/2024,2026-06.csv,,,,,,,,,,,,,,,,,,
11/07/2024,2026-06.csv,,,,,,,,,,,,,,,,,,
31/01/2009,2026-06.csv,,,,,,,,,,,,,,,,,,
20/01/2025,2026-06.csv,,,,,,,,,,,,,,,,,,
20/01/2025,2026-06.csv,,,,,,,,,,,,,,,,,,
16/11/2024,2026-06.csv,,,,,,,,,,,,,,,,,,
09/09/2024,2026-06.csv,,,,,,,,,,,,,,,,,,
01/11/2020,2026-06.csv,,,,,,,,,,,,,,,,,,
23/12/2019,2026-06.csv,,,,,,,,,,,,,,,,,,
04/08/2023,2026-06.csv,,,,,,,,,,,,,,,,,,
04/08/2023,2026-06.csv,,,,,,,,,,,,,,,,,,
04/08/2023,2026-06.csv,,,,,,,,,,,,,,,,,,
19/07/2017,2026-06.csv,,,,,,,,,,,,,,,,,,
27/04/2022,2026-06.csv,,,,,,,,,,,,,,,,,,
23/05/2018,2026-06.csv,,,,,,,,,,,,,,,,,,
31/05/2023,2026-06.csv,,,,,,,,,,,,,,,,,,
08/05/2023,2026-06.csv,,,,,,,,,,,,,,,,,,
17/11/2021,2026-06.csv,,,,,,,,,,,,,,,,,,
19/09/2019,2026-06.csv,,,,,,,,,,,,,,,,,,
09/12/2020,2026-06.csv,,,,,,,,,,,,,,,,,,
27/07/2022,2026-06.csv,,,,,,,,,,,,,,,,,,
09/10/2014,2026-06.csv,,,,,,,,,,,,,,,,,,
22/02/2019,2026-06.csv,,,,,,,,,,,,,,,,,,
28/08/2024,2026-06.csv,,,,,,,,,,,,,,,,,,
21/03/2025,2026-06.csv,,,,,,,,,,,,,,,,,,
21/08/2025,2026-06.csv,,,,,,,,,,,,,,,,,,
24/03/2025,2026-06.csv,,,,,,,,,,,,,,,,,,
08/10/2025,2026-06.csv,,,,,,,,,,,,,,,,,,
24/02/2025,2026-06.csv,,,,,,,,,,,,,,,,,,
15/10/2024,2026-06.csv,,,,,,,,,,,,,,,,,,
18/02/2025,2026-06.csv,,,,,,,,,,,,,,,,,,
18/02/2025,2026-06.csv,,,,,,,,,,,,,,,,,,
14/10/2014,2026-06.csv,,,,,,,,,,,,,,,,,,
02/09/2024,2026-06.csv,,,,,,,,,,,,,,,,,,
25/11/2024,2026-06.csv,,,,,,,,,,,,,,,,,,
07/06/2024,2026-06.csv,,,,,,,,,,,,,,,,,,
24/02/2012,2026-06.csv,,,,,,,,,,,,,,,,,,
16/10/2025,2026-06.csv,,,,,,,,,,,,,,,,,,
03/02/2026,2026-06.csv,,,,,,,,,,,,,,,,,,
17/10/2025,2026-06.csv,,,,,,,,,,,,,,,,,,
,2026-06.csv,,,,,,,,,,,,,,,,,,
30/08/2024,2026-06.csv,,,,,,,,,,,,,,,,,,
,2026-06.csv,,,,,,,,,,,,,,,,,,
26/03/2025,2026-06.csv,,,,,,,,,,,,,,,,,,
12/03/2026,2026-06.csv,,,,,,,,,,,,,,,,,,
04/08/2025,2026-06.csv,,,,,,,,,,,,,,,,,,
01/12/2014,2026-06.csv,,,,,,,,,,,,,,,,,,
07/11/2024,2026-06.csv,,,,,,,,,,,,,,,,,,
18/03/2025,2026-06.csv,,,,,,,,,,,,,,,,,,
20/01/2025,2026-06.csv,,,,,,,,,,,,,,,,,,
24/03/2025,2026-06.csv,,,,,,,,,,,,,,,,,,
16/01/2025,2026-06.csv,,,,,,,,,,,,,,,,,,
15/07/2024,2026-06.csv,,,,,,,,,,,,,,,,,,
09/02/2024,2026-06.csv,,,,,,,,,,,,,,,,,,
21/03/2025,2026-06.csv,,,,,,,,,,,,,,,,,,
26/12/2023,2026-06.csv,,,,,,,,,,,,,,,,,,
09/02/2024,2026-06.csv,,,,,,,,,,,,,,,,,,
26/12/2023,2026-06.csv,,,,,,,,,,,,,,,,,,
04/06/2025,2026-06.csv,,,,,,,,,,,,,,,,,,
30/05/2024,2026-06.csv,,,,,,,,,,,,,,,,,,
01/11/2023,2026-06.csv,,,,,,,,,,,,,,,,,,
15/10/2024,2026-06.csv,,,,,,,,,,,,,,,,,,
19/11/2024,2026-06.csv,,,,,,,,,,,,,,,,,,
07/11/2024,2026-06.csv,,,,,,,,,,,,,,,,,,
27/12/2023,2026-06.csv,,,,,,,,,,,,,,,,,,
27/12/2023,2026-06.csv,,,,,,,,,,,,,,,,,,
15/10/2024,2026-06.csv,,,,,,,,,,,,,,,,,,
19/08/2024,2026-06.csv,,,,,,,,,,,,,,,,,,
22/08/2024,2026-06.csv,,,,,,,,,,,,,,,,,,
19/08/2024,2026-06.csv,,,,,,,,,,,,,,,,,,
23/08/2024,2026-06.csv,,,,,,,,,,,,,,,,,,
12/11/2024,2026-06.csv,,,,,,,,,,,,,,,,,,
12/11/2024,2026-06.csv,,,,,,,,,,,,,,,,,,
30/12/2024,2026-06.csv,,,,,,,,,,,,,,,,,,
07/11/2023,2026-06.csv,,,,,,,,,,,,,,,,,,
26/10/2023,2026-06.csv,,,,,,,,,,,,,,,,,,
01/12/2022,2026-06.csv,,,,,,,,,,,,,,,,,,
23/08/2024,2026-06.csv,,,,,,,,,,,,,,,,,,
24/03/2025,2026-06.csv,,,,,,,,,,,,,,,,,,
02/09/2024,2026-06.csv,,,,,,,,,,,,,,,,,,
10/12/2024,2026-06.csv,,,,,,,,,,,,,,,,,,
24/09/2025,2026-06.csv,,,,,,,,,,,,,,,,,,
27/03/2025,2026-06.csv,,,,,,,,,,,,,,,,,,
12/02/2026,2026-06.csv,,,,,,,,,,,,,,,,,,
30/08/2024,2026-06.csv,,,,,,,,,,,,,,,,,,
10/01/2025,2026-06.csv,,,,,,,,,,,,,,,,,,
,2026-06.csv,,,,,,,,,,,,,,,,,,
27/05/2019,2026-06.csv,,,,,,,,,,,,,,,,,,
,2026-06.csv,,,,,,,,,,,,,,,,,,
30/11/2018,2026-06.csv,,,,,,,,,,,,,,,,,,
18/10/2024,2026-06.csv,,,,,,,,,,,,,,,,,,
07/06/2021,2026-06.csv,,,,,,,,,,,,,,,,,,
21/02/2014,2026-06.csv,,,,,,,,,,,,,,,,,,
07/01/2026,2026-06.csv,,,,,,,,,,,,,,,,,,
28/03/2024,2026-06.csv,,,,,,,,,,,,,,,,,,
03/01/2025,2026-06.csv,,,,,,,,,,,,,,,,,,
04/07/2019,2026-06.csv,,,,,,,,,,,,,,,,,,
17/03/2026,2026-06.csv,,,,,,,,,,,,,,,,,,
30/11/2018,2026-06.csv,,,,,,,,,,,,,,,,,,
13/05/2026,2026-06.csv,,,,,,,,,,,,,,,,,,
24/04/2018,2026-06.csv,,,,,,,,,,,,,,,,,,
27/05/2019,2026-06.csv,,,,,,,,,,,,,,,,,,
21/11/2022,2026-06.csv,,,,,,,,,,,,,,,,,,
03/09/2025,2026-06.csv,,,,,,,,,,,,,,,,,,
06/07/2023,2026-06.csv,,,,,,,,,,,,,,,,,,
18/07/2013,2026-06.csv,,,,,,,,,,,,,,,,,,
29/12/2022,2026-06.csv,,,,,,,,,,,,,,,,,,
26/04/2018,2026-06.csv,,,,,,,,,,,,,,,,,,
27/02/2019,2026-06.csv,,,,,,,,,,,,,,,,,,
23/10/2023,2026-06.csv,,,,,,,,,,,,,,,,,,
04/09/2024,2026-06.csv,,,,,,,,,,,,,,,,,,
16/07/2025,2026-06.csv,,,,,,,,,,,,,,,,,,
16/12/2025,2026-06.csv,,,,,,,,,,,,,,,,,,
07/10/2025,2026-06.csv,,,,,,,,,,,,,,,,,,
09/03/2019,2026-06.csv,,,,,,,,,,,,,,,,,,
04/09/2024,2026-06.csv,,,,,,,,,,,,,,,,,,
06/05/2020,2026-06.csv,,,,,,,,,,,,,,,,,,
12/10/2017,2026-06.csv,,,,,,,,,,,,,,,,,,
10/05/2018,2026-06.csv,,,,,,,,,,,,,,,,,,
06/05/2020,2026-06.csv,,,,,,,,,,,,,,,,,,
11/08/2017,2026-06.csv,,,,,,,,,,,,,,,,,,
11/08/2017,2026-06.csv,,,,,,,,,,,,,,,,,,
08/03/2010,2026-06.csv,,,,,,,,,,,,,,,,,,
08/03/2010,2026-06.csv,,,,,,,,,,,,,,,,,,
02/02/2017,2026-06.csv,,,,,,,,,,,,,,,,,,
15/12/2015,2026-06.csv,,,,,,,,,,,,,,,,,,
02/02/2017,2026-06.csv,,,,,,,,,,,,,,,,,,
02/02/2017,2026-06.csv,,,,,,,,,,,,,,,,,,
21/12/2016,2026-06.csv,,,,,,,,,,,,,,,,,,
18/11/2016,2026-06.csv,,,,,,,,,,,,,,,,,,
15/03/2017,2026-06.csv,,,,,,,,,,,,,,,,,,
08/07/2016,2026-06.csv,,,,,,,,,,,,,,,,,,
,2026-06.csv,,,,,,,,,,,,,,,,,,
18/11/2016,2026-06.csv,,,,,,,,,,,,,,,,,,
18/11/2016,2026-06.csv,,,,,,,,,,,,,,,,,,
15/03/2017,2026-06.csv,,,,,,,,,,,,,,,,,,
02/02/2017,2026-06.csv,,,,,,,,,,,,,,,,,,
13/11/2015,2026-06.csv,,,,,,,,,,,,,,,,,,
15/03/2017,2026-06.csv,,,,,,,,,,,,,,,,,,
26/05/2016,2026-06.csv,,,,,,,,,,,,,,,,,,
01/04/2009,2026-06.csv,,,,,,,,,,,,,,,,,,
01/04/2007,2026-06.csv,,,,,,,,,,,,,,,,,,
01/04/2008,2026-06.csv,,,,,,,,,,,,,,,,,,
10/05/2002,2026-06.csv,,,,,,,,,,,,,,,,,,
01/04/1996,2026-06.csv,,,,,,,,,,,,,,,,,,
01/04/2008,2026-06.csv,,,,,,,,,,,,,,,,,,
01/04/2005,2026-06.csv,,,,,,,,,,,,,,,,,,
03/04/1996,2026-06.csv,,,,,,,,,,,,,,,,,,
01/04/1997,2026-06.csv,,,,,,,,,,,,,,,,,,
01/04/2006,2026-06.csv,,,,,,,,,,,,,,,,,,
31/10/2023,2026-06.csv,,,,,,,,,,,,,,,,,,
01/04/2003,2026-06.csv,,,,,,,,,,,,,,,,,,
01/04/2008,2026-06.csv,,,,,,,,,,,,,,,,,,
,2026-06.csv,,,,,,,,,,,,,,,,,,
01/04/2009,2026-06.csv,,,,,,,,,,,,,,,,,,
01/04/2008,2026-06.csv,,,,,,,,,,,,,,,,,,
01/04/2008,2026-06.csv,,,,,,,,,,,,,,,,,,
01/04/2007,2026-06.csv,,,,,,,,,,,,,,,,,,
01/04/2009,2026-06.csv,,,,,,,,,,,,,,,,,,
01/08/2017,2026-06.csv,,,,,,,,,,,,,,,,,,
20/01/2009,2026-06.csv,,,,,,,,,,,,,,,,,,
01/04/2007,2026-06.csv,,,,,,,,,,,,,,,,,,
03/02/2016,2026-06.csv,,,,,,,,,,,,,,,,,,
01/04/2005,2026-06.csv,,,,,,,,,,,,,,,,,,
01/04/1996,2026-06.csv,,,,,,,,,,,,,,,,,,
08/02/2010,2026-06.csv,,,,,,,,,,,,,,,,,,
03/04/1996,2026-06.csv,,,,,,,,,,,,,,,,,,
01/04/2011,2026-06.csv,,,,,,,,,,,,,,,,,,
28/12/1995,2026-06.csv,,,,,,,,,,,,,,,,,,
01/04/1997,2026-06.csv,,,,,,,,,,,,,,,,,,
01/04/2014,2026-06.csv,,,,,,,,,,,,,,,,,,
01/04/1996,2026-06.csv,,,,,,,,,,,,,,,,,,
Sanction Date,2026-03.csv,,,,,,,,,,,,,,,,,,
01/11/2021,2026-03.csv,,,,,,,,,,,,,,,,,,
30/12/2022,2026-03.csv,,,,,,,,,,,,,,,,,,
04/10/2018,2026-03.csv,,,,,,,,,,,,,,,,,,
02/06/2023,2026-03.csv,,,,,,,,,,,,,,,,,,
02/06/2023,2026-03.csv,,,,,,,,,,,,,,,,,,
10/03/2023,2026-03.csv,,,,,,,,,,,,,,,,,,
21/06/2023,2026-03.csv,,,,,,,,,,,,,,,,,,
17/06/2020,2026-03.csv,,,,,,,,,,,,,,,,,,
01/06/2022,2026-03.csv,,,,,,,,,,,,,,,,,,
10/10/2023,2026-03.csv,,,,,,,,,,,,,,,,,,
27/07/2018,2026-03.csv,,,,,,,,,,,,,,,,,,
07/06/2023,2026-03.csv,,,,,,,,,,,,,,,,,,
14/06/2022,2026-03.csv,,,,,,,,,,,,,,,,,,
,2026-03.csv,,,,,,,,,,,,,,,,,,
04/07/2024,2026-03.csv,,,,,,,,,,,,,,,,,,
03/07/2024,2026-03.csv,,,,,,,,,,,,,,,,,,
29/08/2024,2026-03.csv,,,,,,,,,,,,,,,,,,
28/08/2024,2026-03.csv,,,,,,,,,,,,,,,,,,
29/08/2025,2026-03.csv,,,,,,,,,,,,,,,,,,
18/06/2024,2026-03.csv,,,,,,,,,,,,,,,,,,
09/11/2017,2026-03.csv,,,,,,,,,,,,,,,,,,
01/12/2016,2026-03.csv,,,,,,,,,,,,,,,,,,
14/05/2018,2026-03.csv,,,,,,,,,,,,,,,,,,
04/03/2023,2026-03.csv,,,,,,,,,,,,,,,,,,
18/12/2020,2026-03.csv,,,,,,,,,,,,,,,,,,
21/11/2023,2026-03.csv,,,,,,,,,,,,,,,,,,
25/07/2016,2026-03.csv,,,,,,,,,,,,,,,,,,
08/12/2015,2026-03.csv,,,,,,,,,,,,,,,,,,
31/10/2015,2026-03.csv,,,,,,,,,,,,,,,,,,
16/11/2018,2026-03.csv,,,,,,,,,,,,,,,,,,
05/03/2016,2026-03.csv,,,,,,,,,,,,,,,,,,
10/09/2024,2026-03.csv,,,,,,,,,,,,,,,,,,
04/01/2023,2026-03.csv,,,,,,,,,,,,,,,,,,
19/09/2022,2026-03.csv,,,,,,,,,,,,,,,,,,
22/09/2018,2026-03.csv,,,,,,,,,,,,,,,,,,
12/08/2015,2026-03.csv,,,,,,,,,,,,,,,,,,
04/02/2015,2026-03.csv,,,,,,,,,,,,,,,,,,
25/07/2015,2026-03.csv,,,,,,,,,,,,,,,,,,
26/04/2024,2026-03.csv,,,,,,,,,,,,,,,,,,
19/04/2023,2026-03.csv,,,,,,,,,,,,,,,,,,
04/08/2020,2026-03.csv,,,,,,,,,,,,,,,,,,
16/12/2022,2026-03.csv,,,,,,,,,,,,,,,,,,
04/08/2020,2026-03.csv,,,,,,,,,,,,,,,,,,
07/05/2014,2026-03.csv,,,,,,,,,,,,,,,,,,
12/11/2018,2026-03.csv,,,,,,,,,,,,,,,,,,
11/02/2020,2026-03.csv,,,,,,,,,,,,,,,,,,
26/03/2024,2026-03.csv,,,,,,,,,,,,,,,,,,
25/08/2020,2026-03.csv,,,,,,,,,,,,,,,,,,
22/07/2019,2026-03.csv,,,,,,,,,,,,,,,,,,
26/03/2024,2026-03.csv,,,,,,,,,,,,,,,,,,
10/08/2021,2026-03.csv,,,,,,,,,,,,,,,,,,
04/08/2020,2026-03.csv,,,,,,,,,,,,,,,,,,
11/08/2018,2026-03.csv,,,,,,,,,,,,,,,,,,
29/12/2023,2026-03.csv,,,,,,,,,,,,,,,,,,
12/02/2019,2026-03.csv,,,,,,,,,,,,,,,,,,
11/02/2020,2026-03.csv,,,,,,,,,,,,,,,,,,
24/12/2020,2026-03.csv,,,,,,,,,,,,,,,,,,
11/02/2020,2026-03.csv,,,,,,,,,,,,,,,,,,
10/05/2021,2026-03.csv,,,,,,,,,,,,,,,,,,
11/11/2020,2026-03.csv,,,,,,,,,,,,,,,,,,
18/01/2021,2026-03.csv,,,,,,,,,,,,,,,,,,
28/10/2023,2026-03.csv,,,,,,,,,,,,,,,,,,
31/08/2019,2026-03.csv,,,,,,,,,,,,,,,,,,
08/08/2023,2026-03.csv,,,,,,,,,,,,,,,,,,
05/03/2016,2026-03.csv,,,,,,,,,,,,,,,,,,
23/03/2021,2026-03.csv,,,,,,,,,,,,,,,,,,
01/07/2019,2026-03.csv,,,,,,,,,,,,,,,,,,
23/04/2021,2026-03.csv,,,,,,,,,,,,,,,,,,
01/07/2021,2026-03.csv,,,,,,,,,,,,,,,,,,
25/04/2022,2026-03.csv,,,,,,,,,,,,,,,,,,
07/11/2022,2026-03.csv,,,,,,,,,,,,,,,,,,
10/08/2022,2026-03.csv,,,,,,,,,,,,,,,,,,
01/08/2017,2026-03.csv,,,,,,,,,,,,,,,,,,
19/04/2023,2026-03.csv,,,,,,,,,,,,,,,,,,
22/05/2018,2026-03.csv,,,,,,,,,,,,,,,,,,
29/12/2023,2026-03.csv,,,,,,,,,,,,,,,,,,
03/02/2020,2026-03.csv,,,,,,,,,,,,,,,,,,
01/12/2021,2026-03.csv,,,,,,,,,,,,,,,,,,
27/02/2025,2026-03.csv,,,,,,,,,,,,,,,,,,
16/04/2020,2026-03.csv,,,,,,,,,,,,,,,,,,
25/08/2020,2026-03.csv,,,,,,,,,,,,,,,,,,
30/01/2024,2026-03.csv,,,,,,,,,,,,,,,,,,
19/08/2017,2026-03.csv,,,,,,,,,,,,,,,,,,
01/03/2016,2026-03.csv,,,,,,,,,,,,,,,,,,
17/12/2014,2026-03.csv,,,,,,,,,,,,,,,,,,
24/01/2022,2026-03.csv,,,,,,,,,,,,,,,,,,
29/01/2023,2026-03.csv,,,,,,,,,,,,,,,,,,
25/06/2021,2026-03.csv,,,,,,,,,,,,,,,,,,
05/06/2024,2026-03.csv,,,,,,,,,,,,,,,,,,
28/01/2023,2026-03.csv,,,,,,,,,,,,,,,,,,
24/01/2022,2026-03.csv,,,,,,,,,,,,,,,,,,
04/08/2020,2026-03.csv,,,,,,,,,,,,,,,,,,
29/11/2024,2026-03.csv,,,,,,,,,,,,,,,,,,
20/12/2024,2026-03.csv,,,,,,,,,,,,,,,,,,
24/05/2018,2026-03.csv,,,,,,,,,,,,,,,,,,
14/06/2022,2026-03.csv,,,,,,,,,,,,,,,,,,
13/01/2025,2026-03.csv,,,,,,,,,,,,,,,,,,
12/08/2009,2026-03.csv,,,,,,,,,,,,,,,,,,
11/11/2020,2026-03.csv,,,,,,,,,,,,,,,,,,
12/08/2011,2026-03.csv,,,,,,,,,,,,,,,,,,
14/02/2011,2026-03.csv,,,,,,,,,,,,,,,,,,
05/06/2024,2026-03.csv,,,,,,,,,,,,,,,,,,
01/03/2020,2026-03.csv,,,,,,,,,,,,,,,,,,
11/08/2018,2026-03.csv,,,,,,,,,,,,,,,,,,
25/05/2019,2026-03.csv,,,,,,,,,,,,,,,,,,
11/11/2020,2026-03.csv,,,,,,,,,,,,,,,,,,
27/08/2016,2026-03.csv,,,,,,,,,,,,,,,,,,
12/07/2021,2026-03.csv,,,,,,,,,,,,,,,,,,
10/03/2016,2026-03.csv,,,,,,,,,,,,,,,,,,
29/11/2024,2026-03.csv,,,,,,,,,,,,,,,,,,
31/01/2023,2026-03.csv,,,,,,,,,,,,,,,,,,
14/10/2022,2026-03.csv,,,,,,,,,,,,,,,,,,
24/12/2020,2026-03.csv,,,,,,,,,,,,,,,,,,
23/12/2009,2026-03.csv,,,,,,,,,,,,,,,,,,
25/06/2025,2026-03.csv,,,,,,,,,,,,,,,,,,
01/09/2025,2026-03.csv,,,,,,,,,,,,,,,,,,
30/05/2025,2026-03.csv,,,,,,,,,,,,,,,,,,
04/08/2020,2026-03.csv,,,,,,,,,,,,,,,,,,
02/02/2017,2026-03.csv,,,,,,,,,,,,,,,,,,
04/11/2022,2026-03.csv,,,,,,,,,,,,,,,,,,
28/12/2021,2026-03.csv,,,,,,,,,,,,,,,,,,
26/03/2024,2026-03.csv,,,,,,,,,,,,,,,,,,
31/01/2022,2026-03.csv,,,,,,,,,,,,,,,,,,
25/08/2025,2026-03.csv,,,,,,,,,,,,,,,,,,
04/08/2020,2026-03.csv,,,,,,,,,,,,,,,,,,
29/07/2022,2026-03.csv,,,,,,,,,,,,,,,,,,
16/04/2020,2026-03.csv,,,,,,,,,,,,,,,,,,
02/02/2021,2026-03.csv,,,,,,,,,,,,,,,,,,
22/05/2018,2026-03.csv,,,,,,,,,,,,,,,,,,
05/05/2022,2026-03.csv,,,,,,,,,,,,,,,,,,
04/05/2020,2026-03.csv,,,,,,,,,,,,,,,,,,
28/07/2021,2026-03.csv,,,,,,,,,,,,,,,,,,
29/05/2021,2026-03.csv,,,,,,,,,,,,,,,,,,
31/10/2022,2026-03.csv,,,,,,,,,,,,,,,,,,
04/11/2020,2026-03.csv,,,,,,,,,,,,,,,,,,
04/11/2019,2026-03.csv,,,,,,,,,,,,,,,,,,
05/07/2022,2026-03.csv,,,,,,,,,,,,,,,,,,
31/01/2023,2026-03.csv,,,,,,,,,,,,,,,,,,
28/11/2022,2026-03.csv,,,,,,,,,,,,,,,,,,
16/11/2018,2026-03.csv,,,,,,,,,,,,,,,,,,
29/07/2022,2026-03.csv,,,,,,,,,,,,,,,,,,
01/10/2020,2026-03.csv,,,,,,,,,,,,,,,,,,
29/01/2024,2026-03.csv,,,,,,,,,,,,,,,,,,
01/02/2019,2026-03.csv,,,,,,,,,,,,,,,,,,
10/07/2016,2026-03.csv,,,,,,,,,,,,,,,,,,
19/03/2024,2026-03.csv,,,,,,,,,,,,,,,,,,
16/04/2019,2026-03.csv,,,,,,,,,,,,,,,,,,
02/09/2023,2026-03.csv,,,,,,,,,,,,,,,,,,
22/07/2022,2026-03.csv,,,,,,,,,,,,,,,,,,
22/06/2020,2026-03.csv,,,,,,,,,,,,,,,,,,
30/06/2020,2026-03.csv,,,,,,,,,,,,,,,,,,
17/09/2009,2026-03.csv,,,,,,,,,,,,,,,,,,
01/08/2024,2026-03.csv,,,,,,,,,,,,,,,,,,
01/03/2019,2026-03.csv,,,,,,,,,,,,,,,,,,
01/07/2017,2026-03.csv,,,,,,,,,,,,,,,,,,
17/09/2009,2026-03.csv,,,,,,,,,,,,,,,,,,
18/09/2019,2026-03.csv,,,,,,,,,,,,,,,,,,
28/12/2020,2026-03.csv,,,,,,,,,,,,,,,,,,
10/03/2021,2026-03.csv,,,,,,,,,,,,,,,,,,
01/10/2019,2026-03.csv,,,,,,,,,,,,,,,,,,
17/09/2009,2026-03.csv,,,,,,,,,,,,,,,,,,
29/09/2022,2026-03.csv,,,,,,,,,,,,,,,,,,
01/08/2020,2026-03.csv,,,,,,,,,,,,,,,,,,
30/09/2024,2026-03.csv,,,,,,,,,,,,,,,,,,
17/09/2009,2026-03.csv,,,,,,,,,,,,,,,,,,
17/09/2009,2026-03.csv,,,,,,,,,,,,,,,,,,
12/02/2024,2026-03.csv,,,,,,,,,,,,,,,,,,
17/09/2018,2026-03.csv,,,,,,,,,,,,,,,,,,
25/06/2018,2026-03.csv,,,,,,,,,,,,,,,,,,
28/03/2023,2026-03.csv,,,,,,,,,,,,,,,,,,
24/10/2018,2026-03.csv,,,,,,,,,,,,,,,,,,
17/09/2009,2026-03.csv,,,,,,,,,,,,,,,,,,
29/05/2025,2026-03.csv,,,,,,,,,,,,,,,,,,
29/05/2025,2026-03.csv,,,,,,,,,,,,,,,,,,
27/12/2023,2026-03.csv,,,,,,,,,,,,,,,,,,
29/05/2019,2026-03.csv,,,,,,,,,,,,,,,,,,
,2026-03.csv,,,,,,,,,,,,,,,,,,
21/07/2022,2026-03.csv,,,,,,,,,,,,,,,,,,
21/07/2022,2026-03.csv,,,,,,,,,,,,,,,,,,
21/07/2022,2026-03.csv,,,,,,,,,,,,,,,,,,
05/08/2023,2026-03.csv,,,,,,,,,,,,,,,,,,
21/07/2022,2026-03.csv,,,,,,,,,,,,,,,,,,
01/08/2023,2026-03.csv,,,,,,,,,,,,,,,,,,
27/07/2016,2026-03.csv,,,,,,,,,,,,,,,,,,
25/01/2017,2026-03.csv,,,,,,,,,,,,,,,,,,
11/12/2024,2026-03.csv,,,,,,,,,,,,,,,,,,
11/12/2024,2026-03.csv,,,,,,,,,,,,,,,,,,
26/03/2021,2026-03.csv,,,,,,,,,,,,,,,,,,
08/03/2019,2026-03.csv,,,,,,,,,,,,,,,,,,
01/10/2020,2026-03.csv,,,,,,,,,,,,,,,,,,
27/02/2023,2026-03.csv,,,,,,,,,,,,,,,,,,
05/11/2024,2026-03.csv,,,,,,,,,,,,,,,,,,
25/06/2019,2026-03.csv,,,,,,,,,,,,,,,,,,
08/03/2019,2026-03.csv,,,,,,,,,,,,,,,,,,
28/04/2023,2026-03.csv,,,,,,,,,,,,,,,,,,
10/05/2022,2026-03.csv,,,,,,,,,,,,,,,,,,
29/08/2023,2026-03.csv,,,,,,,,,,,,,,,,,,
20/11/2020,2026-03.csv,,,,,,,,,,,,,,,,,,
05/11/2024,2026-03.csv,,,,,,,,,,,,,,,,,,
28/10/2014,2026-03.csv,,,,,,,,,,,,,,,,,,
07/11/2017,2026-03.csv,,,,,,,,,,,,,,,,,,
30/01/2023,2026-03.csv,,,,,,,,,,,,,,,,,,
10/09/2014,2026-03.csv,,,,,,,,,,,,,,,,,,
30/03/2021,2026-03.csv,,,,,,,,,,,,,,,,,,
11/02/2021,2026-03.csv,,,,,,,,,,,,,,,,,,
03/03/2024,2026-03.csv,,,,,,,,,,,,,,,,,,
20/09/2024,2026-03.csv,,,,,,,,,,,,,,,,,,
09/09/2003,2026-03.csv,,,,,,,,,,,,,,,,,,
12/01/2023,2026-03.csv,,,,,,,,,,,,,,,,,,
25/08/2022,2026-03.csv,,,,,,,,,,,,,,,,,,
16/11/2006,2026-03.csv,,,,,,,,,,,,,,,,,,
08/03/2019,2026-03.csv,,,,,,,,,,,,,,,,,,
21/08/2008,2026-03.csv,,,,,,,,,,,,,,,,,,
27/06/2017,2026-03.csv,,,,,,,,,,,,,,,,,,
29/05/2023,2026-03.csv,,,,,,,,,,,,,,,,,,
30/03/2023,2026-03.csv,,,,,,,,,,,,,,,,,,
28/06/2022,2026-03.csv,,,,,,,,,,,,,,,,,,
29/09/2022,2026-03.csv,,,,,,,,,,,,,,,,,,
31/12/2018,2026-03.csv,,,,,,,,,,,,,,,,,,
31/01/2022,2026-03.csv,,,,,,,,,,,,,,,,,,
04/07/2024,2026-03.csv,,,,,,,,,,,,,,,,,,
09/11/2012,2026-03.csv,,,,,,,,,,,,,,,,,,
20/12/2021,2026-03.csv,,,,,,,,,,,,,,,,,,
28/01/2019,2026-03.csv,,,,,,,,,,,,,,,,,,
07/12/2023,2026-03.csv,,,,,,,,,,,,,,,,,,
09/10/2017,2026-03.csv,,,,,,,,,,,,,,,,,,
29/03/2023,2026-03.csv,,,,,,,,,,,,,,,,,,
12/09/2019,2026-03.csv,,,,,,,,,,,,,,,,,,
17/12/2018,2026-03.csv,,,,,,,,,,,,,,,,,,
,2026-03.csv,,,,,,,,,,,,,,,,,,
10/01/2019,2026-03.csv,,,,,,,,,,,,,,,,,,
28/02/2019,2026-03.csv,,,,,,,,,,,,,,,,,,
10/01/2019,2026-03.csv,,,,,,,,,,,,,,,,,,
17/12/2018,2026-03.csv,,,,,,,,,,,,,,,,,,
15/06/2018,2026-03.csv,,,,,,,,,,,,,,,,,,
06/10/2018,2026-03.csv,,,,,,,,,,,,,,,,,,
27/01/2020,2026-03.csv,,,,,,,,,,,,,,,,,,
07/03/2019,2026-03.csv,,,,,,,,,,,,,,,,,,
19/02/2020,2026-03.csv,,,,,,,,,,,,,,,,,,
27/11/2019,2026-03.csv,,,,,,,,,,,,,,,,,,
05/09/2023,2026-03.csv,,,,,,,,,,,,,,,,,,
24/02/2023,2026-03.csv,,,,,,,,,,,,,,,,,,
19/10/2023,2026-03.csv,,,,,,,,,,,,,,,,,,
04/08/2023,2026-03.csv,,,,,,,,,,,,,,,,,,
20/09/2022,2026-03.csv,,,,,,,,,,,,,,,,,,
25/08/2021,2026-03.csv,,,,,,,,,,,,,,,,,,
05/04/2022,2026-03.csv,,,,,,,,,,,,,,,,,,
08/12/2021,2026-03.csv,,,,,,,,,,,,,,,,,,
04/10/2022,2026-03.csv,,,,,,,,,,,,,,,,,,
25/10/2016,2026-03.csv,,,,,,,,,,,,,,,,,,
11/09/2025,2026-03.csv,,,,,,,,,,,,,,,,,,
18/06/2022,2026-03.csv,,,,,,,,,,,,,,,,,,
16/07/2019,2026-03.csv,,,,,,,,,,,,,,,,,,
10/12/2010,2026-03.csv,,,,,,,,,,,,,,,,,,
18/02/2015,2026-03.csv,,,,,,,,,,,,,,,,,,
18/02/2015,2026-03.csv,,,,,,,,,,,,,,,,,,
24/05/2018,2026-03.csv,,,,,,,,,,,,,,,,,,
28/10/2013,2026-03.csv,,,,,,,,,,,,,,,,,,
06/12/2017,2026-03.csv,,,,,,,,,,,,,,,,,,
22/02/2021,2026-03.csv,,,,,,,,,,,,,,,,,,
22/02/2021,2026-03.csv,,,,,,,,,,,,,,,,,,
26/08/2022,2026-03.csv,,,,,,,,,,,,,,,,,,
26/12/2008,2026-03.csv,,,,,,,,,,,,,,,,,,
13/08/2019,2026-03.csv,,,,,,,,,,,,,,,,,,
01/01/2018,2026-03.csv,,,,,,,,,,,,,,,,,,
03/01/2018,2026-03.csv,,,,,,,,,,,,,,,,,,
16/05/2018,2026-03.csv,,,,,,,,,,,,,,,,,,
27/09/2017,2026-03.csv,,,,,,,,,,,,,,,,,,
21/04/2017,2026-03.csv,,,,,,,,,,,,,,,,,,
30/09/2011,2026-03.csv,,,,,,,,,,,,,,,,,,
14/05/2018,2026-03.csv,,,,,,,,,,,,,,,,,,
11/11/2017,2026-03.csv,,,,,,,,,,,,,,,,,,
12/08/2021,2026-03.csv,,,,,,,,,,,,,,,,,,
19/05/2020,2026-03.csv,,,,,,,,,,,,,,,,,,
08/04/2021,2026-03.csv,,,,,,,,,,,,,,,,,,
06/03/2025,2026-03.csv,,,,,,,,,,,,,,,,,,
22/08/2022,2026-03.csv,,,,,,,,,,,,,,,,,,
12/09/2024,2026-03.csv,,,,,,,,,,,,,,,,,,
23/06/2025,2026-03.csv,,,,,,,,,,,,,,,,,,
18/08/2023,2026-03.csv,,,,,,,,,,,,,,,,,,
06/04/2022,2026-03.csv,,,,,,,,,,,,,,,,,,
30/01/2020,2026-03.csv,,,,,,,,,,,,,,,,,,
18/09/2023,2026-03.csv,,,,,,,,,,,,,,,,,,
16/05/2024,2026-03.csv,,,,,,,,,,,,,,,,,,
28/06/2022,2026-03.csv,,,,,,,,,,,,,,,,,,
26/02/2021,2026-03.csv,,,,,,,,,,,,,,,,,,
03/09/2021,2026-03.csv,,,,,,,,,,,,,,,,,,
14/06/2022,2026-03.csv,,,,,,,,,,,,,,,,,,
17/06/2022,2026-03.csv,,,,,,,,,,,,,,,,,,
30/05/2025,2026-03.csv,,,,,,,,,,,,,,,,,,
28/02/2022,2026-03.csv,,,,,,,,,,,,,,,,,,
13/06/2022,2026-03.csv,,,,,,,,,,,,,,,,,,
13/01/2006,2026-03.csv,,,,,,,,,,,,,,,,,,
15/03/2022,2026-03.csv,,,,,,,,,,,,,,,,,,
23/03/2022,2026-03.csv,,,,,,,,,,,,,,,,,,
15/03/2022,2026-03.csv,,,,,,,,,,,,,,,,,,
29/03/2022,2026-03.csv,,,,,,,,,,,,,,,,,,
21/12/2022,2026-03.csv,,,,,,,,,,,,,,,,,,
21/12/2022,2026-03.csv,,,,,,,,,,,,,,,,,,
21/12/2022,2026-03.csv,,,,,,,,,,,,,,,,,,
21/12/2022,2026-03.csv,,,,,,,,,,,,,,,,,,
21/12/2022,2026-03.csv,,,,,,,,,,,,,,,,,,
21/12/2022,2026-03.csv,,,,,,,,,,,,,,,,,,
20/12/2022,2026-03.csv,,,,,,,,,,,,,,,,,,
21/01/2022,2026-03.csv,,,,,,,,,,,,,,,,,,
19/04/2022,2026-03.csv,,,,,,,,,,,,,,,,,,
29/12/2020,2026-03.csv,,,,,,,,,,,,,,,,,,
08/03/2022,2026-03.csv,,,,,,,,,,,,,,,,,,
21/04/2021,2026-03.csv,,,,,,,,,,,,,,,,,,
29/06/2022,2026-03.csv,,,,,,,,,,,,,,,,,,
05/08/2021,2026-03.csv,,,,,,,,,,,,,,,,,,
22/03/2024,2026-03.csv,,,,,,,,,,,,,,,,,,
21/11/2019,2026-03.csv,,,,,,,,,,,,,,,,,,
10/01/2018,2026-03.csv,,,,,,,,,,,,,,,,,,
03/03/2020,2026-03.csv,,,,,,,,,,,,,,,,,,
01/03/2017,2026-03.csv,,,,,,,,,,,,,,,,,,
15/05/2023,2026-03.csv,,,,,,,,,,,,,,,,,,
12/07/2023,2026-03.csv,,,,,,,,,,,,,,,,,,
19/05/2021,2026-03.csv,,,,,,,,,,,,,,,,,,
09/11/2022,2026-03.csv,,,,,,,,,,,,,,,,,,
19/06/2024,2026-03.csv,,,,,,,,,,,,,,,,,,
23/09/2021,2026-03.csv,,,,,,,,,,,,,,,,,,
27/06/2019,2026-03.csv,,,,,,,,,,,,,,,,,,
31/01/2022,2026-03.csv,,,,,,,,,,,,,,,,,,
09/04/2025,2026-03.csv,,,,,,,,,,,,,,,,,,
22/12/2020,2026-03.csv,,,,,,,,,,,,,,,,,,
31/01/2022,2026-03.csv,,,,,,,,,,,,,,,,,,
26/05/2023,2026-03.csv,,,,,,,,,,,,,,,,,,
31/07/2020,2026-03.csv,,,,,,,,,,,,,,,,,,
30/08/2022,2026-03.csv,,,,,,,,,,,,,,,,,,
26/09/2025,2026-03.csv,,,,,,,,,,,,,,,,,,
28/03/2016,2026-03.csv,,,,,,,,,,,,,,,,,,
22/06/2009,2026-03.csv,,,,,,,,,,,,,,,,,,
09/02/2023,2026-03.csv,,,,,,,,,,,,,,,,,,
22/01/2024,2026-03.csv,,,,,,,,,,,,,,,,,,
22/12/2015,2026-03.csv,,,,,,,,,,,,,,,,,,
16/12/2024,2026-03.csv,,,,,,,,,,,,,,,,,,
07/07/2011,2026-03.csv,,,,,,,,,,,,,,,,,,
29/06/2022,2026-03.csv,,,,,,,,,,,,,,,,,,
15/06/2020,2026-03.csv,,,,,,,,,,,,,,,,,,
01/04/2020,2026-03.csv,,,,,,,,,,,,,,,,,,
27/07/2020,2026-03.csv,,,,,,,,,,,,,,,,,,
01/07/2021,2026-03.csv,,,,,,,,,,,,,,,,,,
30/05/2025,2026-03.csv,,,,,,,,,,,,,,,,,,
21/09/2020,2026-03.csv,,,,,,,,,,,,,,,,,,
27/01/2023,2026-03.csv,,,,,,,,,,,,,,,,,,
18/12/2024,2026-03.csv,,,,,,,,,,,,,,,,,,
15/05/2023,2026-03.csv,,,,,,,,,,,,,,,,,,
16/03/2022,2026-03.csv,,,,,,,,,,,,,,,,,,
12/04/2023,2026-03.csv,,,,,,,,,,,,,,,,,,
30/10/2023,2026-03.csv,,,,,,,,,,,,,,,,,,
24/09/2025,2026-03.csv,,,,,,,,,,,,,,,,,,
05/09/2024,2026-03.csv,,,,,,,,,,,,,,,,,,
20/06/2024,2026-03.csv,,,,,,,,,,,,,,,,,,
23/04/2021,2026-03.csv,,,,,,,,,,,,,,,,,,
23/02/2017,2026-03.csv,,,,,,,,,,,,,,,,,,
13/08/2021,2026-03.csv,,,,,,,,,,,,,,,,,,
27/05/2022,2026-03.csv,,,,,,,,,,,,,,,,,,
19/04/2022,2026-03.csv,,,,,,,,,,,,,,,,,,
30/11/2022,2026-03.csv,,,,,,,,,,,,,,,,,,
31/01/2022,2026-03.csv,,,,,,,,,,,,,,,,,,
27/10/2023,2026-03.csv,,,,,,,,,,,,,,,,,,
19/12/2023,2026-03.csv,,,,,,,,,,,,,,,,,,
08/11/2021,2026-03.csv,,,,,,,,,,,,,,,,,,
30/09/2024,2026-03.csv,,,,,,,,,,,,,,,,,,
11/09/2024,2026-03.csv,,,,,,,,,,,,,,,,,,
22/05/2018,2026-03.csv,,,,,,,,,,,,,,,,,,
27/02/2018,2026-03.csv,,,,,,,,,,,,,,,,,,
19/04/2023,2026-03.csv,,,,,,,,,,,,,,,,,,
11/04/2023,2026-03.csv,,,,,,,,,,,,,,,,,,
11/07/2013,2026-03.csv,,,,,,,,,,,,,,,,,,
12/09/2022,2026-03.csv,,,,,,,,,,,,,,,,,,
03/10/2024,2026-03.csv,,,,,,,,,,,,,,,,,,
14/09/2015,2026-03.csv,,,,,,,,,,,,,,,,,,
30/05/2017,2026-03.csv,,,,,,,,,,,,,,,,,,
07/03/2016,2026-03.csv,,,,,,,,,,,,,,,,,,
04/09/2015,2026-03.csv,,,,,,,,,,,,,,,,,,
30/09/2022,2026-03.csv,,,,,,,,,,,,,,,,,,
30/09/2022,2026-03.csv,,,,,,,,,,,,,,,,,,
15/09/2022,2026-03.csv,,,,,,,,,,,,,,,,,,
03/02/2023,2026-03.csv,,,,,,,,,,,,,,,,,,
08/12/2022,2026-03.csv,,,,,,,,,,,,,,,,,,
12/09/2022,2026-03.csv,,,,,,,,,,,,,,,,,,
20/04/2017,2026-03.csv,,,,,,,,,,,,,,,,,,
01/06/2022,2026-03.csv,,,,,,,,,,,,,,,,,,
01/01/1999,2026-03.csv,,,,,,,,,,,,,,,,,,
19/02/2024,2026-03.csv,,,,,,,,,,,,,,,,,,
01/04/2019,2026-03.csv,,,,,,,,,,,,,,,,,,
30/04/2020,2026-03.csv,,,,,,,,,,,,,,,,,,
01/04/2019,2026-03.csv,,,,,,,,,,,,,,,,,,
31/03/2013,2026-03.csv,,,,,,,,,,,,,,,,,,
25/10/2023,2026-03.csv,,,,,,,,,,,,,,,,,,
29/06/2018,2026-03.csv,,,,,,,,,,,,,,,,,,
25/05/2023,2026-03.csv,,,,,,,,,,,,,,,,,,
25/10/2024,2026-03.csv,,,,,,,,,,,,,,,,,,
19/08/2024,2026-03.csv,,,,,,,,,,,,,,,,,,
04/10/2013,2026-03.csv,,,,,,,,,,,,,,,,,,
03/10/2018,2026-03.csv,,,,,,,,,,,,,,,,,,
01/04/2019,2026-03.csv,,,,,,,,,,,,,,,,,,
21/10/2020,2026-03.csv,,,,,,,,,,,,,,,,,,
20/02/2018,2026-03.csv,,,,,,,,,,,,,,,,,,
19/08/2024,2026-03.csv,,,,,,,,,,,,,,,,,,
01/01/2019,2026-03.csv,,,,,,,,,,,,,,,,,,
31/03/2016,2026-03.csv,,,,,,,,,,,,,,,,,,
15/03/2010,2026-03.csv,,,,,,,,,,,,,,,,,,
07/10/2022,2026-03.csv,,,,,,,,,,,,,,,,,,
07/09/2020,2026-03.csv,,,,,,,,,,,,,,,,,,
05/10/2015,2026-03.csv,,,,,,,,,,,,,,,,,,
11/07/2020,2026-03.csv,,,,,,,,,,,,,,,,,,
31/03/2009,2026-03.csv,,,,,,,,,,,,,,,,,,
01/03/2018,2026-03.csv,,,,,,,,,,,,,,,,,,
01/02/2023,2026-03.csv,,,,,,,,,,,,,,,,,,
01/06/2022,2026-03.csv,,,,,,,,,,,,,,,,,,
30/01/2014,2026-03.csv,,,,,,,,,,,,,,,,,,
19/08/2024,2026-03.csv,,,,,,,,,,,,,,,,,,
10/11/2017,2026-03.csv,,,,,,,,,,,,,,,,,,
15/02/2018,2026-03.csv,,,,,,,,,,,,,,,,,,
09/09/2024,2026-03.csv,,,,,,,,,,,,,,,,,,
31/03/2013,2026-03.csv,,,,,,,,,,,,,,,,,,
19/11/2008,2026-03.csv,,,,,,,,,,,,,,,,,,
25/08/2023,2026-03.csv,,,,,,,,,,,,,,,,,,
05/12/2017,2026-03.csv,,,,,,,,,,,,,,,,,,
29/12/2010,2026-03.csv,,,,,,,,,,,,,,,,,,
07/06/2024,2026-03.csv,,,,,,,,,,,,,,,,,,
01/03/2019,2026-03.csv,,,,,,,,,,,,,,,,,,
31/05/2022,2026-03.csv,,,,,,,,,,,,,,,,,,
11/11/2022,2026-03.csv,,,,,,,,,,,,,,,,,,
15/07/2009,2026-03.csv,,,,,,,,,,,,,,,,,,
15/07/2009,2026-03.csv,,,,,,,,,,,,,,,,,,
05/12/2025,2026-03.csv,,,,,,,,,,,,,,,,,,
28/02/2008,2026-03.csv,,,,,,,,,,,,,,,,,,
24/01/2023,2026-03.csv,,,,,,,,,,,,,,,,,,
,2026-03.csv,,,,,,,,,,,,,,,,,,
31/03/2022,2026-03.csv,,,,,,,,,,,,,,,,,,
31/01/2019,2026-03.csv,,,,,,,,,,,,,,,,,,
26/08/2015,2026-03.csv,,,,,,,,,,,,,,,,,,
30/01/2025,2026-03.csv,,,,,,,,,,,,,,,,,,
28/08/2023,2026-03.csv,,,,,,,,,,,,,,,,,,
29/03/2023,2026-03.csv,,,,,,,,,,,,,,,,,,
19/02/2024,2026-03.csv,,,,,,,,,,,,,,,,,,
25/08/2023,2026-03.csv,,,,,,,,,,,,,,,,,,
06/12/2023,2026-03.csv,,,,,,,,,,,,,,,,,,
21/11/2022,2026-03.csv,,,,,,,,,,,,,,,,,,
04/10/2017,2026-03.csv,,,,,,,,,,,,,,,,,,
25/08/2023,2026-03.csv,,,,,,,,,,,,,,,,,,
31/03/2016,2026-03.csv,,,,,,,,,,,,,,,,,,
31/03/2016,2026-03.csv,,,,,,,,,,,,,,,,,,
20/02/2013,2026-03.csv,,,,,,,,,,,,,,,,,,
08/12/2015,2026-03.csv,,,,,,,,,,,,,,,,,,
12/09/2022,2026-03.csv,,,,,,,,,,,,,,,,,,
19/08/2022,2026-03.csv,,,,,,,,,,,,,,,,,,
02/09/2016,2026-03.csv,,,,,,,,,,,,,,,,,,
15/03/2010,2026-03.csv,,,,,,,,,,,,,,,,,,
03/04/2023,2026-03.csv,,,,,,,,,,,,,,,,,,
19/08/2002,2026-03.csv,,,,,,,,,,,,,,,,,,
11/04/2023,2026-03.csv,,,,,,,,,,,,,,,,,,
19/04/2023,2026-03.csv,,,,,,,,,,,,,,,,,,
02/09/2025,2026-03.csv,,,,,,,,,,,,,,,,,,
01/04/2013,2026-03.csv,,,,,,,,,,,,,,,,,,
09/09/2022,2026-03.csv,,,,,,,,,,,,,,,,,,
01/07/2011,2026-03.csv,,,,,,,,,,,,,,,,,,
05/04/2014,2026-03.csv,,,,,,,,,,,,,,,,,,
29/01/2018,2026-03.csv,,,,,,,,,,,,,,,,,,
14/10/2025,2026-03.csv,,,,,,,,,,,,,,,,,,
09/04/2025,2026-03.csv,,,,,,,,,,,,,,,,,,
01/03/2023,2026-03.csv,,,,,,,,,,,,,,,,,,
25/08/2023,2026-03.csv,,,,,,,,,,,,,,,,,,
01/04/2019,2026-03.csv,,,,,,,,,,,,,,,,,,
27/07/2023,2026-03.csv,,,,,,,,,,,,,,,,,,
31/03/2017,2026-03.csv,,,,,,,,,,,,,,,,,,
30/09/2020,2026-03.csv,,,,,,,,,,,,,,,,,,
31/03/2011,2026-03.csv,,,,,,,,,,,,,,,,,,
05/10/2007,2026-03.csv,,,,,,,,,,,,,,,,,,
13/09/2018,2026-03.csv,,,,,,,,,,,,,,,,,,
31/03/2010,2026-03.csv,,,,,,,,,,,,,,,,,,
20/07/2015,2026-03.csv,,,,,,,,,,,,,,,,,,
21/08/2019,2026-03.csv,,,,,,,,,,,,,,,,,,
02/09/2016,2026-03.csv,,,,,,,,,,,,,,,,,,
08/12/2015,2026-03.csv,,,,,,,,,,,,,,,,,,
10/11/2017,2026-03.csv,,,,,,,,,,,,,,,,,,
18/11/2015,2026-03.csv,,,,,,,,,,,,,,,,,,
21/08/2015,2026-03.csv,,,,,,,,,,,,,,,,,,
18/02/2018,2026-03.csv,,,,,,,,,,,,,,,,,,
04/07/2017,2026-03.csv,,,,,,,,,,,,,,,,,,
14/03/2023,2026-03.csv,,,,,,,,,,,,,,,,,,
30/09/2016,2026-03.csv,,,,,,,,,,,,,,,,,,
01/03/2018,2026-03.csv,,,,,,,,,,,,,,,,,,
05/10/2021,2026-03.csv,,,,,,,,,,,,,,,,,,
08/09/2016,2026-03.csv,,,,,,,,,,,,,,,,,,
31/03/2013,2026-03.csv,,,,,,,,,,,,,,,,,,
28/06/2010,2026-03.csv,,,,,,,,,,,,,,,,,,
05/03/2010,2026-03.csv,,,,,,,,,,,,,,,,,,
27/01/2014,2026-03.csv,,,,,,,,,,,,,,,,,,
28/07/2015,2026-03.csv,,,,,,,,,,,,,,,,,,
26/08/2022,2026-03.csv,,,,,,,,,,,,,,,,,,
31/03/2016,2026-03.csv,,,,,,,,,,,,,,,,,,
19/09/2017,2026-03.csv,,,,,,,,,,,,,,,,,,
31/03/2013,2026-03.csv,,,,,,,,,,,,,,,,,,
20/04/2019,2026-03.csv,,,,,,,,,,,,,,,,,,
05/09/2016,2026-03.csv,,,,,,,,,,,,,,,,,,
11/04/2025,2026-03.csv,,,,,,,,,,,,,,,,,,
05/03/2016,2026-03.csv,,,,,,,,,,,,,,,,,,
13/09/2018,2026-03.csv,,,,,,,,,,,,,,,,,,
31/03/1994,2026-03.csv,,,,,,,,,,,,,,,,,,
24/06/2025,2026-03.csv,,,,,,,,,,,,,,,,,,
04/11/2004,2026-03.csv,,,,,,,,,,,,,,,,,,
08/12/2015,2026-03.csv,,,,,,,,,,,,,,,,,,
14/07/2023,2026-03.csv,,,,,,,,,,,,,,,,,,
31/03/2009,2026-03.csv,,,,,,,,,,,,,,,,,,
03/04/2023,2026-03.csv,,,,,,,,,,,,,,,,,,
01/01/2014,2026-03.csv,,,,,,,,,,,,,,,,,,
16/05/2016,2026-03.csv,,,,,,,,,,,,,,,,,,
22/03/2017,2026-03.csv,,,,,,,,,,,,,,,,,,
24/01/2007,2026-03.csv,,,,,,,,,,,,,,,,,,
27/08/2021,2026-03.csv,,,,,,,,,,,,,,,,,,
01/03/2019,2026-03.csv,,,,,,,,,,,,,,,,,,
19/02/2024,2026-03.csv,,,,,,,,,,,,,,,,,,
19/02/2024,2026-03.csv,,,,,,,,,,,,,,,,,,
12/09/2022,2026-03.csv,,,,,,,,,,,,,,,,,,
16/07/2016,2026-03.csv,,,,,,,,,,,,,,,,,,
13/09/2018,2026-03.csv,,,,,,,,,,,,,,,,,,
01/04/2012,2026-03.csv,,,,,,,,,,,,,,,,,,
11/12/2015,2026-03.csv,,,,,,,,,,,,,,,,,,
17/01/2017,2026-03.csv,,,,,,,,,,,,,,,,,,
01/09/2012,2026-03.csv,,,,,,,,,,,,,,,,,,
08/12/2015,2026-03.csv,,,,,,,,,,,,,,,,,,
25/08/2023,2026-03.csv,,,,,,,,,,,,,,,,,,
25/09/2019,2026-03.csv,,,,,,,,,,,,,,,,,,
01/04/2019,2026-03.csv,,,,,,,,,,,,,,,,,,
09/05/2008,2026-03.csv,,,,,,,,,,,,,,,,,,
30/11/2016,2026-03.csv,,,,,,,,,,,,,,,,,,
31/03/2015,2026-03.csv,,,,,,,,,,,,,,,,,,
09/02/2011,2026-03.csv,,,,,,,,,,,,,,,,,,
01/03/2018,2026-03.csv,,,,,,,,,,,,,,,,,,
17/05/2022,2026-03.csv,,,,,,,,,,,,,,,,,,
31/03/2012,2026-03.csv,,,,,,,,,,,,,,,,,,
24/07/2008,2026-03.csv,,,,,,,,,,,,,,,,,,
01/10/2019,2026-03.csv,,,,,,,,,,,,,,,,,,
07/03/2019,2026-03.csv,,,,,,,,,,,,,,,,,,
10/03/2019,2026-03.csv,,,,,,,,,,,,,,,,,,
20/05/2022,2026-03.csv,,,,,,,,,,,,,,,,,,
17/10/2022,2026-03.csv,,,,,,,,,,,,,,,,,,
01/02/2023,2026-03.csv,,,,,,,,,,,,,,,,,,
01/09/2019,2026-03.csv,,,,,,,,,,,,,,,,,,
19/08/2024,2026-03.csv,,,,,,,,,,,,,,,,,,
19/06/2012,2026-03.csv,,,,,,,,,,,,,,,,,,
31/03/2008,2026-03.csv,,,,,,,,,,,,,,,,,,
01/04/2017,2026-03.csv,,,,,,,,,,,,,,,,,,
07/10/2021,2026-03.csv,,,,,,,,,,,,,,,,,,
02/11/2010,2026-03.csv,,,,,,,,,,,,,,,,,,
01/06/2020,2026-03.csv,,,,,,,,,,,,,,,,,,
31/08/2023,2026-03.csv,,,,,,,,,,,,,,,,,,
01/05/2022,2026-03.csv,,,,,,,,,,,,,,,,,,
15/11/2007,2026-03.csv,,,,,,,,,,,,,,,,,,
31/03/2014,2026-03.csv,,,,,,,,,,,,,,,,,,
08/04/2025,2026-03.csv,,,,,,,,,,,,,,,,,,
21/11/2022,2026-03.csv,,,,,,,,,,,,,,,,,,
08/08/2022,2026-03.csv,,,,,,,,,,,,,,,,,,
10/06/2016,2026-03.csv,,,,,,,,,,,,,,,,,,
13/02/2024,2026-03.csv,,,,,,,,,,,,,,,,,,
24/11/2024,2026-03.csv,,,,,,,,,,,,,,,,,,
01/07/2016,2026-03.csv,,,,,,,,,,,,,,,,,,
01/09/2019,2026-03.csv,,,,,,,,,,,,,,,,,,
07/10/2021,2026-03.csv,,,,,,,,,,,,,,,,,,
08/09/2016,2026-03.csv,,,,,,,,,,,,,,,,,,
31/03/2001,2026-03.csv,,,,,,,,,,,,,,,,,,
31/03/2016,2026-03.csv,,,,,,,,,,,,,,,,,,
19/10/2015,2026-03.csv,,,,,,,,,,,,,,,,,,
01/04/2008,2026-03.csv,,,,,,,,,,,,,,,,,,
31/03/2008,2026-03.csv,,,,,,,,,,,,,,,,,,
24/01/2023,2026-03.csv,,,,,,,,,,,,,,,,,,
25/05/2022,2026-03.csv,,,,,,,,,,,,,,,,,,
28/04/2023,2026-03.csv,,,,,,,,,,,,,,,,,,
24/01/2023,2026-03.csv,,,,,,,,,,,,,,,,,,
01/04/2016,2026-03.csv,,,,,,,,,,,,,,,,,,
01/02/2023,2026-03.csv,,,,,,,,,,,,,,,,,,
10/11/2016,2026-03.csv,,,,,,,,,,,,,,,,,,
19/01/2023,2026-03.csv,,,,,,,,,,,,,,,,,,
24/01/2024,2026-03.csv,,,,,,,,,,,,,,,,,,
01/03/2018,2026-03.csv,,,,,,,,,,,,,,,,,,
02/08/2019,2026-03.csv,,,,,,,,,,,,,,,,,,
10/08/2017,2026-03.csv,,,,,,,,,,,,,,,,,,
15/12/2023,2026-03.csv,,,,,,,,,,,,,,,,,,
18/11/2015,2026-03.csv,,,,,,,,,,,,,,,,,,
03/02/2023,2026-03.csv,,,,,,,,,,,,,,,,,,
01/05/2022,2026-03.csv,,,,,,,,,,,,,,,,,,
11/09/2024,2026-03.csv,,,,,,,,,,,,,,,,,,
01/11/2015,2026-03.csv,,,,,,,,,,,,,,,,,,
19/02/2024,2026-03.csv,,,,,,,,,,,,,,,,,,
01/12/2022,2026-03.csv,,,,,,,,,,,,,,,,,,
04/03/2024,2026-03.csv,,,,,,,,,,,,,,,,,,
19/09/2019,2026-03.csv,,,,,,,,,,,,,,,,,,
30/10/2009,2026-03.csv,,,,,,,,,,,,,,,,,,
29/08/2018,2026-03.csv,,,,,,,,,,,,,,,,,,
06/10/2022,2026-03.csv,,,,,,,,,,,,,,,,,,
31/03/2004,2026-03.csv,,,,,,,,,,,,,,,,,,
31/03/2001,2026-03.csv,,,,,,,,,,,,,,,,,,
21/07/2022,2026-03.csv,,,,,,,,,,,,,,,,,,
16/09/2016,2026-03.csv,,,,,,,,,,,,,,,,,,
21/07/2008,2026-03.csv,,,,,,,,,,,,,,,,,,
17/04/2025,2026-03.csv,,,,,,,,,,,,,,,,,,
28/08/2017,2026-03.csv,,,,,,,,,,,,,,,,,,
29/10/2013,2026-03.csv,,,,,,,,,,,,,,,,,,
24/10/2024,2026-03.csv,,,,,,,,,,,,,,,,,,
22/04/2016,2026-03.csv,,,,,,,,,,,,,,,,,,
24/08/2016,2026-03.csv,,,,,,,,,,,,,,,,,,
10/06/2016,2026-03.csv,,,,,,,,,,,,,,,,,,
17/05/2017,2026-03.csv,,,,,,,,,,,,,,,,,,
20/12/2017,2026-03.csv,,,,,,,,,,,,,,,,,,
28/02/2008,2026-03.csv,,,,,,,,,,,,,,,,,,
25/08/2023,2026-03.csv,,,,,,,,,,,,,,,,,,
01/04/2019,2026-03.csv,,,,,,,,,,,,,,,,,,
30/12/2020,2026-03.csv,,,,,,,,,,,,,,,,,,
30/12/2020,2026-03.csv,,,,,,,,,,,,,,,,,,
07/11/2019,2026-03.csv,,,,,,,,,,,,,,,,,,
19/07/2021,2026-03.csv,,,,,,,,,,,,,,,,,,
05/07/2016,2026-03.csv,,,,,,,,,,,,,,,,,,
29/02/2016,2026-03.csv,,,,,,,,,,,,,,,,,,
31/03/2022,2026-03.csv,,,,,,,,,,,,,,,,,,
15/06/2022,2026-03.csv,,,,,,,,,,,,,,,,,,
16/02/2023,2026-03.csv,,,,,,,,,,,,,,,,,,
07/11/2022,2026-03.csv,,,,,,,,,,,,,,,,,,
25/08/2022,2026-03.csv,,,,,,,,,,,,,,,,,,
12/10/2022,2026-03.csv,,,,,,,,,,,,,,,,,,
13/03/2018,2026-03.csv,,,,,,,,,,,,,,,,,,
23/01/2018,2026-03.csv,,,,,,,,,,,,,,,,,,
05/10/2021,2026-03.csv,,,,,,,,,,,,,,,,,,
15/02/2021,2026-03.csv,,,,,,,,,,,,,,,,,,
09/03/2024,2026-03.csv,,,,,,,,,,,,,,,,,,
09/12/2017,2026-03.csv,,,,,,,,,,,,,,,,,,
20/03/2023,2026-03.csv,,,,,,,,,,,,,,,,,,
17/04/2022,2026-03.csv,,,,,,,,,,,,,,,,,,
20/10/2022,2026-03.csv,,,,,,,,,,,,,,,,,,
19/02/2025,2026-03.csv,,,,,,,,,,,,,,,,,,
24/08/2023,2026-03.csv,,,,,,,,,,,,,,,,,,
02/08/2024,2026-03.csv,,,,,,,,,,,,,,,,,,
29/03/2023,2026-03.csv,,,,,,,,,,,,,,,,,,
12/02/2024,2026-03.csv,,,,,,,,,,,,,,,,,,
07/02/2024,2026-03.csv,,,,,,,,,,,,,,,,,,
27/03/2023,2026-03.csv,,,,,,,,,,,,,,,,,,
20/02/2024,2026-03.csv,,,,,,,,,,,,,,,,,,
11/01/2024,2026-03.csv,,,,,,,,,,,,,,,,,,
15/03/2024,2026-03.csv,,,,,,,,,,,,,,,,,,
08/02/2024,2026-03.csv,,,,,,,,,,,,,,,,,,
08/02/2021,2026-03.csv,,,,,,,,,,,,,,,,,,
19/01/2018,2026-03.csv,,,,,,,,,,,,,,,,,,
11/10/2022,2026-03.csv,,,,,,,,,,,,,,,,,,
14/10/2022,2026-03.csv,,,,,,,,,,,,,,,,,,
30/03/2025,2026-03.csv,,,,,,,,,,,,,,,,,,
14/01/2018,2026-03.csv,,,,,,,,,,,,,,,,,,
17/12/2019,2026-03.csv,,,,,,,,,,,,,,,,,,
11/03/2024,2026-03.csv,,,,,,,,,,,,,,,,,,
08/08/2022,2026-03.csv,,,,,,,,,,,,,,,,,,
31/03/2023,2026-03.csv,,,,,,,,,,,,,,,,,,
07/03/2023,2026-03.csv,,,,,,,,,,,,,,,,,,
26/10/2017,2026-03.csv,,,,,,,,,,,,,,,,,,
03/12/2021,2026-03.csv,,,,,,,,,,,,,,,,,,
16/07/2024,2026-03.csv,,,,,,,,,,,,,,,,,,
12/01/2016,2026-03.csv,,,,,,,,,,,,,,,,,,
17/10/2022,2026-03.csv,,,,,,,,,,,,,,,,,,
31/03/2016,2026-03.csv,,,,,,,,,,,,,,,,,,
20/12/2021,2026-03.csv,,,,,,,,,,,,,,,,,,
31/03/2023,2026-03.csv,,,,,,,,,,,,,,,,,,
24/06/2020,2026-03.csv,,,,,,,,,,,,,,,,,,
31/03/2015,2026-03.csv,,,,,,,,,,,,,,,,,,
17/11/2021,2026-03.csv,,,,,,,,,,,,,,,,,,
14/01/2016,2026-03.csv,,,,,,,,,,,,,,,,,,
16/01/2023,2026-03.csv,,,,,,,,,,,,,,,,,,
20/12/2021,2026-03.csv,,,,,,,,,,,,,,,,,,
28/02/2023,2026-03.csv,,,,,,,,,,,,,,,,,,
28/10/2024,2026-03.csv,,,,,,,,,,,,,,,,,,
30/03/2025,2026-03.csv,,,,,,,,,,,,,,,,,,
10/10/2015,2026-03.csv,,,,,,,,,,,,,,,,,,
29/06/2022,2026-03.csv,,,,,,,,,,,,,,,,,,
30/07/2021,2026-03.csv,,,,,,,,,,,,,,,,,,
15/11/2021,2026-03.csv,,,,,,,,,,,,,,,,,,
27/12/2021,2026-03.csv,,,,,,,,,,,,,,,,,,
11/05/2020,2026-03.csv,,,,,,,,,,,,,,,,,,
02/08/2024,2026-03.csv,,,,,,,,,,,,,,,,,,
02/08/2024,2026-03.csv,,,,,,,,,,,,,,,,,,
11/10/2022,2026-03.csv,,,,,,,,,,,,,,,,,,
04/03/2022,2026-03.csv,,,,,,,,,,,,,,,,,,
22/02/2022,2026-03.csv,,,,,,,,,,,,,,,,,,
27/03/2023,2026-03.csv,,,,,,,,,,,,,,,,,,
24/03/2023,2026-03.csv,,,,,,,,,,,,,,,,,,
20/03/2023,2026-03.csv,,,,,,,,,,,,,,,,,,
16/03/2023,2026-03.csv,,,,,,,,,,,,,,,,,,
28/03/2023,2026-03.csv,,,,,,,,,,,,,,,,,,
28/03/2023,2026-03.csv,,,,,,,,,,,,,,,,,,
29/03/2023,2026-03.csv,,,,,,,,,,,,,,,,,,
01/03/2023,2026-03.csv,,,,,,,,,,,,,,,,,,
20/01/2023,2026-03.csv,,,,,,,,,,,,,,,,,,
25/02/2021,2026-03.csv,,,,,,,,,,,,,,,,,,
13/03/2023,2026-03.csv,,,,,,,,,,,,,,,,,,
04/11/2022,2026-03.csv,,,,,,,,,,,,,,,,,,
04/11/2022,2026-03.csv,,,,,,,,,,,,,,,,,,
06/10/2022,2026-03.csv,,,,,,,,,,,,,,,,,,
07/03/2024,2026-03.csv,,,,,,,,,,,,,,,,,,
20/10/2021,2026-03.csv,,,,,,,,,,,,,,,,,,
15/10/2021,2026-03.csv,,,,,,,,,,,,,,,,,,
20/03/2023,2026-03.csv,,,,,,,,,,,,,,,,,,
25/12/2021,2026-03.csv,,,,,,,,,,,,,,,,,,
18/10/2024,2026-03.csv,,,,,,,,,,,,,,,,,,
03/10/2022,2026-03.csv,,,,,,,,,,,,,,,,,,
29/09/2020,2026-03.csv,,,,,,,,,,,,,,,,,,
30/03/2022,2026-03.csv,,,,,,,,,,,,,,,,,,
14/02/2024,2026-03.csv,,,,,,,,,,,,,,,,,,
24/03/2023,2026-03.csv,,,,,,,,,,,,,,,,,,
07/01/2022,2026-03.csv,,,,,,,,,,,,,,,,,,
28/02/2023,2026-03.csv,,,,,,,,,,,,,,,,,,
12/11/2021,2026-03.csv,,,,,,,,,,,,,,,,,,
01/02/2022,2026-03.csv,,,,,,,,,,,,,,,,,,
02/02/2022,2026-03.csv,,,,,,,,,,,,,,,,,,
24/08/2022,2026-03.csv,,,,,,,,,,,,,,,,,,
04/11/2022,2026-03.csv,,,,,,,,,,,,,,,,,,
09/03/2022,2026-03.csv,,,,,,,,,,,,,,,,,,
17/07/2023,2026-03.csv,,,,,,,,,,,,,,,,,,
05/12/2021,2026-03.csv,,,,,,,,,,,,,,,,,,
28/02/2023,2026-03.csv,,,,,,,,,,,,,,,,,,
28/03/2023,2026-03.csv,,,,,,,,,,,,,,,,,,
31/03/2022,2026-03.csv,,,,,,,,,,,,,,,,,,
30/03/2022,2026-03.csv,,,,,,,,,,,,,,,,,,
06/02/2021,2026-03.csv,,,,,,,,,,,,,,,,,,
27/12/2021,2026-03.csv,,,,,,,,,,,,,,,,,,
28/02/2020,2026-03.csv,,,,,,,,,,,,,,,,,,
23/12/2020,2026-03.csv,,,,,,,,,,,,,,,,,,
23/12/2020,2026-03.csv,,,,,,,,,,,,,,,,,,
19/09/2022,2026-03.csv,,,,,,,,,,,,,,,,,,
13/01/2021,2026-03.csv,,,,,,,,,,,,,,,,,,
19/08/2020,2026-03.csv,,,,,,,,,,,,,,,,,,
19/08/2020,2026-03.csv,,,,,,,,,,,,,,,,,,
18/09/2019,2026-03.csv,,,,,,,,,,,,,,,,,,
18/09/2019,2026-03.csv,,,,,,,,,,,,,,,,,,
30/03/2022,2026-03.csv,,,,,,,,,,,,,,,,,,
15/01/2021,2026-03.csv,,,,,,,,,,,,,,,,,,
03/02/2023,2026-03.csv,,,,,,,,,,,,,,,,,,
06/09/2022,2026-03.csv,,,,,,,,,,,,,,,,,,
16/08/2021,2026-03.csv,,,,,,,,,,,,,,,,,,
22/01/2019,2026-03.csv,,,,,,,,,,,,,,,,,,
18/03/2021,2026-03.csv,,,,,,,,,,,,,,,,,,
,2026-03.csv,,,,,,,,,,,,,,,,,,
27/04/2020,2026-03.csv,,,,,,,,,,,,,,,,,,
07/03/2024,2026-03.csv,,,,,,,,,,,,,,,,,,
29/04/2020,2026-03.csv,,,,,,,,,,,,,,,,,,
18/10/2024,2026-03.csv,,,,,,,,,,,,,,,,,,
06/03/2024,2026-03.csv,,,,,,,,,,,,,,,,,,
24/01/2019,2026-03.csv,,,,,,,,,,,,,,,,,,
29/10/2021,2026-03.csv,,,,,,,,,,,,,,,,,,
21/10/2021,2026-03.csv,,,,,,,,,,,,,,,,,,
13/03/2023,2026-03.csv,,,,,,,,,,,,,,,,,,
20/01/2021,2026-03.csv,,,,,,,,,,,,,,,,,,
25/02/2022,2026-03.csv,,,,,,,,,,,,,,,,,,
30/03/2022,2026-03.csv,,,,,,,,,,,,,,,,,,
24/03/2022,2026-03.csv,,,,,,,,,,,,,,,,,,
17/11/2021,2026-03.csv,,,,,,,,,,,,,,,,,,
01/12/2015,2026-03.csv,,,,,,,,,,,,,,,,,,
26/03/2021,2026-03.csv,,,,,,,,,,,,,,,,,,
01/07/2016,2026-03.csv,,,,,,,,,,,,,,,,,,
20/03/2023,2026-03.csv,,,,,,,,,,,,,,,,,,
21/01/2021,2026-03.csv,,,,,,,,,,,,,,,,,,
25/01/2019,2026-03.csv,,,,,,,,,,,,,,,,,,
09/03/2022,2026-03.csv,,,,,,,,,,,,,,,,,,
26/11/2021,2026-03.csv,,,,,,,,,,,,,,,,,,
21/03/2022,2026-03.csv,,,,,,,,,,,,,,,,,,
27/01/2025,2026-03.csv,,,,,,,,,,,,,,,,,,
11/08/2020,2026-03.csv,,,,,,,,,,,,,,,,,,
19/07/2021,2026-03.csv,,,,,,,,,,,,,,,,,,
22/01/2021,2026-03.csv,,,,,,,,,,,,,,,,,,
11/03/2024,2026-03.csv,,,,,,,,,,,,,,,,,,
09/11/2022,2026-03.csv,,,,,,,,,,,,,,,,,,
06/03/2023,2026-03.csv,,,,,,,,,,,,,,,,,,
23/02/2022,2026-03.csv,,,,,,,,,,,,,,,,,,
22/01/2019,2026-03.csv,,,,,,,,,,,,,,,,,,
06/12/2018,2026-03.csv,,,,,,,,,,,,,,,,,,
31/03/2022,2026-03.csv,,,,,,,,,,,,,,,,,,
02/11/2022,2026-03.csv,,,,,,,,,,,,,,,,,,
07/10/2022,2026-03.csv,,,,,,,,,,,,,,,,,,
03/02/2021,2026-03.csv,,,,,,,,,,,,,,,,,,
10/02/2021,2026-03.csv,,,,,,,,,,,,,,,,,,
28/01/2021,2026-03.csv,,,,,,,,,,,,,,,,,,
28/01/2021,2026-03.csv,,,,,,,,,,,,,,,,,,
11/02/2021,2026-03.csv,,,,,,,,,,,,,,,,,,
10/01/2022,2026-03.csv,,,,,,,,,,,,,,,,,,
18/10/2024,2026-03.csv,,,,,,,,,,,,,,,,,,
24/03/2018,2026-03.csv,,,,,,,,,,,,,,,,,,
27/02/2025,2026-03.csv,,,,,,,,,,,,,,,,,,
28/02/2022,2026-03.csv,,,,,,,,,,,,,,,,,,
04/03/2020,2026-03.csv,,,,,,,,,,,,,,,,,,
09/11/2022,2026-03.csv,,,,,,,,,,,,,,,,,,
11/03/2022,2026-03.csv,,,,,,,,,,,,,,,,,,
21/01/2021,2026-03.csv,,,,,,,,,,,,,,,,,,
30/03/2022,2026-03.csv,,,,,,,,,,,,,,,,,,
08/02/2022,2026-03.csv,,,,,,,,,,,,,,,,,,
11/02/2022,2026-03.csv,,,,,,,,,,,,,,,,,,
14/02/2022,2026-03.csv,,,,,,,,,,,,,,,,,,
05/03/2021,2026-03.csv,,,,,,,,,,,,,,,,,,
13/10/2016,2026-03.csv,,,,,,,,,,,,,,,,,,
24/03/2021,2026-03.csv,,,,,,,,,,,,,,,,,,
23/03/2017,2026-03.csv,,,,,,,,,,,,,,,,,,
07/04/2022,2026-03.csv,,,,,,,,,,,,,,,,,,
23/08/2022,2026-03.csv,,,,,,,,,,,,,,,,,,
24/12/2021,2026-03.csv,,,,,,,,,,,,,,,,,,
04/03/2022,2026-03.csv,,,,,,,,,,,,,,,,,,
27/02/2018,2026-03.csv,,,,,,,,,,,,,,,,,,
13/07/2021,2026-03.csv,,,,,,,,,,,,,,,,,,
30/03/2022,2026-03.csv,,,,,,,,,,,,,,,,,,
25/02/2022,2026-03.csv,,,,,,,,,,,,,,,,,,
31/03/2022,2026-03.csv,,,,,,,,,,,,,,,,,,
24/08/2023,2026-03.csv,,,,,,,,,,,,,,,,,,
21/02/2023,2026-03.csv,,,,,,,,,,,,,,,,,,
03/12/2021,2026-03.csv,,,,,,,,,,,,,,,,,,
03/03/2023,2026-03.csv,,,,,,,,,,,,,,,,,,
18/01/2024,2026-03.csv,,,,,,,,,,,,,,,,,,
29/03/2023,2026-03.csv,,,,,,,,,,,,,,,,,,
01/02/2023,2026-03.csv,,,,,,,,,,,,,,,,,,
07/02/2023,2026-03.csv,,,,,,,,,,,,,,,,,,
09/02/2023,2026-03.csv,,,,,,,,,,,,,,,,,,
30/01/2023,2026-03.csv,,,,,,,,,,,,,,,,,,
25/05/2022,2026-03.csv,,,,,,,,,,,,,,,,,,
27/02/2023,2026-03.csv,,,,,,,,,,,,,,,,,,
18/10/2024,2026-03.csv,,,,,,,,,,,,,,,,,,
02/03/2021,2026-03.csv,,,,,,,,,,,,,,,,,,
01/12/2022,2026-03.csv,,,,,,,,,,,,,,,,,,
07/10/2021,2026-03.csv,,,,,,,,,,,,,,,,,,
05/10/2021,2026-03.csv,,,,,,,,,,,,,,,,,,
27/02/2018,2026-03.csv,,,,,,,,,,,,,,,,,,
13/07/2021,2026-03.csv,,,,,,,,,,,,,,,,,,
,2026-03.csv,,,,,,,,,,,,,,,,,,
07/02/2024,2026-03.csv,,,,,,,,,,,,,,,,,,
06/12/2017,2026-03.csv,,,,,,,,,,,,,,,,,,
18/01/2018,2026-03.csv,,,,,,,,,,,,,,,,,,
27/12/2009,2026-03.csv,,,,,,,,,,,,,,,,,,
27/03/2023,2026-03.csv,,,,,,,,,,,,,,,,,,
21/02/2023,2026-03.csv,,,,,,,,,,,,,,,,,,
15/02/2023,2026-03.csv,,,,,,,,,,,,,,,,,,
21/02/2023,2026-03.csv,,,,,,,,,,,,,,,,,,
24/02/2023,2026-03.csv,,,,,,,,,,,,,,,,,,
18/02/2023,2026-03.csv,,,,,,,,,,,,,,,,,,
24/02/2023,2026-03.csv,,,,,,,,,,,,,,,,,,
18/02/2023,2026-03.csv,,,,,,,,,,,,,,,,,,
18/03/2021,2026-03.csv,,,,,,,,,,,,,,,,,,
11/03/2021,2026-03.csv,,,,,,,,,,,,,,,,,,
30/05/2022,2026-03.csv,,,,,,,,,,,,,,,,,,
23/06/2022,2026-03.csv,,,,,,,,,,,,,,,,,,
03/01/2023,2026-03.csv,,,,,,,,,,,,,,,,,,
18/02/2022,2026-03.csv,,,,,,,,,,,,,,,,,,
03/01/2023,2026-03.csv,,,,,,,,,,,,,,,,,,
18/02/2023,2026-03.csv,,,,,,,,,,,,,,,,,,
22/06/2022,2026-03.csv,,,,,,,,,,,,,,,,,,
03/01/2023,2026-03.csv,,,,,,,,,,,,,,,,,,
12/12/2022,2026-03.csv,,,,,,,,,,,,,,,,,,
15/02/2023,2026-03.csv,,,,,,,,,,,,,,,,,,
27/01/2022,2026-03.csv,,,,,,,,,,,,,,,,,,
18/03/2021,2026-03.csv,,,,,,,,,,,,,,,,,,
04/02/2022,2026-03.csv,,,,,,,,,,,,,,,,,,
30/07/2020,2026-03.csv,,,,,,,,,,,,,,,,,,
27/09/2022,2026-03.csv,,,,,,,,,,,,,,,,,,
24/06/2021,2026-03.csv,,,,,,,,,,,,,,,,,,
05/07/2021,2026-03.csv,,,,,,,,,,,,,,,,,,
26/11/2020,2026-03.csv,,,,,,,,,,,,,,,,,,
27/09/2022,2026-03.csv,,,,,,,,,,,,,,,,,,
10/02/2021,2026-03.csv,,,,,,,,,,,,,,,,,,
30/03/2021,2026-03.csv,,,,,,,,,,,,,,,,,,
31/03/2021,2026-03.csv,,,,,,,,,,,,,,,,,,
30/03/2021,2026-03.csv,,,,,,,,,,,,,,,,,,
27/09/2022,2026-03.csv,,,,,,,,,,,,,,,,,,
31/12/2024,2026-03.csv,,,,,,,,,,,,,,,,,,
29/12/2021,2026-03.csv,,,,,,,,,,,,,,,,,,
24/03/2023,2026-03.csv,,,,,,,,,,,,,,,,,,
19/09/2023,2026-03.csv,,,,,,,,,,,,,,,,,,
12/11/2021,2026-03.csv,,,,,,,,,,,,,,,,,,
20/01/2022,2026-03.csv,,,,,,,,,,,,,,,,,,
20/12/2021,2026-03.csv,,,,,,,,,,,,,,,,,,
26/08/2021,2026-03.csv,,,,,,,,,,,,,,,,,,
03/09/2021,2026-03.csv,,,,,,,,,,,,,,,,,,
29/12/2021,2026-03.csv,,,,,,,,,,,,,,,,,,
29/03/2023,2026-03.csv,,,,,,,,,,,,,,,,,,
24/03/2023,2026-03.csv,,,,,,,,,,,,,,,,,,
27/03/2023,2026-03.csv,,,,,,,,,,,,,,,,,,
24/03/2023,2026-03.csv,,,,,,,,,,,,,,,,,,
24/03/2023,2026-03.csv,,,,,,,,,,,,,,,,,,
24/03/2023,2026-03.csv,,,,,,,,,,,,,,,,,,
09/02/2021,2026-03.csv,,,,,,,,,,,,,,,,,,
25/02/2021,2026-03.csv,,,,,,,,,,,,,,,,,,
25/02/2021,2026-03.csv,,,,,,,,,,,,,,,,,,
11/03/2020,2026-03.csv,,,,,,,,,,,,,,,,,,
11/02/2021,2026-03.csv,,,,,,,,,,,,,,,,,,
08/06/2021,2026-03.csv,,,,,,,,,,,,,,,,,,
07/01/2022,2026-03.csv,,,,,,,,,,,,,,,,,,
31/03/2022,2026-03.csv,,,,,,,,,,,,,,,,,,
19/01/2018,2026-03.csv,,,,,,,,,,,,,,,,,,
03/06/2021,2026-03.csv,,,,,,,,,,,,,,,,,,
10/02/2021,2026-03.csv,,,,,,,,,,,,,,,,,,
14/10/2020,2026-03.csv,,,,,,,,,,,,,,,,,,
25/03/2021,2026-03.csv,,,,,,,,,,,,,,,,,,
29/01/2009,2026-03.csv,,,,,,,,,,,,,,,,,,
02/06/2020,2026-03.csv,,,,,,,,,,,,,,,,,,
15/11/2016,2026-03.csv,,,,,,,,,,,,,,,,,,
27/12/2021,2026-03.csv,,,,,,,,,,,,,,,,,,
28/02/2024,2026-03.csv,,,,,,,,,,,,,,,,,,
31/10/2018,2026-03.csv,,,,,,,,,,,,,,,,,,
11/02/2021,2026-03.csv,,,,,,,,,,,,,,,,,,
19/05/2020,2026-03.csv,,,,,,,,,,,,,,,,,,
22/12/2021,2026-03.csv,,,,,,,,,,,,,,,,,,
22/12/2021,2026-03.csv,,,,,,,,,,,,,,,,,,
09/11/2021,2026-03.csv,,,,,,,,,,,,,,,,,,
10/02/2021,2026-03.csv,,,,,,,,,,,,,,,,,,
16/03/2022,2026-03.csv,,,,,,,,,,,,,,,,,,
24/02/2022,2026-03.csv,,,,,,,,,,,,,,,,,,
04/03/2022,2026-03.csv,,,,,,,,,,,,,,,,,,
10/08/2022,2026-03.csv,,,,,,,,,,,,,,,,,,
19/06/2020,2026-03.csv,,,,,,,,,,,,,,,,,,
10/02/2021,2026-03.csv,,,,,,,,,,,,,,,,,,
28/01/2021,2026-03.csv,,,,,,,,,,,,,,,,,,
03/08/2020,2026-03.csv,,,,,,,,,,,,,,,,,,
24/06/2021,2026-03.csv,,,,,,,,,,,,,,,,,,
10/02/2021,2026-03.csv,,,,,,,,,,,,,,,,,,
10/02/2021,2026-03.csv,,,,,,,,,,,,,,,,,,
31/03/2021,2026-03.csv,,,,,,,,,,,,,,,,,,
24/03/2022,2026-03.csv,,,,,,,,,,,,,,,,,,
28/04/2022,2026-03.csv,,,,,,,,,,,,,,,,,,
17/01/2023,2026-03.csv,,,,,,,,,,,,,,,,,,
18/01/2018,2026-03.csv,,,,,,,,,,,,,,,,,,
07/03/2024,2026-03.csv,,,,,,,,,,,,,,,,,,
11/03/2024,2026-03.csv,,,,,,,,,,,,,,,,,,
03/08/2022,2026-03.csv,,,,,,,,,,,,,,,,,,
04/08/2022,2026-03.csv,,,,,,,,,,,,,,,,,,
08/11/2024,2026-03.csv,,,,,,,,,,,,,,,,,,
05/05/2020,2026-03.csv,,,,,,,,,,,,,,,,,,
05/05/2020,2026-03.csv,,,,,,,,,,,,,,,,,,
05/05/2020,2026-03.csv,,,,,,,,,,,,,,,,,,
05/05/2020,2026-03.csv,,,,,,,,,,,,,,,,,,
28/03/2023,2026-03.csv,,,,,,,,,,,,,,,,,,
08/09/2020,2026-03.csv,,,,,,,,,,,,,,,,,,
01/03/2018,2026-03.csv,,,,,,,,,,,,,,,,,,
11/02/2021,2026-03.csv,,,,,,,,,,,,,,,,,,
31/12/2020,2026-03.csv,,,,,,,,,,,,,,,,,,
11/08/2020,2026-03.csv,,,,,,,,,,,,,,,,,,
19/03/2025,2026-03.csv,,,,,,,,,,,,,,,,,,
31/03/2016,2026-03.csv,,,,,,,,,,,,,,,,,,
18/08/2022,2026-03.csv,,,,,,,,,,,,,,,,,,
12/01/2017,2026-03.csv,,,,,,,,,,,,,,,,,,
01/12/2015,2026-03.csv,,,,,,,,,,,,,,,,,,
09/09/2020,2026-03.csv,,,,,,,,,,,,,,,,,,
09/09/2020,2026-03.csv,,,,,,,,,,,,,,,,,,
27/12/2019,2026-03.csv,,,,,,,,,,,,,,,,,,
10/11/2021,2026-03.csv,,,,,,,,,,,,,,,,,,
17/01/2022,2026-03.csv,,,,,,,,,,,,,,,,,,
03/03/2022,2026-03.csv,,,,,,,,,,,,,,,,,,
04/01/2021,2026-03.csv,,,,,,,,,,,,,,,,,,
13/12/2022,2026-03.csv,,,,,,,,,,,,,,,,,,
26/09/2023,2026-03.csv,,,,,,,,,,,,,,,,,,
30/03/2020,2026-03.csv,,,,,,,,,,,,,,,,,,
10/12/2019,2026-03.csv,,,,,,,,,,,,,,,,,,
01/01/2021,2026-03.csv,,,,,,,,,,,,,,,,,,
23/03/2025,2026-03.csv,,,,,,,,,,,,,,,,,,
08/09/2020,2026-03.csv,,,,,,,,,,,,,,,,,,
27/03/2018,2026-03.csv,,,,,,,,,,,,,,,,,,
10/01/2025,2026-03.csv,,,,,,,,,,,,,,,,,,
21/03/2025,2026-03.csv,,,,,,,,,,,,,,,,,,
31/03/2022,2026-03.csv,,,,,,,,,,,,,,,,,,
07/06/2024,2026-03.csv,,,,,,,,,,,,,,,,,,
27/04/2020,2026-03.csv,,,,,,,,,,,,,,,,,,
15/06/2020,2026-03.csv,,,,,,,,,,,,,,,,,,
22/01/2025,2026-03.csv,,,,,,,,,,,,,,,,,,
07/06/2024,2026-03.csv,,,,,,,,,,,,,,,,,,
06/10/2022,2026-03.csv,,,,,,,,,,,,,,,,,,
16/08/2023,2026-03.csv,,,,,,,,,,,,,,,,,,
14/11/2023,2026-03.csv,,,,,,,,,,,,,,,,,,
08/03/2022,2026-03.csv,,,,,,,,,,,,,,,,,,
04/12/2020,2026-03.csv,,,,,,,,,,,,,,,,,,
19/02/2021,2026-03.csv,,,,,,,,,,,,,,,,,,
23/11/2020,2026-03.csv,,,,,,,,,,,,,,,,,,
21/10/2020,2026-03.csv,,,,,,,,,,,,,,,,,,
08/01/2021,2026-03.csv,,,,,,,,,,,,,,,,,,
08/12/2020,2026-03.csv,,,,,,,,,,,,,,,,,,
16/03/2022,2026-03.csv,,,,,,,,,,,,,,,,,,
13/02/2018,2026-03.csv,,,,,,,,,,,,,,,,,,
14/02/2022,2026-03.csv,,,,,,,,,,,,,,,,,,
27/02/2017,2026-03.csv,,,,,,,,,,,,,,,,,,
17/08/2010,2026-03.csv,,,,,,,,,,,,,,,,,,
02/12/2020,2026-03.csv,,,,,,,,,,,,,,,,,,
27/03/2018,2026-03.csv,,,,,,,,,,,,,,,,,,
04/03/2018,2026-03.csv,,,,,,,,,,,,,,,,,,
08/01/2024,2026-03.csv,,,,,,,,,,,,,,,,,,
03/02/2022,2026-03.csv,,,,,,,,,,,,,,,,,,
27/11/2014,2026-03.csv,,,,,,,,,,,,,,,,,,
25/02/2021,2026-03.csv,,,,,,,,,,,,,,,,,,
21/03/2025,2026-03.csv,,,,,,,,,,,,,,,,,,
03/02/2021,2026-03.csv,,,,,,,,,,,,,,,,,,
09/08/2018,2026-03.csv,,,,,,,,,,,,,,,,,,
07/04/2016,2026-03.csv,,,,,,,,,,,,,,,,,,
30/03/2025,2026-03.csv,,,,,,,,,,,,,,,,,,
01/03/2018,2026-03.csv,,,,,,,,,,,,,,,,,,
24/03/2018,2026-03.csv,,,,,,,,,,,,,,,,,,
18/10/2009,2026-03.csv,,,,,,,,,,,,,,,,,,
05/07/2010,2026-03.csv,,,,,,,,,,,,,,,,,,
15/03/2022,2026-03.csv,,,,,,,,,,,,,,,,,,
09/07/2020,2026-03.csv,,,,,,,,,,,,,,,,,,
07/10/2020,2026-03.csv,,,,,,,,,,,,,,,,,,
25/06/2020,2026-03.csv,,,,,,,,,,,,,,,,,,
29/06/2020,2026-03.csv,,,,,,,,,,,,,,,,,,
02/02/2021,2026-03.csv,,,,,,,,,,,,,,,,,,
30/03/2021,2026-03.csv,,,,,,,,,,,,,,,,,,
30/03/2021,2026-03.csv,,,,,,,,,,,,,,,,,,
20/03/2017,2026-03.csv,,,,,,,,,,,,,,,,,,
17/03/2020,2026-03.csv,,,,,,,,,,,,,,,,,,
14/02/2019,2026-03.csv,,,,,,,,,,,,,,,,,,
07/12/2023,2026-03.csv,,,,,,,,,,,,,,,,,,
07/12/2023,2026-03.csv,,,,,,,,,,,,,,,,,,
07/12/2023,2026-03.csv,,,,,,,,,,,,,,,,,,
28/02/2023,2026-03.csv,,,,,,,,,,,,,,,,,,
30/03/2021,2026-03.csv,,,,,,,,,,,,,,,,,,
09/09/2021,2026-03.csv,,,,,,,,,,,,,,,,,,
13/09/2021,2026-03.csv,,,,,,,,,,,,,,,,,,
28/03/2023,2026-03.csv,,,,,,,,,,,,,,,,,,
29/03/2025,2026-03.csv,,,,,,,,,,,,,,,,,,
31/03/2022,2026-03.csv,,,,,,,,,,,,,,,,,,
07/12/2021,2026-03.csv,,,,,,,,,,,,,,,,,,
12/01/2023,2026-03.csv,,,,,,,,,,,,,,,,,,
26/02/2018,2026-03.csv,,,,,,,,,,,,,,,,,,
16/03/2023,2026-03.csv,,,,,,,,,,,,,,,,,,
22/03/2023,2026-03.csv,,,,,,,,,,,,,,,,,,
11/02/2021,2026-03.csv,,,,,,,,,,,,,,,,,,
27/03/2023,2026-03.csv,,,,,,,,,,,,,,,,,,
28/02/2023,2026-03.csv,,,,,,,,,,,,,,,,,,
01/03/2019,2026-03.csv,,,,,,,,,,,,,,,,,,
11/03/2020,2026-03.csv,,,,,,,,,,,,,,,,,,
22/03/2018,2026-03.csv,,,,,,,,,,,,,,,,,,
22/03/2018,2026-03.csv,,,,,,,,,,,,,,,,,,
31/03/2021,2026-03.csv,,,,,,,,,,,,,,,,,,
31/07/2020,2026-03.csv,,,,,,,,,,,,,,,,,,
07/07/2020,2026-03.csv,,,,,,,,,,,,,,,,,,
31/07/2020,2026-03.csv,,,,,,,,,,,,,,,,,,
07/07/2020,2026-03.csv,,,,,,,,,,,,,,,,,,
07/03/2023,2026-03.csv,,,,,,,,,,,,,,,,,,
13/03/2023,2026-03.csv,,,,,,,,,,,,,,,,,,
28/06/2021,2026-03.csv,,,,,,,,,,,,,,,,,,
30/03/2021,2026-03.csv,,,,,,,,,,,,,,,,,,
07/03/2023,2026-03.csv,,,,,,,,,,,,,,,,,,
09/09/2021,2026-03.csv,,,,,,,,,,,,,,,,,,
07/09/2021,2026-03.csv,,,,,,,,,,,,,,,,,,
19/08/2020,2026-03.csv,,,,,,,,,,,,,,,,,,
07/10/2020,2026-03.csv,,,,,,,,,,,,,,,,,,
18/01/2021,2026-03.csv,,,,,,,,,,,,,,,,,,
01/02/2023,2026-03.csv,,,,,,,,,,,,,,,,,,
07/12/2023,2026-03.csv,,,,,,,,,,,,,,,,,,
31/03/2021,2026-03.csv,,,,,,,,,,,,,,,,,,
15/03/2024,2026-03.csv,,,,,,,,,,,,,,,,,,
07/03/2024,2026-03.csv,,,,,,,,,,,,,,,,,,
11/03/2023,2026-03.csv,,,,,,,,,,,,,,,,,,
30/12/2021,2026-03.csv,,,,,,,,,,,,,,,,,,
29/06/2022,2026-03.csv,,,,,,,,,,,,,,,,,,
22/03/2023,2026-03.csv,,,,,,,,,,,,,,,,,,
22/03/2018,2026-03.csv,,,,,,,,,,,,,,,,,,
28/02/2023,2026-03.csv,,,,,,,,,,,,,,,,,,
06/05/2019,2026-03.csv,,,,,,,,,,,,,,,,,,
17/06/2022,2026-03.csv,,,,,,,,,,,,,,,,,,
08/05/2018,2026-03.csv,,,,,,,,,,,,,,,,,,
06/01/2022,2026-03.csv,,,,,,,,,,,,,,,,,,
08/01/2022,2026-03.csv,,,,,,,,,,,,,,,,,,
16/03/2023,2026-03.csv,,,,,,,,,,,,,,,,,,
22/03/2023,2026-03.csv,,,,,,,,,,,,,,,,,,
12/02/2024,2026-03.csv,,,,,,,,,,,,,,,,,,
12/02/2024,2026-03.csv,,,,,,,,,,,,,,,,,,
18/12/2024,2026-03.csv,,,,,,,,,,,,,,,,,,
09/03/2018,2026-03.csv,,,,,,,,,,,,,,,,,,
16/02/2017,2026-03.csv,,,,,,,,,,,,,,,,,,
06/09/2021,2026-03.csv,,,,,,,,,,,,,,,,,,
18/01/2024,2026-03.csv,,,,,,,,,,,,,,,,,,
16/07/2024,2026-03.csv,,,,,,,,,,,,,,,,,,
15/03/2024,2026-03.csv,,,,,,,,,,,,,,,,,,
28/02/2024,2026-03.csv,,,,,,,,,,,,,,,,,,
08/03/2024,2026-03.csv,,,,,,,,,,,,,,,,,,
11/07/2018,2026-03.csv,,,,,,,,,,,,,,,,,,
05/01/2024,2026-03.csv,,,,,,,,,,,,,,,,,,
11/03/2024,2026-03.csv,,,,,,,,,,,,,,,,,,
16/01/2025,2026-03.csv,,,,,,,,,,,,,,,,,,
12/02/2019,2026-03.csv,,,,,,,,,,,,,,,,,,
20/09/2018,2026-03.csv,,,,,,,,,,,,,,,,,,
15/03/2024,2026-03.csv,,,,,,,,,,,,,,,,,,
16/11/2023,2026-03.csv,,,,,,,,,,,,,,,,,,
06/03/2024,2026-03.csv,,,,,,,,,,,,,,,,,,
29/05/2024,2026-03.csv,,,,,,,,,,,,,,,,,,
22/03/2018,2026-03.csv,,,,,,,,,,,,,,,,,,
22/03/2018,2026-03.csv,,,,,,,,,,,,,,,,,,
12/12/2022,2026-03.csv,,,,,,,,,,,,,,,,,,
,2026-03.csv,,,,,,,,,,,,,,,,,,
27/03/2023,2026-03.csv,,,,,,,,,,,,,,,,,,
18/01/2021,2026-03.csv,,,,,,,,,,,,,,,,,,
15/02/2017,2026-03.csv,,,,,,,,,,,,,,,,,,
15/02/2017,2026-03.csv,,,,,,,,,,,,,,,,,,
12/01/2016,2026-03.csv,,,,,,,,,,,,,,,,,,
04/01/2016,2026-03.csv,,,,,,,,,,,,,,,,,,
04/01/2016,2026-03.csv,,,,,,,,,,,,,,,,,,
31/10/2014,2026-03.csv,,,,,,,,,,,,,,,,,,
31/10/2014,2026-03.csv,,,,,,,,,,,,,,,,,,
10/01/2024,2026-03.csv,,,,,,,,,,,,,,,,,,
10/01/2024,2026-03.csv,,,,,,,,,,,,,,,,,,
10/01/2024,2026-03.csv,,,,,,,,,,,,,,,,,,
10/01/2024,2026-03.csv,,,,,,,,,,,,,,,,,,
31/03/2015,2026-03.csv,,,,,,,,,,,,,,,,,,
13/12/2022,2026-03.csv,,,,,,,,,,,,,,,,,,
08/12/2022,2026-03.csv,,,,,,,,,,,,,,,,,,
17/02/2022,2026-03.csv,,,,,,,,,,,,,,,,,,
22/02/2022,2026-03.csv,,,,,,,,,,,,,,,,,,
17/03/2023,2026-03.csv,,,,,,,,,,,,,,,,,,
08/02/2023,2026-03.csv,,,,,,,,,,,,,,,,,,
31/03/2021,2026-03.csv,,,,,,,,,,,,,,,,,,
30/03/2023,2026-03.csv,,,,,,,,,,,,,,,,,,
22/02/2022,2026-03.csv,,,,,,,,,,,,,,,,,,
09/02/2022,2026-03.csv,,,,,,,,,,,,,,,,,,
21/03/2022,2026-03.csv,,,,,,,,,,,,,,,,,,
20/01/2022,2026-03.csv,,,,,,,,,,,,,,,,,,
27/11/2024,2026-03.csv,,,,,,,,,,,,,,,,,,
20/02/2025,2026-03.csv,,,,,,,,,,,,,,,,,,
27/03/2023,2026-03.csv,,,,,,,,,,,,,,,,,,
13/03/2023,2026-03.csv,,,,,,,,,,,,,,,,,,
29/03/2023,2026-03.csv,,,,,,,,,,,,,,,,,,
31/08/2020,2026-03.csv,,,,,,,,,,,,,,,,,,
07/03/2025,2026-03.csv,,,,,,,,,,,,,,,,,,
10/08/2022,2026-03.csv,,,,,,,,,,,,,,,,,,
29/01/2024,2026-03.csv,,,,,,,,,,,,,,,,,,
07/10/2022,2026-03.csv,,,,,,,,,,,,,,,,,,
14/10/2022,2026-03.csv,,,,,,,,,,,,,,,,,,
05/10/2022,2026-03.csv,,,,,,,,,,,,,,,,,,
12/10/2022,2026-03.csv,,,,,,,,,,,,,,,,,,
30/03/2022,2026-03.csv,,,,,,,,,,,,,,,,,,
15/11/2021,2026-03.csv,,,,,,,,,,,,,,,,,,
14/02/2023,2026-03.csv,,,,,,,,,,,,,,,,,,
31/03/2021,2026-03.csv,,,,,,,,,,,,,,,,,,
22/09/2022,2026-03.csv,,,,,,,,,,,,,,,,,,
07/07/2022,2026-03.csv,,,,,,,,,,,,,,,,,,
18/01/2018,2026-03.csv,,,,,,,,,,,,,,,,,,
15/01/2024,2026-03.csv,,,,,,,,,,,,,,,,,,
27/02/2024,2026-03.csv,,,,,,,,,,,,,,,,,,
27/02/2024,2026-03.csv,,,,,,,,,,,,,,,,,,
27/02/2024,2026-03.csv,,,,,,,,,,,,,,,,,,
15/02/2023,2026-03.csv,,,,,,,,,,,,,,,,,,
26/09/2021,2026-03.csv,,,,,,,,,,,,,,,,,,
04/03/2022,2026-03.csv,,,,,,,,,,,,,,,,,,
24/03/2023,2026-03.csv,,,,,,,,,,,,,,,,,,
30/03/2021,2026-03.csv,,,,,,,,,,,,,,,,,,
15/07/2022,2026-03.csv,,,,,,,,,,,,,,,,,,
07/12/2023,2026-03.csv,,,,,,,,,,,,,,,,,,
06/03/2019,2026-03.csv,,,,,,,,,,,,,,,,,,
06/03/2019,2026-03.csv,,,,,,,,,,,,,,,,,,
14/02/2024,2026-03.csv,,,,,,,,,,,,,,,,,,
30/03/2022,2026-03.csv,,,,,,,,,,,,,,,,,,
01/03/2023,2026-03.csv,,,,,,,,,,,,,,,,,,
30/03/2022,2026-03.csv,,,,,,,,,,,,,,,,,,
08/02/2023,2026-03.csv,,,,,,,,,,,,,,,,,,
23/02/2024,2026-03.csv,,,,,,,,,,,,,,,,,,
09/09/2021,2026-03.csv,,,,,,,,,,,,,,,,,,
15/03/2024,2026-03.csv,,,,,,,,,,,,,,,,,,
17/07/2020,2026-03.csv,,,,,,,,,,,,,,,,,,
15/03/2023,2026-03.csv,,,,,,,,,,,,,,,,,,
15/03/2023,2026-03.csv,,,,,,,,,,,,,,,,,,
15/03/2023,2026-03.csv,,,,,,,,,,,,,,,,,,
15/03/2023,2026-03.csv,,,,,,,,,,,,,,,,,,
29/03/2022,2026-03.csv,,,,,,,,,,,,,,,,,,
12/08/2016,2026-03.csv,,,,,,,,,,,,,,,,,,
20/07/2021,2026-03.csv,,,,,,,,,,,,,,,,,,
29/03/2023,2026-03.csv,,,,,,,,,,,,,,,,,,
10/10/2022,2026-03.csv,,,,,,,,,,,,,,,,,,
31/03/2022,2026-03.csv,,,,,,,,,,,,,,,,,,
31/03/2022,2026-03.csv,,,,,,,,,,,,,,,,,,
09/11/2021,2026-03.csv,,,,,,,,,,,,,,,,,,
15/03/2024,2026-03.csv,,,,,,,,,,,,,,,,,,
02/08/2024,2026-03.csv,,,,,,,,,,,,,,,,,,
06/09/2023,2026-03.csv,,,,,,,,,,,,,,,,,,
10/02/2023,2026-03.csv,,,,,,,,,,,,,,,,,,
01/01/2023,2026-03.csv,,,,,,,,,,,,,,,,,,
02/08/2024,2026-03.csv,,,,,,,,,,,,,,,,,,
04/03/2016,2026-03.csv,,,,,,,,,,,,,,,,,,
16/02/2021,2026-03.csv,,,,,,,,,,,,,,,,,,
27/03/2023,2026-03.csv,,,,,,,,,,,,,,,,,,
27/03/2022,2026-03.csv,,,,,,,,,,,,,,,,,,
10/10/2022,2026-03.csv,,,,,,,,,,,,,,,,,,
11/03/2024,2026-03.csv,,,,,,,,,,,,,,,,,,
27/03/2018,2026-03.csv,,,,,,,,,,,,,,,,,,
25/04/2023,2026-03.csv,,,,,,,,,,,,,,,,,,
27/01/2025,2026-03.csv,,,,,,,,,,,,,,,,,,
23/02/2021,2026-03.csv,,,,,,,,,,,,,,,,,,
30/11/2022,2026-03.csv,,,,,,,,,,,,,,,,,,
24/02/2025,2026-03.csv,,,,,,,,,,,,,,,,,,
03/05/2023,2026-03.csv,,,,,,,,,,,,,,,,,,
28/11/2022,2026-03.csv,,,,,,,,,,,,,,,,,,
10/01/2024,2026-03.csv,,,,,,,,,,,,,,,,,,
22/03/2023,2026-03.csv,,,,,,,,,,,,,,,,,,
30/03/2022,2026-03.csv,,,,,,,,,,,,,,,,,,
22/12/2021,2026-03.csv,,,,,,,,,,,,,,,,,,
18/10/2021,2026-03.csv,,,,,,,,,,,,,,,,,,
24/03/2022,2026-03.csv,,,,,,,,,,,,,,,,,,
30/03/2025,2026-03.csv,,,,,,,,,,,,,,,,,,
13/02/2025,2026-03.csv,,,,,,,,,,,,,,,,,,
03/02/2025,2026-03.csv,,,,,,,,,,,,,,,,,,
06/03/2023,2026-03.csv,,,,,,,,,,,,,,,,,,
27/03/2023,2026-03.csv,,,,,,,,,,,,,,,,,,
28/02/2024,2026-03.csv,,,,,,,,,,,,,,,,,,
09/03/2018,2026-03.csv,,,,,,,,,,,,,,,,,,
22/03/2018,2026-03.csv,,,,,,,,,,,,,,,,,,
31/03/2021,2026-03.csv,,,,,,,,,,,,,,,,,,
08/05/2022,2026-03.csv,,,,,,,,,,,,,,,,,,
16/06/2022,2026-03.csv,,,,,,,,,,,,,,,,,,
25/10/2017,2026-03.csv,,,,,,,,,,,,,,,,,,
25/10/2017,2026-03.csv,,,,,,,,,,,,,,,,,,
12/01/2017,2026-03.csv,,,,,,,,,,,,,,,,,,
27/03/2018,2026-03.csv,,,,,,,,,,,,,,,,,,
20/12/2022,2026-03.csv,,,,,,,,,,,,,,,,,,
07/12/2020,2026-03.csv,,,,,,,,,,,,,,,,,,
23/12/2020,2026-03.csv,,,,,,,,,,,,,,,,,,
17/12/2020,2026-03.csv,,,,,,,,,,,,,,,,,,
15/01/2021,2026-03.csv,,,,,,,,,,,,,,,,,,
23/12/2020,2026-03.csv,,,,,,,,,,,,,,,,,,
28/01/2021,2026-03.csv,,,,,,,,,,,,,,,,,,
23/12/2020,2026-03.csv,,,,,,,,,,,,,,,,,,
23/12/2020,2026-03.csv,,,,,,,,,,,,,,,,,,
23/12/2020,2026-03.csv,,,,,,,,,,,,,,,,,,
04/03/2021,2026-03.csv,,,,,,,,,,,,,,,,,,
04/03/2021,2026-03.csv,,,,,,,,,,,,,,,,,,
13/12/2021,2026-03.csv,,,,,,,,,,,,,,,,,,
04/03/2021,2026-03.csv,,,,,,,,,,,,,,,,,,
29/10/2021,2026-03.csv,,,,,,,,,,,,,,,,,,
07/10/2021,2026-03.csv,,,,,,,,,,,,,,,,,,
03/09/2021,2026-03.csv,,,,,,,,,,,,,,,,,,
25/11/2019,2026-03.csv,,,,,,,,,,,,,,,,,,
25/11/2019,2026-03.csv,,,,,,,,,,,,,,,,,,
03/07/2020,2026-03.csv,,,,,,,,,,,,,,,,,,
08/09/2020,2026-03.csv,,,,,,,,,,,,,,,,,,
08/09/2020,2026-03.csv,,,,,,,,,,,,,,,,,,
08/09/2020,2026-03.csv,,,,,,,,,,,,,,,,,,
25/11/2019,2026-03.csv,,,,,,,,,,,,,,,,,,
01/10/2019,2026-03.csv,,,,,,,,,,,,,,,,,,
01/10/2019,2026-03.csv,,,,,,,,,,,,,,,,,,
05/09/2022,2026-03.csv,,,,,,,,,,,,,,,,,,
31/03/2021,2026-03.csv,,,,,,,,,,,,,,,,,,
21/03/2022,2026-03.csv,,,,,,,,,,,,,,,,,,
22/11/2021,2026-03.csv,,,,,,,,,,,,,,,,,,
20/12/2021,2026-03.csv,,,,,,,,,,,,,,,,,,
03/07/2020,2026-03.csv,,,,,,,,,,,,,,,,,,
13/04/2018,2026-03.csv,,,,,,,,,,,,,,,,,,
03/02/2020,2026-03.csv,,,,,,,,,,,,,,,,,,
29/03/2023,2026-03.csv,,,,,,,,,,,,,,,,,,
05/03/2024,2026-03.csv,,,,,,,,,,,,,,,,,,
16/03/2022,2026-03.csv,,,,,,,,,,,,,,,,,,
12/03/2024,2026-03.csv,,,,,,,,,,,,,,,,,,
03/01/2020,2026-03.csv,,,,,,,,,,,,,,,,,,
15/01/2021,2026-03.csv,,,,,,,,,,,,,,,,,,
23/11/2021,2026-03.csv,,,,,,,,,,,,,,,,,,
,2026-03.csv,,,,,,,,,,,,,,,,,,
08/09/2020,2026-03.csv,,,,,,,,,,,,,,,,,,
22/12/2022,2026-03.csv,,,,,,,,,,,,,,,,,,
29/06/2022,2026-03.csv,,,,,,,,,,,,,,,,,,
29/06/2022,2026-03.csv,,,,,,,,,,,,,,,,,,
31/03/2021,2026-03.csv,,,,,,,,,,,,,,,,,,
15/03/2018,2026-03.csv,,,,,,,,,,,,,,,,,,
18/01/2018,2026-03.csv,,,,,,,,,,,,,,,,,,
03/02/2020,2026-03.csv,,,,,,,,,,,,,,,,,,
11/01/2022,2026-03.csv,,,,,,,,,,,,,,,,,,
22/12/2015,2026-03.csv,,,,,,,,,,,,,,,,,,
09/12/2024,2026-03.csv,,,,,,,,,,,,,,,,,,
14/12/2023,2026-03.csv,,,,,,,,,,,,,,,,,,
22/09/2016,2026-03.csv,,,,,,,,,,,,,,,,,,
13/03/2018,2026-03.csv,,,,,,,,,,,,,,,,,,
19/12/2006,2026-03.csv,,,,,,,,,,,,,,,,,,
17/02/2016,2026-03.csv,,,,,,,,,,,,,,,,,,
03/02/2023,2026-03.csv,,,,,,,,,,,,,,,,,,
21/01/2014,2026-03.csv,,,,,,,,,,,,,,,,,,
31/07/2012,2026-03.csv,,,,,,,,,,,,,,,,,,
25/01/2019,2026-03.csv,,,,,,,,,,,,,,,,,,
15/10/2024,2026-03.csv,,,,,,,,,,,,,,,,,,
29/01/2025,2026-03.csv,,,,,,,,,,,,,,,,,,
08/11/2024,2026-03.csv,,,,,,,,,,,,,,,,,,
16/03/2022,2026-03.csv,,,,,,,,,,,,,,,,,,
24/01/2017,2026-03.csv,,,,,,,,,,,,,,,,,,
02/08/2024,2026-03.csv,,,,,,,,,,,,,,,,,,
29/09/2020,2026-03.csv,,,,,,,,,,,,,,,,,,
29/12/2015,2026-03.csv,,,,,,,,,,,,,,,,,,
17/03/2015,2026-03.csv,,,,,,,,,,,,,,,,,,
07/10/2021,2026-03.csv,,,,,,,,,,,,,,,,,,
07/10/2021,2026-03.csv,,,,,,,,,,,,,,,,,,
19/09/2022,2026-03.csv,,,,,,,,,,,,,,,,,,
02/02/2023,2026-03.csv,,,,,,,,,,,,,,,,,,
21/12/2023,2026-03.csv,,,,,,,,,,,,,,,,,,
06/03/2025,2026-03.csv,,,,,,,,,,,,,,,,,,
09/03/2023,2026-03.csv,,,,,,,,,,,,,,,,,,
30/03/2022,2026-03.csv,,,,,,,,,,,,,,,,,,
18/09/2022,2026-03.csv,,,,,,,,,,,,,,,,,,
17/09/2021,2026-03.csv,,,,,,,,,,,,,,,,,,
18/09/2022,2026-03.csv,,,,,,,,,,,,,,,,,,
31/03/2022,2026-03.csv,,,,,,,,,,,,,,,,,,
31/03/2022,2026-03.csv,,,,,,,,,,,,,,,,,,
23/05/2023,2026-03.csv,,,,,,,,,,,,,,,,,,
08/01/2022,2026-03.csv,,,,,,,,,,,,,,,,,,
08/01/2022,2026-03.csv,,,,,,,,,,,,,,,,,,
08/11/2021,2026-03.csv,,,,,,,,,,,,,,,,,,
08/08/2021,2026-03.csv,,,,,,,,,,,,,,,,,,
31/03/2023,2026-03.csv,,,,,,,,,,,,,,,,,,
09/01/2024,2026-03.csv,,,,,,,,,,,,,,,,,,
09/01/2024,2026-03.csv,,,,,,,,,,,,,,,,,,
09/01/2024,2026-03.csv,,,,,,,,,,,,,,,,,,
09/01/2024,2026-03.csv,,,,,,,,,,,,,,,,,,
08/12/2023,2026-03.csv,,,,,,,,,,,,,,,,,,
20/01/2023,2026-03.csv,,,,,,,,,,,,,,,,,,
11/02/2021,2026-03.csv,,,,,,,,,,,,,,,,,,
11/02/2021,2026-03.csv,,,,,,,,,,,,,,,,,,
04/03/2022,2026-03.csv,,,,,,,,,,,,,,,,,,
04/03/2022,2026-03.csv,,,,,,,,,,,,,,,,,,
27/02/2024,2026-03.csv,,,,,,,,,,,,,,,,,,
24/01/2022,2026-03.csv,,,,,,,,,,,,,,,,,,
09/02/2022,2026-03.csv,,,,,,,,,,,,,,,,,,
19/05/2022,2026-03.csv,,,,,,,,,,,,,,,,,,
08/03/2021,2026-03.csv,,,,,,,,,,,,,,,,,,
14/06/2021,2026-03.csv,,,,,,,,,,,,,,,,,,
03/03/2021,2026-03.csv,,,,,,,,,,,,,,,,,,
01/09/2020,2026-03.csv,,,,,,,,,,,,,,,,,,
01/09/2020,2026-03.csv,,,,,,,,,,,,,,,,,,
22/03/2023,2026-03.csv,,,,,,,,,,,,,,,,,,
13/07/2020,2026-03.csv,,,,,,,,,,,,,,,,,,
13/07/2020,2026-03.csv,,,,,,,,,,,,,,,,,,
13/07/2020,2026-03.csv,,,,,,,,,,,,,,,,,,
13/07/2020,2026-03.csv,,,,,,,,,,,,,,,,,,
07/03/2024,2026-03.csv,,,,,,,,,,,,,,,,,,
11/03/2022,2026-03.csv,,,,,,,,,,,,,,,,,,
16/12/2009,2026-03.csv,,,,,,,,,,,,,,,,,,
31/01/2022,2026-03.csv,,,,,,,,,,,,,,,,,,
04/01/2023,2026-03.csv,,,,,,,,,,,,,,,,,,
01/01/2020,2026-03.csv,,,,,,,,,,,,,,,,,,
31/08/2017,2026-03.csv,,,,,,,,,,,,,,,,,,
31/03/2022,2026-03.csv,,,,,,,,,,,,,,,,,,
14/03/2018,2026-03.csv,,,,,,,,,,,,,,,,,,
01/02/2016,2026-03.csv,,,,,,,,,,,,,,,,,,
06/12/2021,2026-03.csv,,,,,,,,,,,,,,,,,,
17/02/2016,2026-03.csv,,,,,,,,,,,,,,,,,,
27/02/2018,2026-03.csv,,,,,,,,,,,,,,,,,,
22/01/2019,2026-03.csv,,,,,,,,,,,,,,,,,,
17/03/2016,2026-03.csv,,,,,,,,,,,,,,,,,,
08/08/2018,2026-03.csv,,,,,,,,,,,,,,,,,,
31/03/2021,2026-03.csv,,,,,,,,,,,,,,,,,,
04/11/2022,2026-03.csv,,,,,,,,,,,,,,,,,,
25/09/2018,2026-03.csv,,,,,,,,,,,,,,,,,,
07/03/2016,2026-03.csv,,,,,,,,,,,,,,,,,,
22/01/2021,2026-03.csv,,,,,,,,,,,,,,,,,,
22/01/2021,2026-03.csv,,,,,,,,,,,,,,,,,,
22/01/2021,2026-03.csv,,,,,,,,,,,,,,,,,,
23/11/2020,2026-03.csv,,,,,,,,,,,,,,,,,,
07/12/2020,2026-03.csv,,,,,,,,,,,,,,,,,,
17/02/2016,2026-03.csv,,,,,,,,,,,,,,,,,,
15/10/2024,2026-03.csv,,,,,,,,,,,,,,,,,,
22/06/2022,2026-03.csv,,,,,,,,,,,,,,,,,,
08/06/2021,2026-03.csv,,,,,,,,,,,,,,,,,,
15/02/2018,2026-03.csv,,,,,,,,,,,,,,,,,,
14/03/2023,2026-03.csv,,,,,,,,,,,,,,,,,,
09/01/2023,2026-03.csv,,,,,,,,,,,,,,,,,,
09/11/2022,2026-03.csv,,,,,,,,,,,,,,,,,,
24/01/2024,2026-03.csv,,,,,,,,,,,,,,,,,,
01/03/2018,2026-03.csv,,,,,,,,,,,,,,,,,,
14/02/2019,2026-03.csv,,,,,,,,,,,,,,,,,,
14/02/2019,2026-03.csv,,,,,,,,,,,,,,,,,,
30/03/2017,2026-03.csv,,,,,,,,,,,,,,,,,,
27/02/2017,2026-03.csv,,,,,,,,,,,,,,,,,,
26/03/2018,2026-03.csv,,,,,,,,,,,,,,,,,,
26/03/2025,2026-03.csv,,,,,,,,,,,,,,,,,,
05/01/2023,2026-03.csv,,,,,,,,,,,,,,,,,,
20/12/2018,2026-03.csv,,,,,,,,,,,,,,,,,,
25/01/2017,2026-03.csv,,,,,,,,,,,,,,,,,,
11/05/2020,2026-03.csv,,,,,,,,,,,,,,,,,,
15/10/2024,2026-03.csv,,,,,,,,,,,,,,,,,,
09/11/2017,2026-03.csv,,,,,,,,,,,,,,,,,,
25/09/2024,2026-03.csv,,,,,,,,,,,,,,,,,,
15/10/2024,2026-03.csv,,,,,,,,,,,,,,,,,,
05/07/2017,2026-03.csv,,,,,,,,,,,,,,,,,,
31/03/2016,2026-03.csv,,,,,,,,,,,,,,,,,,
16/03/2023,2026-03.csv,,,,,,,,,,,,,,,,,,
27/02/2018,2026-03.csv,,,,,,,,,,,,,,,,,,
28/10/2024,2026-03.csv,,,,,,,,,,,,,,,,,,
01/09/2022,2026-03.csv,,,,,,,,,,,,,,,,,,
26/08/2022,2026-03.csv,,,,,,,,,,,,,,,,,,
07/11/2022,2026-03.csv,,,,,,,,,,,,,,,,,,
20/09/2022,2026-03.csv,,,,,,,,,,,,,,,,,,
01/03/2017,2026-03.csv,,,,,,,,,,,,,,,,,,
27/03/2018,2026-03.csv,,,,,,,,,,,,,,,,,,
13/06/2017,2026-03.csv,,,,,,,,,,,,,,,,,,
22/12/2021,2026-03.csv,,,,,,,,,,,,,,,,,,
20/03/2018,2026-03.csv,,,,,,,,,,,,,,,,,,
12/04/2022,2026-03.csv,,,,,,,,,,,,,,,,,,
01/03/2018,2026-03.csv,,,,,,,,,,,,,,,,,,
01/03/2018,2026-03.csv,,,,,,,,,,,,,,,,,,
09/02/2022,2026-03.csv,,,,,,,,,,,,,,,,,,
10/11/2022,2026-03.csv,,,,,,,,,,,,,,,,,,
01/03/2018,2026-03.csv,,,,,,,,,,,,,,,,,,
15/03/2018,2026-03.csv,,,,,,,,,,,,,,,,,,
04/01/2021,2026-03.csv,,,,,,,,,,,,,,,,,,
03/03/2021,2026-03.csv,,,,,,,,,,,,,,,,,,
26/10/2016,2026-03.csv,,,,,,,,,,,,,,,,,,
13/03/2018,2026-03.csv,,,,,,,,,,,,,,,,,,
14/03/2024,2026-03.csv,,,,,,,,,,,,,,,,,,
17/05/2023,2026-03.csv,,,,,,,,,,,,,,,,,,
24/03/2022,2026-03.csv,,,,,,,,,,,,,,,,,,
29/03/2022,2026-03.csv,,,,,,,,,,,,,,,,,,
09/03/2023,2026-03.csv,,,,,,,,,,,,,,,,,,
19/10/2022,2026-03.csv,,,,,,,,,,,,,,,,,,
09/07/2020,2026-03.csv,,,,,,,,,,,,,,,,,,
22/03/2022,2026-03.csv,,,,,,,,,,,,,,,,,,
23/03/2022,2026-03.csv,,,,,,,,,,,,,,,,,,
14/03/2018,2026-03.csv,,,,,,,,,,,,,,,,,,
31/03/2021,2026-03.csv,,,,,,,,,,,,,,,,,,
17/03/2016,2026-03.csv,,,,,,,,,,,,,,,,,,
20/02/2020,2026-03.csv,,,,,,,,,,,,,,,,,,
31/03/2021,2026-03.csv,,,,,,,,,,,,,,,,,,
30/03/2023,2026-03.csv,,,,,,,,,,,,,,,,,,
14/02/2023,2026-03.csv,,,,,,,,,,,,,,,,,,
27/03/2023,2026-03.csv,,,,,,,,,,,,,,,,,,
27/03/2023,2026-03.csv,,,,,,,,,,,,,,,,,,
27/03/2023,2026-03.csv,,,,,,,,,,,,,,,,,,
27/03/2023,2026-03.csv,,,,,,,,,,,,,,,,,,
27/03/2025,2026-03.csv,,,,,,,,,,,,,,,,,,
21/09/2021,2026-03.csv,,,,,,,,,,,,,,,,,,
18/03/2020,2026-03.csv,,,,,,,,,,,,,,,,,,
27/02/2018,2026-03.csv,,,,,,,,,,,,,,,,,,
22/12/2021,2026-03.csv,,,,,,,,,,,,,,,,,,
01/03/2023,2026-03.csv,,,,,,,,,,,,,,,,,,
25/02/2016,2026-03.csv,,,,,,,,,,,,,,,,,,
28/12/2021,2026-03.csv,,,,,,,,,,,,,,,,,,
11/03/2022,2026-03.csv,,,,,,,,,,,,,,,,,,
15/03/2024,2026-03.csv,,,,,,,,,,,,,,,,,,
15/03/2024,2026-03.csv,,,,,,,,,,,,,,,,,,
15/03/2024,2026-03.csv,,,,,,,,,,,,,,,,,,
02/11/2016,2026-03.csv,,,,,,,,,,,,,,,,,,
13/08/2020,2026-03.csv,,,,,,,,,,,,,,,,,,
22/03/2017,2026-03.csv,,,,,,,,,,,,,,,,,,
26/02/2020,2026-03.csv,,,,,,,,,,,,,,,,,,
27/02/2018,2026-03.csv,,,,,,,,,,,,,,,,,,
10/08/2016,2026-03.csv,,,,,,,,,,,,,,,,,,
05/01/2022,2026-03.csv,,,,,,,,,,,,,,,,,,
08/02/2024,2026-03.csv,,,,,,,,,,,,,,,,,,
16/02/2023,2026-03.csv,,,,,,,,,,,,,,,,,,
02/07/2021,2026-03.csv,,,,,,,,,,,,,,,,,,
20/03/2020,2026-03.csv,,,,,,,,,,,,,,,,,,
19/03/2020,2026-03.csv,,,,,,,,,,,,,,,,,,
31/03/2022,2026-03.csv,,,,,,,,,,,,,,,,,,
24/03/2023,2026-03.csv,,,,,,,,,,,,,,,,,,
06/07/2022,2026-03.csv,,,,,,,,,,,,,,,,,,
27/03/2025,2026-03.csv,,,,,,,,,,,,,,,,,,
22/03/2022,2026-03.csv,,,,,,,,,,,,,,,,,,
08/01/2022,2026-03.csv,,,,,,,,,,,,,,,,,,
30/06/2022,2026-03.csv,,,,,,,,,,,,,,,,,,
16/05/2025,2026-03.csv,,,,,,,,,,,,,,,,,,
18/09/2020,2026-03.csv,,,,,,,,,,,,,,,,,,
26/03/2021,2026-03.csv,,,,,,,,,,,,,,,,,,
20/03/2018,2026-03.csv,,,,,,,,,,,,,,,,,,
13/03/2018,2026-03.csv,,,,,,,,,,,,,,,,,,
26/02/2018,2026-03.csv,,,,,,,,,,,,,,,,,,
26/02/2018,2026-03.csv,,,,,,,,,,,,,,,,,,
27/01/2022,2026-03.csv,,,,,,,,,,,,,,,,,,
27/01/2015,2026-03.csv,,,,,,,,,,,,,,,,,,
20/03/2018,2026-03.csv,,,,,,,,,,,,,,,,,,
16/05/2023,2026-03.csv,,,,,,,,,,,,,,,,,,
22/03/2022,2026-03.csv,,,,,,,,,,,,,,,,,,
04/03/2024,2026-03.csv,,,,,,,,,,,,,,,,,,
20/03/2018,2026-03.csv,,,,,,,,,,,,,,,,,,
28/03/2017,2026-03.csv,,,,,,,,,,,,,,,,,,
14/09/2021,2026-03.csv,,,,,,,,,,,,,,,,,,
08/07/2020,2026-03.csv,,,,,,,,,,,,,,,,,,
18/03/2020,2026-03.csv,,,,,,,,,,,,,,,,,,
11/08/2020,2026-03.csv,,,,,,,,,,,,,,,,,,
14/08/2020,2026-03.csv,,,,,,,,,,,,,,,,,,
19/08/2020,2026-03.csv,,,,,,,,,,,,,,,,,,
18/04/2020,2026-03.csv,,,,,,,,,,,,,,,,,,
18/04/2020,2026-03.csv,,,,,,,,,,,,,,,,,,
18/04/2020,2026-03.csv,,,,,,,,,,,,,,,,,,
18/04/2020,2026-03.csv,,,,,,,,,,,,,,,,,,
10/08/2020,2026-03.csv,,,,,,,,,,,,,,,,,,
11/08/2020,2026-03.csv,,,,,,,,,,,,,,,,,,
24/08/2020,2026-03.csv,,,,,,,,,,,,,,,,,,
09/06/2022,2026-03.csv,,,,,,,,,,,,,,,,,,
17/03/2022,2026-03.csv,,,,,,,,,,,,,,,,,,
06/01/2022,2026-03.csv,,,,,,,,,,,,,,,,,,
20/12/2024,2026-03.csv,,,,,,,,,,,,,,,,,,
11/03/2024,2026-03.csv,,,,,,,,,,,,,,,,,,
28/06/2017,2026-03.csv,,,,,,,,,,,,,,,,,,
31/03/2022,2026-03.csv,,,,,,,,,,,,,,,,,,
02/03/2015,2026-03.csv,,,,,,,,,,,,,,,,,,
02/01/2014,2026-03.csv,,,,,,,,,,,,,,,,,,
10/02/2022,2026-03.csv,,,,,,,,,,,,,,,,,,
15/03/2024,2026-03.csv,,,,,,,,,,,,,,,,,,
14/03/2024,2026-03.csv,,,,,,,,,,,,,,,,,,
20/02/2023,2026-03.csv,,,,,,,,,,,,,,,,,,
25/03/2022,2026-03.csv,,,,,,,,,,,,,,,,,,
25/03/2022,2026-03.csv,,,,,,,,,,,,,,,,,,
18/03/2020,2026-03.csv,,,,,,,,,,,,,,,,,,
11/04/2025,2026-03.csv,,,,,,,,,,,,,,,,,,
30/05/2025,2026-03.csv,,,,,,,,,,,,,,,,,,
15/02/2017,2026-03.csv,,,,,,,,,,,,,,,,,,
16/12/2006,2026-03.csv,,,,,,,,,,,,,,,,,,
18/02/2020,2026-03.csv,,,,,,,,,,,,,,,,,,
18/02/2020,2026-03.csv,,,,,,,,,,,,,,,,,,
15/10/2024,2026-03.csv,,,,,,,,,,,,,,,,,,
04/02/2019,2026-03.csv,,,,,,,,,,,,,,,,,,
20/02/2017,2026-03.csv,,,,,,,,,,,,,,,,,,
22/09/2009,2026-03.csv,,,,,,,,,,,,,,,,,,
25/01/2017,2026-03.csv,,,,,,,,,,,,,,,,,,
01/03/2018,2026-03.csv,,,,,,,,,,,,,,,,,,
01/02/2016,2026-03.csv,,,,,,,,,,,,,,,,,,
17/02/2017,2026-03.csv,,,,,,,,,,,,,,,,,,
01/12/2015,2026-03.csv,,,,,,,,,,,,,,,,,,
01/02/2016,2026-03.csv,,,,,,,,,,,,,,,,,,
26/12/2017,2026-03.csv,,,,,,,,,,,,,,,,,,
19/05/2020,2026-03.csv,,,,,,,,,,,,,,,,,,
10/02/2009,2026-03.csv,,,,,,,,,,,,,,,,,,
20/01/2020,2026-03.csv,,,,,,,,,,,,,,,,,,
20/01/2020,2026-03.csv,,,,,,,,,,,,,,,,,,
28/02/2024,2026-03.csv,,,,,,,,,,,,,,,,,,
05/02/2024,2026-03.csv,,,,,,,,,,,,,,,,,,
28/03/2018,2026-03.csv,,,,,,,,,,,,,,,,,,
31/01/2024,2026-03.csv,,,,,,,,,,,,,,,,,,
17/08/2005,2026-03.csv,,,,,,,,,,,,,,,,,,
08/06/2021,2026-03.csv,,,,,,,,,,,,,,,,,,
08/11/2017,2026-03.csv,,,,,,,,,,,,,,,,,,
31/03/2021,2026-03.csv,,,,,,,,,,,,,,,,,,
24/03/2023,2026-03.csv,,,,,,,,,,,,,,,,,,
12/08/2022,2026-03.csv,,,,,,,,,,,,,,,,,,
15/03/2024,2026-03.csv,,,,,,,,,,,,,,,,,,
30/03/2023,2026-03.csv,,,,,,,,,,,,,,,,,,
23/02/2018,2026-03.csv,,,,,,,,,,,,,,,,,,
23/06/2016,2026-03.csv,,,,,,,,,,,,,,,,,,
09/09/2017,2026-03.csv,,,,,,,,,,,,,,,,,,
19/11/2013,2026-03.csv,,,,,,,,,,,,,,,,,,
14/02/2019,2026-03.csv,,,,,,,,,,,,,,,,,,
24/06/2005,2026-03.csv,,,,,,,,,,,,,,,,,,
06/09/2021,2026-03.csv,,,,,,,,,,,,,,,,,,
02/11/2022,2026-03.csv,,,,,,,,,,,,,,,,,,
,2026-03.csv,,,,,,,,,,,,,,,,,,
04/03/2021,2026-03.csv,,,,,,,,,,,,,,,,,,
17/04/2010,2026-03.csv,,,,,,,,,,,,,,,,,,
27/02/2018,2026-03.csv,,,,,,,,,,,,,,,,,,
07/11/2017,2026-03.csv,,,,,,,,,,,,,,,,,,
,2026-03.csv,,,,,,,,,,,,,,,,,,
24/08/2020,2026-03.csv,,,,,,,,,,,,,,,,,,
17/04/2020,2026-03.csv,,,,,,,,,,,,,,,,,,
24/08/2020,2026-03.csv,,,,,,,,,,,,,,,,,,
20/08/2022,2026-03.csv,,,,,,,,,,,,,,,,,,
01/02/2019,2026-03.csv,,,,,,,,,,,,,,,,,,
07/10/2022,2026-03.csv,,,,,,,,,,,,,,,,,,
30/09/2022,2026-03.csv,,,,,,,,,,,,,,,,,,
14/10/2022,2026-03.csv,,,,,,,,,,,,,,,,,,
22/12/2020,2026-03.csv,,,,,,,,,,,,,,,,,,
12/03/2020,2026-03.csv,,,,,,,,,,,,,,,,,,
01/02/2024,2026-03.csv,,,,,,,,,,,,,,,,,,
07/02/2022,2026-03.csv,,,,,,,,,,,,,,,,,,
27/02/2023,2026-03.csv,,,,,,,,,,,,,,,,,,
13/12/2021,2026-03.csv,,,,,,,,,,,,,,,,,,
14/07/2020,2026-03.csv,,,,,,,,,,,,,,,,,,
14/07/2020,2026-03.csv,,,,,,,,,,,,,,,,,,
21/09/2021,2026-03.csv,,,,,,,,,,,,,,,,,,
14/03/2024,2026-03.csv,,,,,,,,,,,,,,,,,,
14/03/2018,2026-03.csv,,,,,,,,,,,,,,,,,,
28/10/2024,2026-03.csv,,,,,,,,,,,,,,,,,,
14/02/2023,2026-03.csv,,,,,,,,,,,,,,,,,,
12/03/2021,2026-03.csv,,,,,,,,,,,,,,,,,,
29/12/2022,2026-03.csv,,,,,,,,,,,,,,,,,,
31/03/2021,2026-03.csv,,,,,,,,,,,,,,,,,,
12/01/2025,2026-03.csv,,,,,,,,,,,,,,,,,,
15/03/2022,2026-03.csv,,,,,,,,,,,,,,,,,,
22/11/2021,2026-03.csv,,,,,,,,,,,,,,,,,,
28/03/2022,2026-03.csv,,,,,,,,,,,,,,,,,,
24/03/2023,2026-03.csv,,,,,,,,,,,,,,,,,,
14/03/2022,2026-03.csv,,,,,,,,,,,,,,,,,,
06/03/2024,2026-03.csv,,,,,,,,,,,,,,,,,,
06/03/2025,2026-03.csv,,,,,,,,,,,,,,,,,,
24/03/2022,2026-03.csv,,,,,,,,,,,,,,,,,,
24/03/2022,2026-03.csv,,,,,,,,,,,,,,,,,,
25/03/2022,2026-03.csv,,,,,,,,,,,,,,,,,,
12/01/2022,2026-03.csv,,,,,,,,,,,,,,,,,,
31/03/2021,2026-03.csv,,,,,,,,,,,,,,,,,,
27/03/2023,2026-03.csv,,,,,,,,,,,,,,,,,,
31/03/2022,2026-03.csv,,,,,,,,,,,,,,,,,,
31/03/2022,2026-03.csv,,,,,,,,,,,,,,,,,,
26/02/2024,2026-03.csv,,,,,,,,,,,,,,,,,,
06/12/2021,2026-03.csv,,,,,,,,,,,,,,,,,,
27/03/2023,2026-03.csv,,,,,,,,,,,,,,,,,,
08/03/2022,2026-03.csv,,,,,,,,,,,,,,,,,,
20/10/2022,2026-03.csv,,,,,,,,,,,,,,,,,,
21/02/2024,2026-03.csv,,,,,,,,,,,,,,,,,,
11/03/2022,2026-03.csv,,,,,,,,,,,,,,,,,,
24/12/2021,2026-03.csv,,,,,,,,,,,,,,,,,,
29/12/2022,2026-03.csv,,,,,,,,,,,,,,,,,,
06/12/2022,2026-03.csv,,,,,,,,,,,,,,,,,,
24/03/2022,2026-03.csv,,,,,,,,,,,,,,,,,,
26/03/2018,2026-03.csv,,,,,,,,,,,,,,,,,,
07/05/2020,2026-03.csv,,,,,,,,,,,,,,,,,,
30/07/2020,2026-03.csv,,,,,,,,,,,,,,,,,,
11/07/2023,2026-03.csv,,,,,,,,,,,,,,,,,,
11/07/2023,2026-03.csv,,,,,,,,,,,,,,,,,,
19/02/2018,2026-03.csv,,,,,,,,,,,,,,,,,,
19/06/2020,2026-03.csv,,,,,,,,,,,,,,,,,,
07/08/2020,2026-03.csv,,,,,,,,,,,,,,,,,,
06/06/2020,2026-03.csv,,,,,,,,,,,,,,,,,,
27/05/2021,2026-03.csv,,,,,,,,,,,,,,,,,,
18/05/2021,2026-03.csv,,,,,,,,,,,,,,,,,,
24/06/2021,2026-03.csv,,,,,,,,,,,,,,,,,,
03/09/2021,2026-03.csv,,,,,,,,,,,,,,,,,,
07/10/2020,2026-03.csv,,,,,,,,,,,,,,,,,,
16/04/2015,2026-03.csv,,,,,,,,,,,,,,,,,,
26/12/2017,2026-03.csv,,,,,,,,,,,,,,,,,,
01/03/2018,2026-03.csv,,,,,,,,,,,,,,,,,,
06/12/2024,2026-03.csv,,,,,,,,,,,,,,,,,,
11/12/2023,2026-03.csv,,,,,,,,,,,,,,,,,,
30/03/2020,2026-03.csv,,,,,,,,,,,,,,,,,,
30/03/2021,2026-03.csv,,,,,,,,,,,,,,,,,,
26/02/2018,2026-03.csv,,,,,,,,,,,,,,,,,,
31/03/2022,2026-03.csv,,,,,,,,,,,,,,,,,,
31/03/2021,2026-03.csv,,,,,,,,,,,,,,,,,,
31/03/2021,2026-03.csv,,,,,,,,,,,,,,,,,,
31/03/2021,2026-03.csv,,,,,,,,,,,,,,,,,,
31/03/2023,2026-03.csv,,,,,,,,,,,,,,,,,,
31/03/2023,2026-03.csv,,,,,,,,,,,,,,,,,,
29/03/2023,2026-03.csv,,,,,,,,,,,,,,,,,,
31/03/2021,2026-03.csv,,,,,,,,,,,,,,,,,,
11/03/2022,2026-03.csv,,,,,,,,,,,,,,,,,,
16/03/2022,2026-03.csv,,,,,,,,,,,,,,,,,,
05/01/2022,2026-03.csv,,,,,,,,,,,,,,,,,,
31/03/2022,2026-03.csv,,,,,,,,,,,,,,,,,,
09/05/2022,2026-03.csv,,,,,,,,,,,,,,,,,,
19/01/2018,2026-03.csv,,,,,,,,,,,,,,,,,,
21/01/2022,2026-03.csv,,,,,,,,,,,,,,,,,,
12/02/2024,2026-03.csv,,,,,,,,,,,,,,,,,,
11/03/2024,2026-03.csv,,,,,,,,,,,,,,,,,,
11/09/2023,2026-03.csv,,,,,,,,,,,,,,,,,,
24/01/2022,2026-03.csv,,,,,,,,,,,,,,,,,,
24/01/2022,2026-03.csv,,,,,,,,,,,,,,,,,,
24/03/2022,2026-03.csv,,,,,,,,,,,,,,,,,,
07/03/2022,2026-03.csv,,,,,,,,,,,,,,,,,,
31/03/2022,2026-03.csv,,,,,,,,,,,,,,,,,,
17/05/2023,2026-03.csv,,,,,,,,,,,,,,,,,,
06/10/2022,2026-03.csv,,,,,,,,,,,,,,,,,,
17/03/2022,2026-03.csv,,,,,,,,,,,,,,,,,,
30/09/2019,2026-03.csv,,,,,,,,,,,,,,,,,,
30/09/2019,2026-03.csv,,,,,,,,,,,,,,,,,,
30/09/2019,2026-03.csv,,,,,,,,,,,,,,,,,,
30/09/2019,2026-03.csv,,,,,,,,,,,,,,,,,,
30/09/2019,2026-03.csv,,,,,,,,,,,,,,,,,,
30/09/2019,2026-03.csv,,,,,,,,,,,,,,,,,,
14/03/2018,2026-03.csv,,,,,,,,,,,,,,,,,,
14/10/2022,2026-03.csv,,,,,,,,,,,,,,,,,,
17/01/2024,2026-03.csv,,,,,,,,,,,,,,,,,,
23/06/2020,2026-03.csv,,,,,,,,,,,,,,,,,,
19/02/2021,2026-03.csv,,,,,,,,,,,,,,,,,,
13/01/2022,2026-03.csv,,,,,,,,,,,,,,,,,,
31/03/2021,2026-03.csv,,,,,,,,,,,,,,,,,,
02/09/2021,2026-03.csv,,,,,,,,,,,,,,,,,,
25/01/2024,2026-03.csv,,,,,,,,,,,,,,,,,,
16/12/2022,2026-03.csv,,,,,,,,,,,,,,,,,,
16/12/2022,2026-03.csv,,,,,,,,,,,,,,,,,,
16/12/2022,2026-03.csv,,,,,,,,,,,,,,,,,,
22/03/2022,2026-03.csv,,,,,,,,,,,,,,,,,,
09/02/2022,2026-03.csv,,,,,,,,,,,,,,,,,,
03/12/2021,2026-03.csv,,,,,,,,,,,,,,,,,,
13/12/2021,2026-03.csv,,,,,,,,,,,,,,,,,,
03/01/2023,2026-03.csv,,,,,,,,,,,,,,,,,,
26/10/2022,2026-03.csv,,,,,,,,,,,,,,,,,,
13/01/2023,2026-03.csv,,,,,,,,,,,,,,,,,,
14/10/2022,2026-03.csv,,,,,,,,,,,,,,,,,,
18/01/2022,2026-03.csv,,,,,,,,,,,,,,,,,,
20/01/2022,2026-03.csv,,,,,,,,,,,,,,,,,,
10/02/2017,2026-03.csv,,,,,,,,,,,,,,,,,,
19/10/2022,2026-03.csv,,,,,,,,,,,,,,,,,,
18/06/2020,2026-03.csv,,,,,,,,,,,,,,,,,,
31/03/2021,2026-03.csv,,,,,,,,,,,,,,,,,,
27/04/2020,2026-03.csv,,,,,,,,,,,,,,,,,,
27/04/2020,2026-03.csv,,,,,,,,,,,,,,,,,,
14/02/2020,2026-03.csv,,,,,,,,,,,,,,,,,,
31/03/2021,2026-03.csv,,,,,,,,,,,,,,,,,,
30/03/2022,2026-03.csv,,,,,,,,,,,,,,,,,,
06/10/2016,2026-03.csv,,,,,,,,,,,,,,,,,,
15/03/2024,2026-03.csv,,,,,,,,,,,,,,,,,,
30/12/2022,2026-03.csv,,,,,,,,,,,,,,,,,,
13/03/2023,2026-03.csv,,,,,,,,,,,,,,,,,,
09/02/2023,2026-03.csv,,,,,,,,,,,,,,,,,,
12/01/2022,2026-03.csv,,,,,,,,,,,,,,,,,,
29/03/2023,2026-03.csv,,,,,,,,,,,,,,,,,,
24/01/2022,2026-03.csv,,,,,,,,,,,,,,,,,,
31/05/2023,2026-03.csv,,,,,,,,,,,,,,,,,,
21/03/2022,2026-03.csv,,,,,,,,,,,,,,,,,,
30/03/2022,2026-03.csv,,,,,,,,,,,,,,,,,,
31/03/2021,2026-03.csv,,,,,,,,,,,,,,,,,,
01/12/2022,2026-03.csv,,,,,,,,,,,,,,,,,,
31/03/2022,2026-03.csv,,,,,,,,,,,,,,,,,,
30/03/2022,2026-03.csv,,,,,,,,,,,,,,,,,,
08/01/2024,2026-03.csv,,,,,,,,,,,,,,,,,,
23/03/2022,2026-03.csv,,,,,,,,,,,,,,,,,,
14/10/2022,2026-03.csv,,,,,,,,,,,,,,,,,,
08/03/2023,2026-03.csv,,,,,,,,,,,,,,,,,,
21/02/2023,2026-03.csv,,,,,,,,,,,,,,,,,,
14/02/2023,2026-03.csv,,,,,,,,,,,,,,,,,,
31/03/2020,2026-03.csv,,,,,,,,,,,,,,,,,,
29/03/2022,2026-03.csv,,,,,,,,,,,,,,,,,,
31/03/2022,2026-03.csv,,,,,,,,,,,,,,,,,,
31/03/2022,2026-03.csv,,,,,,,,,,,,,,,,,,
20/01/2017,2026-03.csv,,,,,,,,,,,,,,,,,,
30/03/2017,2026-03.csv,,,,,,,,,,,,,,,,,,
20/01/2017,2026-03.csv,,,,,,,,,,,,,,,,,,
03/03/2022,2026-03.csv,,,,,,,,,,,,,,,,,,
30/03/2017,2026-03.csv,,,,,,,,,,,,,,,,,,
06/10/2016,2026-03.csv,,,,,,,,,,,,,,,,,,
14/10/2022,2026-03.csv,,,,,,,,,,,,,,,,,,
28/02/2024,2026-03.csv,,,,,,,,,,,,,,,,,,
15/03/2024,2026-03.csv,,,,,,,,,,,,,,,,,,
15/03/2024,2026-03.csv,,,,,,,,,,,,,,,,,,
12/09/2022,2026-03.csv,,,,,,,,,,,,,,,,,,
30/03/2021,2026-03.csv,,,,,,,,,,,,,,,,,,
01/09/2020,2026-03.csv,,,,,,,,,,,,,,,,,,
31/03/2023,2026-03.csv,,,,,,,,,,,,,,,,,,
31/03/2023,2026-03.csv,,,,,,,,,,,,,,,,,,
29/03/2023,2026-03.csv,,,,,,,,,,,,,,,,,,
04/01/2023,2026-03.csv,,,,,,,,,,,,,,,,,,
13/03/2020,2026-03.csv,,,,,,,,,,,,,,,,,,
13/03/2020,2026-03.csv,,,,,,,,,,,,,,,,,,
30/03/2021,2026-03.csv,,,,,,,,,,,,,,,,,,
11/03/2022,2026-03.csv,,,,,,,,,,,,,,,,,,
30/11/2023,2026-03.csv,,,,,,,,,,,,,,,,,,
09/09/2021,2026-03.csv,,,,,,,,,,,,,,,,,,
05/01/2023,2026-03.csv,,,,,,,,,,,,,,,,,,
31/03/2023,2026-03.csv,,,,,,,,,,,,,,,,,,
03/01/2023,2026-03.csv,,,,,,,,,,,,,,,,,,
07/03/2023,2026-03.csv,,,,,,,,,,,,,,,,,,
11/03/2024,2026-03.csv,,,,,,,,,,,,,,,,,,
28/02/2024,2026-03.csv,,,,,,,,,,,,,,,,,,
04/03/2024,2026-03.csv,,,,,,,,,,,,,,,,,,
07/02/2024,2026-03.csv,,,,,,,,,,,,,,,,,,
27/02/2024,2026-03.csv,,,,,,,,,,,,,,,,,,
28/02/2024,2026-03.csv,,,,,,,,,,,,,,,,,,
11/03/2024,2026-03.csv,,,,,,,,,,,,,,,,,,
27/03/2023,2026-03.csv,,,,,,,,,,,,,,,,,,
11/03/2022,2026-03.csv,,,,,,,,,,,,,,,,,,
31/03/2022,2026-03.csv,,,,,,,,,,,,,,,,,,
30/09/2021,2026-03.csv,,,,,,,,,,,,,,,,,,
23/05/2022,2026-03.csv,,,,,,,,,,,,,,,,,,
21/10/2022,2026-03.csv,,,,,,,,,,,,,,,,,,
31/12/2023,2026-03.csv,,,,,,,,,,,,,,,,,,
30/09/2021,2026-03.csv,,,,,,,,,,,,,,,,,,
31/12/2019,2026-03.csv,,,,,,,,,,,,,,,,,,
30/11/2020,2026-03.csv,,,,,,,,,,,,,,,,,,
01/01/2022,2026-03.csv,,,,,,,,,,,,,,,,,,
28/11/2014,2026-03.csv,,,,,,,,,,,,,,,,,,
09/07/2024,2026-03.csv,,,,,,,,,,,,,,,,,,
30/03/2015,2026-03.csv,,,,,,,,,,,,,,,,,,
10/11/2015,2026-03.csv,,,,,,,,,,,,,,,,,,
11/09/2023,2026-03.csv,,,,,,,,,,,,,,,,,,
15/11/2023,2026-03.csv,,,,,,,,,,,,,,,,,,
30/11/2023,2026-03.csv,,,,,,,,,,,,,,,,,,
31/10/2023,2026-03.csv,,,,,,,,,,,,,,,,,,
20/01/2025,2026-03.csv,,,,,,,,,,,,,,,,,,
26/07/2024,2026-03.csv,,,,,,,,,,,,,,,,,,
28/03/2024,2026-03.csv,,,,,,,,,,,,,,,,,,
11/07/2024,2026-03.csv,,,,,,,,,,,,,,,,,,
09/08/2023,2026-03.csv,,,,,,,,,,,,,,,,,,
31/01/2009,2026-03.csv,,,,,,,,,,,,,,,,,,
20/01/2025,2026-03.csv,,,,,,,,,,,,,,,,,,
20/01/2025,2026-03.csv,,,,,,,,,,,,,,,,,,
16/11/2024,2026-03.csv,,,,,,,,,,,,,,,,,,
09/09/2024,2026-03.csv,,,,,,,,,,,,,,,,,,
01/11/2020,2026-03.csv,,,,,,,,,,,,,,,,,,
23/12/2019,2026-03.csv,,,,,,,,,,,,,,,,,,
19/07/2017,2026-03.csv,,,,,,,,,,,,,,,,,,
27/04/2022,2026-03.csv,,,,,,,,,,,,,,,,,,
23/05/2018,2026-03.csv,,,,,,,,,,,,,,,,,,
31/05/2023,2026-03.csv,,,,,,,,,,,,,,,,,,
08/05/2023,2026-03.csv,,,,,,,,,,,,,,,,,,
17/11/2021,2026-03.csv,,,,,,,,,,,,,,,,,,
19/09/2019,2026-03.csv,,,,,,,,,,,,,,,,,,
09/12/2020,2026-03.csv,,,,,,,,,,,,,,,,,,
27/07/2022,2026-03.csv,,,,,,,,,,,,,,,,,,
09/10/2014,2026-03.csv,,,,,,,,,,,,,,,,,,
22/02/2019,2026-03.csv,,,,,,,,,,,,,,,,,,
28/08/2024,2026-03.csv,,,,,,,,,,,,,,,,,,
21/03/2025,2026-03.csv,,,,,,,,,,,,,,,,,,
21/08/2025,2026-03.csv,,,,,,,,,,,,,,,,,,
24/03/2025,2026-03.csv,,,,,,,,,,,,,,,,,,
08/10/2025,2026-03.csv,,,,,,,,,,,,,,,,,,
24/02/2025,2026-03.csv,,,,,,,,,,,,,,,,,,
15/10/2024,2026-03.csv,,,,,,,,,,,,,,,,,,
18/02/2025,2026-03.csv,,,,,,,,,,,,,,,,,,
18/02/2025,2026-03.csv,,,,,,,,,,,,,,,,,,
14/10/2014,2026-03.csv,,,,,,,,,,,,,,,,,,
02/09/2024,2026-03.csv,,,,,,,,,,,,,,,,,,
25/11/2024,2026-03.csv,,,,,,,,,,,,,,,,,,
07/06/2024,2026-03.csv,,,,,,,,,,,,,,,,,,
24/02/2012,2026-03.csv,,,,,,,,,,,,,,,,,,
16/10/2025,2026-03.csv,,,,,,,,,,,,,,,,,,
03/02/2026,2026-03.csv,,,,,,,,,,,,,,,,,,
17/10/2025,2026-03.csv,,,,,,,,,,,,,,,,,,
,2026-03.csv,,,,,,,,,,,,,,,,,,
30/08/2024,2026-03.csv,,,,,,,,,,,,,,,,,,
,2026-03.csv,,,,,,,,,,,,,,,,,,
26/03/2025,2026-03.csv,,,,,,,,,,,,,,,,,,
04/08/2025,2026-03.csv,,,,,,,,,,,,,,,,,,
01/12/2014,2026-03.csv,,,,,,,,,,,,,,,,,,
07/11/2024,2026-03.csv,,,,,,,,,,,,,,,,,,
18/03/2025,2026-03.csv,,,,,,,,,,,,,,,,,,
20/01/2025,2026-03.csv,,,,,,,,,,,,,,,,,,
24/03/2025,2026-03.csv,,,,,,,,,,,,,,,,,,
16/01/2025,2026-03.csv,,,,,,,,,,,,,,,,,,
13/01/2022,2026-03.csv,,,,,,,,,,,,,,,,,,
15/07/2024,2026-03.csv,,,,,,,,,,,,,,,,,,
09/02/2024,2026-03.csv,,,,,,,,,,,,,,,,,,
21/03/2025,2026-03.csv,,,,,,,,,,,,,,,,,,
26/12/2023,2026-03.csv,,,,,,,,,,,,,,,,,,
27/09/2023,2026-03.csv,,,,,,,,,,,,,,,,,,
09/02/2024,2026-03.csv,,,,,,,,,,,,,,,,,,
26/12/2023,2026-03.csv,,,,,,,,,,,,,,,,,,
04/06/2025,2026-03.csv,,,,,,,,,,,,,,,,,,
30/05/2024,2026-03.csv,,,,,,,,,,,,,,,,,,
01/11/2023,2026-03.csv,,,,,,,,,,,,,,,,,,
01/07/2023,2026-03.csv,,,,,,,,,,,,,,,,,,
15/10/2024,2026-03.csv,,,,,,,,,,,,,,,,,,
19/11/2024,2026-03.csv,,,,,,,,,,,,,,,,,,
07/11/2024,2026-03.csv,,,,,,,,,,,,,,,,,,
27/12/2023,2026-03.csv,,,,,,,,,,,,,,,,,,
27/12/2023,2026-03.csv,,,,,,,,,,,,,,,,,,
15/10/2024,2026-03.csv,,,,,,,,,,,,,,,,,,
19/08/2024,2026-03.csv,,,,,,,,,,,,,,,,,,
22/08/2024,2026-03.csv,,,,,,,,,,,,,,,,,,
19/08/2024,2026-03.csv,,,,,,,,,,,,,,,,,,
23/08/2024,2026-03.csv,,,,,,,,,,,,,,,,,,
12/11/2024,2026-03.csv,,,,,,,,,,,,,,,,,,
12/11/2024,2026-03.csv,,,,,,,,,,,,,,,,,,
30/12/2024,2026-03.csv,,,,,,,,,,,,,,,,,,
26/10/2023,2026-03.csv,,,,,,,,,,,,,,,,,,
30/10/2023,2026-03.csv,,,,,,,,,,,,,,,,,,
01/11/2023,2026-03.csv,,,,,,,,,,,,,,,,,,
01/12/2021,2026-03.csv,,,,,,,,,,,,,,,,,,
01/12/2022,2026-03.csv,,,,,,,,,,,,,,,,,,
23/08/2024,2026-03.csv,,,,,,,,,,,,,,,,,,
24/03/2025,2026-03.csv,,,,,,,,,,,,,,,,,,
23/11/2022,2026-03.csv,,,,,,,,,,,,,,,,,,
02/09/2024,2026-03.csv,,,,,,,,,,,,,,,,,,
10/12/2024,2026-03.csv,,,,,,,,,,,,,,,,,,
24/09/2025,2026-03.csv,,,,,,,,,,,,,,,,,,
27/03/2025,2026-03.csv,,,,,,,,,,,,,,,,,,
30/08/2024,2026-03.csv,,,,,,,,,,,,,,,,,,
10/01/2025,2026-03.csv,,,,,,,,,,,,,,,,,,
,2026-03.csv,,,,,,,,,,,,,,,,,,
27/05/2019,2026-03.csv,,,,,,,,,,,,,,,,,,
17/11/2014,2026-03.csv,,,,,,,,,,,,,,,,,,
30/11/2018,2026-03.csv,,,,,,,,,,,,,,,,,,
18/10/2024,2026-03.csv,,,,,,,,,,,,,,,,,,
07/06/2021,2026-03.csv,,,,,,,,,,,,,,,,,,
21/02/2014,2026-03.csv,,,,,,,,,,,,,,,,,,
07/01/2026,2026-03.csv,,,,,,,,,,,,,,,,,,
28/03/2024,2026-03.csv,,,,,,,,,,,,,,,,,,
03/01/2025,2026-03.csv,,,,,,,,,,,,,,,,,,
04/07/2019,2026-03.csv,,,,,,,,,,,,,,,,,,
30/11/2018,2026-03.csv,,,,,,,,,,,,,,,,,,
24/04/2018,2026-03.csv,,,,,,,,,,,,,,,,,,
27/05/2019,2026-03.csv,,,,,,,,,,,,,,,,,,
21/11/2022,2026-03.csv,,,,,,,,,,,,,,,,,,
03/09/2025,2026-03.csv,,,,,,,,,,,,,,,,,,
06/07/2023,2026-03.csv,,,,,,,,,,,,,,,,,,
18/07/2013,2026-03.csv,,,,,,,,,,,,,,,,,,
29/12/2022,2026-03.csv,,,,,,,,,,,,,,,,,,
26/04/2018,2026-03.csv,,,,,,,,,,,,,,,,,,
27/02/2019,2026-03.csv,,,,,,,,,,,,,,,,,,
23/10/2023,2026-03.csv,,,,,,,,,,,,,,,,,,
04/09/2024,2026-03.csv,,,,,,,,,,,,,,,,,,
16/07/2025,2026-03.csv,,,,,,,,,,,,,,,,,,
16/12/2025,2026-03.csv,,,,,,,,,,,,,,,,,,
09/03/2019,2026-03.csv,,,,,,,,,,,,,,,,,,
04/09/2024,2026-03.csv,,,,,,,,,,,,,,,,,,
06/05/2020,2026-03.csv,,,,,,,,,,,,,,,,,,
12/10/2017,2026-03.csv,,,,,,,,,,,,,,,,,,
10/05/2018,2026-03.csv,,,,,,,,,,,,,,,,,,
06/05/2020,2026-03.csv,,,,,,,,,,,,,,,,,,
11/08/2017,2026-03.csv,,,,,,,,,,,,,,,,,,
11/08/2017,2026-03.csv,,,,,,,,,,,,,,,,,,
08/03/2010,2026-03.csv,,,,,,,,,,,,,,,,,,
08/03/2010,2026-03.csv,,,,,,,,,,,,,,,,,,
18/11/2016,2026-03.csv,,,,,,,,,,,,,,,,,,
02/02/2017,2026-03.csv,,,,,,,,,,,,,,,,,,
15/12/2015,2026-03.csv,,,,,,,,,,,,,,,,,,
02/02/2017,2026-03.csv,,,,,,,,,,,,,,,,,,
02/02/2017,2026-03.csv,,,,,,,,,,,,,,,,,,
21/12/2016,2026-03.csv,,,,,,,,,,,,,,,,,,
18/10/2018,2026-03.csv,,,,,,,,,,,,,,,,,,
18/11/2016,2026-03.csv,,,,,,,,,,,,,,,,,,
15/03/2017,2026-03.csv,,,,,,,,,,,,,,,,,,
08/07/2016,2026-03.csv,,,,,,,,,,,,,,,,,,
18/11/2016,2026-03.csv,,,,,,,,,,,,,,,,,,
18/11/2016,2026-03.csv,,,,,,,,,,,,,,,,,,
18/11/2016,2026-03.csv,,,,,,,,,,,,,,,,,,
15/03/2017,2026-03.csv,,,,,,,,,,,,,,,,,,
02/02/2017,2026-03.csv,,,,,,,,,,,,,,,,,,
13/11/2015,2026-03.csv,,,,,,,,,,,,,,,,,,
15/03/2017,2026-03.csv,,,,,,,,,,,,,,,,,,
15/03/2017,2026-03.csv,,,,,,,,,,,,,,,,,,
26/05/2016,2026-03.csv,,,,,,,,,,,,,,,,,,
15/03/2017,2026-03.csv,,,,,,,,,,,,,,,,,,
18/08/2020,2026-03.csv,,,,,,,,,,,,,,,,,,
22/07/2020,2026-03.csv,,,,,,,,,,,,,,,,,,
01/04/2009,2026-03.csv,,,,,,,,,,,,,,,,,,
01/04/2007,2026-03.csv,,,,,,,,,,,,,,,,,,
01/04/2008,2026-03.csv,,,,,,,,,,,,,,,,,,
10/05/2002,2026-03.csv,,,,,,,,,,,,,,,,,,
01/04/1996,2026-03.csv,,,,,,,,,,,,,,,,,,
01/04/2017,2026-03.csv,,,,,,,,,,,,,,,,,,
01/04/2008,2026-03.csv,,,,,,,,,,,,,,,,,,
01/04/2005,2026-03.csv,,,,,,,,,,,,,,,,,,
,2026-03.csv,,,,,,,,,,,,,,,,,,
01/04/1997,2026-03.csv,,,,,,,,,,,,,,,,,,
01/04/2006,2026-03.csv,,,,,,,,,,,,,,,,,,
31/10/2023,2026-03.csv,,,,,,,,,,,,,,,,,,
01/04/2017,2026-03.csv,,,,,,,,,,,,,,,,,,
01/04/2003,2026-03.csv,,,,,,,,,,,,,,,,,,
01/04/2008,2026-03.csv,,,,,,,,,,,,,,,,,,
,2026-03.csv,,,,,,,,,,,,,,,,,,
01/04/2009,2026-03.csv,,,,,,,,,,,,,,,,,,
01/04/2008,2026-03.csv,,,,,,,,,,,,,,,,,,
01/04/2008,2026-03.csv,,,,,,,,,,,,,,,,,,
01/04/2007,2026-03.csv,,,,,,,,,,,,,,,,,,
01/04/2009,2026-03.csv,,,,,,,,,,,,,,,,,,
01/08/2017,2026-03.csv,,,,,,,,,,,,,,,,,,
01/04/2017,2026-03.csv,,,,,,,,,,,,,,,,,,
20/01/2009,2026-03.csv,,,,,,,,,,,,,,,,,,
01/04/2007,2026-03.csv,,,,,,,,,,,,,,,,,,
01/04/2017,2026-03.csv,,,,,,,,,,,,,,,,,,
01/04/2007,2026-03.csv,,,,,,,,,,,,,,,,,,
03/02/2016,2026-03.csv,,,,,,,,,,,,,,,,,,
01/04/2005,2026-03.csv,,,,,,,,,,,,,,,,,,
01/04/2017,2026-03.csv,,,,,,,,,,,,,,,,,,
01/04/1996,2026-03.csv,,,,,,,,,,,,,,,,,,
01/04/2017,2026-03.csv,,,,,,,,,,,,,,,,,,
08/02/2010,2026-03.csv,,,,,,,,,,,,,,,,,,
,2026-03.csv,,,,,,,,,,,,,,,,,,
01/04/2011,2026-03.csv,,,,,,,,,,,,,,,,,,
,2026-03.csv,,,,,,,,,,,,,,,,,,
01/04/2017,2026-03.csv,,,,,,,,,,,,,,,,,,
01/04/1997,2026-03.csv,,,,,,,,,,,,,,,,,,
01/04/2014,2026-03.csv,,,,,,,,,,,,,,,,,,
01/04/2017,2026-03.csv,,,,,,,,,,,,,,,,,,
01/04/1996,2026-03.csv,,,,,,,,,,,,,,,,,,
Sanction Date,2026-02.csv,,,,,,,,,,,,,,,,,,
01/11/2021,2026-02.csv,,,,,,,,,,,,,,,,,,
30/12/2022,2026-02.csv,,,,,,,,,,,,,,,,,,
27/12/2018,2026-02.csv,,,,,,,,,,,,,,,,,,
02/06/2023,2026-02.csv,,,,,,,,,,,,,,,,,,
02/06/2023,2026-02.csv,,,,,,,,,,,,,,,,,,
10/03/2023,2026-02.csv,,,,,,,,,,,,,,,,,,
21/06/2023,2026-02.csv,,,,,,,,,,,,,,,,,,
17/06/2020,2026-02.csv,,,,,,,,,,,,,,,,,,
01/06/2022,2026-02.csv,,,,,,,,,,,,,,,,,,
10/10/2023,2026-02.csv,,,,,,,,,,,,,,,,,,
27/07/2018,2026-02.csv,,,,,,,,,,,,,,,,,,
07/06/2023,2026-02.csv,,,,,,,,,,,,,,,,,,
14/06/2022,2026-02.csv,,,,,,,,,,,,,,,,,,
,2026-02.csv,,,,,,,,,,,,,,,,,,
04/07/2024,2026-02.csv,,,,,,,,,,,,,,,,,,
03/07/2024,2026-02.csv,,,,,,,,,,,,,,,,,,
29/08/2024,2026-02.csv,,,,,,,,,,,,,,,,,,
28/08/2024,2026-02.csv,,,,,,,,,,,,,,,,,,
29/08/2025,2026-02.csv,,,,,,,,,,,,,,,,,,
18/06/2024,2026-02.csv,,,,,,,,,,,,,,,,,,
09/11/2017,2026-02.csv,,,,,,,,,,,,,,,,,,
01/12/2016,2026-02.csv,,,,,,,,,,,,,,,,,,
14/05/2018,2026-02.csv,,,,,,,,,,,,,,,,,,
04/03/2023,2026-02.csv,,,,,,,,,,,,,,,,,,
18/12/2020,2026-02.csv,,,,,,,,,,,,,,,,,,
21/11/2023,2026-02.csv,,,,,,,,,,,,,,,,,,
25/07/2016,2026-02.csv,,,,,,,,,,,,,,,,,,
08/12/2015,2026-02.csv,,,,,,,,,,,,,,,,,,
31/10/2015,2026-02.csv,,,,,,,,,,,,,,,,,,
16/11/2018,2026-02.csv,,,,,,,,,,,,,,,,,,
05/03/2016,2026-02.csv,,,,,,,,,,,,,,,,,,
10/09/2024,2026-02.csv,,,,,,,,,,,,,,,,,,
04/01/2023,2026-02.csv,,,,,,,,,,,,,,,,,,
19/09/2022,2026-02.csv,,,,,,,,,,,,,,,,,,
22/09/2018,2026-02.csv,,,,,,,,,,,,,,,,,,
12/08/2015,2026-02.csv,,,,,,,,,,,,,,,,,,
04/02/2015,2026-02.csv,,,,,,,,,,,,,,,,,,
25/07/2015,2026-02.csv,,,,,,,,,,,,,,,,,,
26/04/2024,2026-02.csv,,,,,,,,,,,,,,,,,,
19/04/2023,2026-02.csv,,,,,,,,,,,,,,,,,,
04/08/2020,2026-02.csv,,,,,,,,,,,,,,,,,,
16/12/2022,2026-02.csv,,,,,,,,,,,,,,,,,,
04/08/2020,2026-02.csv,,,,,,,,,,,,,,,,,,
07/05/2014,2026-02.csv,,,,,,,,,,,,,,,,,,
12/11/2018,2026-02.csv,,,,,,,,,,,,,,,,,,
11/02/2020,2026-02.csv,,,,,,,,,,,,,,,,,,
26/03/2024,2026-02.csv,,,,,,,,,,,,,,,,,,
25/08/2020,2026-02.csv,,,,,,,,,,,,,,,,,,
22/07/2019,2026-02.csv,,,,,,,,,,,,,,,,,,
26/03/2024,2026-02.csv,,,,,,,,,,,,,,,,,,
10/08/2021,2026-02.csv,,,,,,,,,,,,,,,,,,
04/08/2020,2026-02.csv,,,,,,,,,,,,,,,,,,
11/08/2018,2026-02.csv,,,,,,,,,,,,,,,,,,
29/12/2023,2026-02.csv,,,,,,,,,,,,,,,,,,
12/02/2019,2026-02.csv,,,,,,,,,,,,,,,,,,
11/02/2020,2026-02.csv,,,,,,,,,,,,,,,,,,
24/12/2020,2026-02.csv,,,,,,,,,,,,,,,,,,
11/02/2020,2026-02.csv,,,,,,,,,,,,,,,,,,
10/05/2021,2026-02.csv,,,,,,,,,,,,,,,,,,
11/11/2020,2026-02.csv,,,,,,,,,,,,,,,,,,
18/01/2021,2026-02.csv,,,,,,,,,,,,,,,,,,
28/10/2023,2026-02.csv,,,,,,,,,,,,,,,,,,
31/08/2019,2026-02.csv,,,,,,,,,,,,,,,,,,
08/08/2023,2026-02.csv,,,,,,,,,,,,,,,,,,
05/03/2016,2026-02.csv,,,,,,,,,,,,,,,,,,
23/03/2021,2026-02.csv,,,,,,,,,,,,,,,,,,
01/07/2019,2026-02.csv,,,,,,,,,,,,,,,,,,
23/04/2021,2026-02.csv,,,,,,,,,,,,,,,,,,
01/07/2021,2026-02.csv,,,,,,,,,,,,,,,,,,
25/04/2022,2026-02.csv,,,,,,,,,,,,,,,,,,
07/11/2022,2026-02.csv,,,,,,,,,,,,,,,,,,
10/08/2022,2026-02.csv,,,,,,,,,,,,,,,,,,
01/08/2017,2026-02.csv,,,,,,,,,,,,,,,,,,
19/04/2023,2026-02.csv,,,,,,,,,,,,,,,,,,
22/05/2018,2026-02.csv,,,,,,,,,,,,,,,,,,
29/12/2023,2026-02.csv,,,,,,,,,,,,,,,,,,
03/02/2020,2026-02.csv,,,,,,,,,,,,,,,,,,
01/12/2021,2026-02.csv,,,,,,,,,,,,,,,,,,
27/02/2025,2026-02.csv,,,,,,,,,,,,,,,,,,
16/04/2020,2026-02.csv,,,,,,,,,,,,,,,,,,
25/08/2020,2026-02.csv,,,,,,,,,,,,,,,,,,
30/01/2024,2026-02.csv,,,,,,,,,,,,,,,,,,
19/08/2017,2026-02.csv,,,,,,,,,,,,,,,,,,
01/03/2016,2026-02.csv,,,,,,,,,,,,,,,,,,
17/12/2014,2026-02.csv,,,,,,,,,,,,,,,,,,
24/01/2022,2026-02.csv,,,,,,,,,,,,,,,,,,
29/01/2023,2026-02.csv,,,,,,,,,,,,,,,,,,
25/06/2021,2026-02.csv,,,,,,,,,,,,,,,,,,
05/06/2024,2026-02.csv,,,,,,,,,,,,,,,,,,
28/01/2023,2026-02.csv,,,,,,,,,,,,,,,,,,
24/01/2022,2026-02.csv,,,,,,,,,,,,,,,,,,
04/08/2020,2026-02.csv,,,,,,,,,,,,,,,,,,
29/11/2024,2026-02.csv,,,,,,,,,,,,,,,,,,
20/12/2024,2026-02.csv,,,,,,,,,,,,,,,,,,
24/05/2018,2026-02.csv,,,,,,,,,,,,,,,,,,
14/06/2022,2026-02.csv,,,,,,,,,,,,,,,,,,
13/01/2025,2026-02.csv,,,,,,,,,,,,,,,,,,
12/08/2009,2026-02.csv,,,,,,,,,,,,,,,,,,
11/11/2020,2026-02.csv,,,,,,,,,,,,,,,,,,
12/08/2011,2026-02.csv,,,,,,,,,,,,,,,,,,
14/02/2011,2026-02.csv,,,,,,,,,,,,,,,,,,
05/06/2024,2026-02.csv,,,,,,,,,,,,,,,,,,
01/03/2020,2026-02.csv,,,,,,,,,,,,,,,,,,
11/08/2018,2026-02.csv,,,,,,,,,,,,,,,,,,
25/05/2019,2026-02.csv,,,,,,,,,,,,,,,,,,
11/11/2020,2026-02.csv,,,,,,,,,,,,,,,,,,
27/08/2016,2026-02.csv,,,,,,,,,,,,,,,,,,
12/07/2021,2026-02.csv,,,,,,,,,,,,,,,,,,
10/03/2016,2026-02.csv,,,,,,,,,,,,,,,,,,
29/11/2024,2026-02.csv,,,,,,,,,,,,,,,,,,
31/01/2023,2026-02.csv,,,,,,,,,,,,,,,,,,
14/10/2022,2026-02.csv,,,,,,,,,,,,,,,,,,
24/12/2020,2026-02.csv,,,,,,,,,,,,,,,,,,
23/12/2009,2026-02.csv,,,,,,,,,,,,,,,,,,
22/07/2019,2026-02.csv,,,,,,,,,,,,,,,,,,
25/06/2025,2026-02.csv,,,,,,,,,,,,,,,,,,
01/09/2025,2026-02.csv,,,,,,,,,,,,,,,,,,
30/05/2025,2026-02.csv,,,,,,,,,,,,,,,,,,
04/08/2020,2026-02.csv,,,,,,,,,,,,,,,,,,
02/02/2017,2026-02.csv,,,,,,,,,,,,,,,,,,
04/11/2022,2026-02.csv,,,,,,,,,,,,,,,,,,
28/12/2021,2026-02.csv,,,,,,,,,,,,,,,,,,
26/03/2024,2026-02.csv,,,,,,,,,,,,,,,,,,
31/01/2022,2026-02.csv,,,,,,,,,,,,,,,,,,
25/08/2025,2026-02.csv,,,,,,,,,,,,,,,,,,
04/08/2020,2026-02.csv,,,,,,,,,,,,,,,,,,
29/07/2022,2026-02.csv,,,,,,,,,,,,,,,,,,
16/04/2020,2026-02.csv,,,,,,,,,,,,,,,,,,
02/02/2021,2026-02.csv,,,,,,,,,,,,,,,,,,
22/05/2018,2026-02.csv,,,,,,,,,,,,,,,,,,
05/05/2022,2026-02.csv,,,,,,,,,,,,,,,,,,
04/05/2020,2026-02.csv,,,,,,,,,,,,,,,,,,
28/07/2021,2026-02.csv,,,,,,,,,,,,,,,,,,
29/05/2021,2026-02.csv,,,,,,,,,,,,,,,,,,
31/10/2022,2026-02.csv,,,,,,,,,,,,,,,,,,
04/11/2020,2026-02.csv,,,,,,,,,,,,,,,,,,
04/11/2019,2026-02.csv,,,,,,,,,,,,,,,,,,
05/07/2022,2026-02.csv,,,,,,,,,,,,,,,,,,
31/01/2023,2026-02.csv,,,,,,,,,,,,,,,,,,
28/11/2022,2026-02.csv,,,,,,,,,,,,,,,,,,
16/11/2018,2026-02.csv,,,,,,,,,,,,,,,,,,
29/07/2022,2026-02.csv,,,,,,,,,,,,,,,,,,
01/10/2020,2026-02.csv,,,,,,,,,,,,,,,,,,
29/01/2024,2026-02.csv,,,,,,,,,,,,,,,,,,
01/02/2019,2026-02.csv,,,,,,,,,,,,,,,,,,
10/07/2016,2026-02.csv,,,,,,,,,,,,,,,,,,
19/03/2024,2026-02.csv,,,,,,,,,,,,,,,,,,
16/04/2019,2026-02.csv,,,,,,,,,,,,,,,,,,
02/09/2023,2026-02.csv,,,,,,,,,,,,,,,,,,
22/07/2022,2026-02.csv,,,,,,,,,,,,,,,,,,
22/06/2020,2026-02.csv,,,,,,,,,,,,,,,,,,
30/06/2020,2026-02.csv,,,,,,,,,,,,,,,,,,
17/09/2009,2026-02.csv,,,,,,,,,,,,,,,,,,
01/08/2024,2026-02.csv,,,,,,,,,,,,,,,,,,
01/03/2019,2026-02.csv,,,,,,,,,,,,,,,,,,
01/07/2017,2026-02.csv,,,,,,,,,,,,,,,,,,
17/09/2009,2026-02.csv,,,,,,,,,,,,,,,,,,
18/09/2019,2026-02.csv,,,,,,,,,,,,,,,,,,
28/12/2020,2026-02.csv,,,,,,,,,,,,,,,,,,
10/03/2021,2026-02.csv,,,,,,,,,,,,,,,,,,
01/10/2019,2026-02.csv,,,,,,,,,,,,,,,,,,
17/09/2009,2026-02.csv,,,,,,,,,,,,,,,,,,
29/09/2022,2026-02.csv,,,,,,,,,,,,,,,,,,
01/08/2020,2026-02.csv,,,,,,,,,,,,,,,,,,
30/09/2024,2026-02.csv,,,,,,,,,,,,,,,,,,
17/09/2009,2026-02.csv,,,,,,,,,,,,,,,,,,
17/09/2009,2026-02.csv,,,,,,,,,,,,,,,,,,
12/02/2024,2026-02.csv,,,,,,,,,,,,,,,,,,
17/09/2018,2026-02.csv,,,,,,,,,,,,,,,,,,
25/06/2018,2026-02.csv,,,,,,,,,,,,,,,,,,
28/03/2023,2026-02.csv,,,,,,,,,,,,,,,,,,
24/10/2018,2026-02.csv,,,,,,,,,,,,,,,,,,
17/09/2009,2026-02.csv,,,,,,,,,,,,,,,,,,
29/05/2025,2026-02.csv,,,,,,,,,,,,,,,,,,
29/05/2025,2026-02.csv,,,,,,,,,,,,,,,,,,
27/12/2023,2026-02.csv,,,,,,,,,,,,,,,,,,
29/05/2019,2026-02.csv,,,,,,,,,,,,,,,,,,
,2026-02.csv,,,,,,,,,,,,,,,,,,
21/07/2022,2026-02.csv,,,,,,,,,,,,,,,,,,
21/07/2022,2026-02.csv,,,,,,,,,,,,,,,,,,
21/07/2022,2026-02.csv,,,,,,,,,,,,,,,,,,
05/08/2023,2026-02.csv,,,,,,,,,,,,,,,,,,
21/07/2022,2026-02.csv,,,,,,,,,,,,,,,,,,
01/08/2023,2026-02.csv,,,,,,,,,,,,,,,,,,
27/07/2016,2026-02.csv,,,,,,,,,,,,,,,,,,
25/01/2017,2026-02.csv,,,,,,,,,,,,,,,,,,
11/12/2024,2026-02.csv,,,,,,,,,,,,,,,,,,
11/12/2024,2026-02.csv,,,,,,,,,,,,,,,,,,
,2026-02.csv,,,,,,,,,,,,,,,,,,
26/03/2021,2026-02.csv,,,,,,,,,,,,,,,,,,
08/03/2019,2026-02.csv,,,,,,,,,,,,,,,,,,
01/10/2020,2026-02.csv,,,,,,,,,,,,,,,,,,
27/02/2023,2026-02.csv,,,,,,,,,,,,,,,,,,
05/11/2024,2026-02.csv,,,,,,,,,,,,,,,,,,
25/06/2019,2026-02.csv,,,,,,,,,,,,,,,,,,
08/03/2019,2026-02.csv,,,,,,,,,,,,,,,,,,
28/04/2023,2026-02.csv,,,,,,,,,,,,,,,,,,
10/05/2022,2026-02.csv,,,,,,,,,,,,,,,,,,
29/08/2023,2026-02.csv,,,,,,,,,,,,,,,,,,
20/11/2020,2026-02.csv,,,,,,,,,,,,,,,,,,
05/11/2024,2026-02.csv,,,,,,,,,,,,,,,,,,
28/10/2014,2026-02.csv,,,,,,,,,,,,,,,,,,
07/11/2017,2026-02.csv,,,,,,,,,,,,,,,,,,
30/01/2023,2026-02.csv,,,,,,,,,,,,,,,,,,
10/09/2014,2026-02.csv,,,,,,,,,,,,,,,,,,
30/03/2021,2026-02.csv,,,,,,,,,,,,,,,,,,
11/02/2021,2026-02.csv,,,,,,,,,,,,,,,,,,
03/03/2024,2026-02.csv,,,,,,,,,,,,,,,,,,
20/09/2024,2026-02.csv,,,,,,,,,,,,,,,,,,
09/09/2003,2026-02.csv,,,,,,,,,,,,,,,,,,
12/01/2023,2026-02.csv,,,,,,,,,,,,,,,,,,
25/08/2022,2026-02.csv,,,,,,,,,,,,,,,,,,
16/11/2006,2026-02.csv,,,,,,,,,,,,,,,,,,
08/03/2019,2026-02.csv,,,,,,,,,,,,,,,,,,
08/07/2006,2026-02.csv,,,,,,,,,,,,,,,,,,
21/08/2008,2026-02.csv,,,,,,,,,,,,,,,,,,
27/06/2017,2026-02.csv,,,,,,,,,,,,,,,,,,
29/05/2023,2026-02.csv,,,,,,,,,,,,,,,,,,
28/08/2024,2026-02.csv,,,,,,,,,,,,,,,,,,
30/03/2023,2026-02.csv,,,,,,,,,,,,,,,,,,
31/01/2022,2026-02.csv,,,,,,,,,,,,,,,,,,
28/06/2022,2026-02.csv,,,,,,,,,,,,,,,,,,
29/09/2022,2026-02.csv,,,,,,,,,,,,,,,,,,
31/12/2018,2026-02.csv,,,,,,,,,,,,,,,,,,
31/01/2022,2026-02.csv,,,,,,,,,,,,,,,,,,
04/07/2024,2026-02.csv,,,,,,,,,,,,,,,,,,
09/11/2012,2026-02.csv,,,,,,,,,,,,,,,,,,
20/12/2021,2026-02.csv,,,,,,,,,,,,,,,,,,
28/01/2019,2026-02.csv,,,,,,,,,,,,,,,,,,
07/12/2023,2026-02.csv,,,,,,,,,,,,,,,,,,
09/10/2017,2026-02.csv,,,,,,,,,,,,,,,,,,
29/03/2023,2026-02.csv,,,,,,,,,,,,,,,,,,
12/09/2019,2026-02.csv,,,,,,,,,,,,,,,,,,
17/12/2018,2026-02.csv,,,,,,,,,,,,,,,,,,
,2026-02.csv,,,,,,,,,,,,,,,,,,
10/01/2019,2026-02.csv,,,,,,,,,,,,,,,,,,
28/02/2019,2026-02.csv,,,,,,,,,,,,,,,,,,
10/01/2019,2026-02.csv,,,,,,,,,,,,,,,,,,
17/12/2018,2026-02.csv,,,,,,,,,,,,,,,,,,
15/06/2018,2026-02.csv,,,,,,,,,,,,,,,,,,
06/10/2018,2026-02.csv,,,,,,,,,,,,,,,,,,
27/01/2020,2026-02.csv,,,,,,,,,,,,,,,,,,
07/03/2019,2026-02.csv,,,,,,,,,,,,,,,,,,
19/02/2020,2026-02.csv,,,,,,,,,,,,,,,,,,
27/11/2019,2026-02.csv,,,,,,,,,,,,,,,,,,
05/09/2023,2026-02.csv,,,,,,,,,,,,,,,,,,
24/02/2023,2026-02.csv,,,,,,,,,,,,,,,,,,
19/10/2023,2026-02.csv,,,,,,,,,,,,,,,,,,
04/08/2023,2026-02.csv,,,,,,,,,,,,,,,,,,
20/09/2022,2026-02.csv,,,,,,,,,,,,,,,,,,
25/08/2021,2026-02.csv,,,,,,,,,,,,,,,,,,
05/04/2022,2026-02.csv,,,,,,,,,,,,,,,,,,
08/12/2021,2026-02.csv,,,,,,,,,,,,,,,,,,
04/10/2022,2026-02.csv,,,,,,,,,,,,,,,,,,
25/10/2016,2026-02.csv,,,,,,,,,,,,,,,,,,
11/09/2025,2026-02.csv,,,,,,,,,,,,,,,,,,
18/06/2022,2026-02.csv,,,,,,,,,,,,,,,,,,
13/06/2019,2026-02.csv,,,,,,,,,,,,,,,,,,
16/07/2019,2026-02.csv,,,,,,,,,,,,,,,,,,
10/12/2010,2026-02.csv,,,,,,,,,,,,,,,,,,
18/02/2015,2026-02.csv,,,,,,,,,,,,,,,,,,
18/02/2015,2026-02.csv,,,,,,,,,,,,,,,,,,
24/05/2018,2026-02.csv,,,,,,,,,,,,,,,,,,
28/10/2013,2026-02.csv,,,,,,,,,,,,,,,,,,
06/12/2017,2026-02.csv,,,,,,,,,,,,,,,,,,
22/02/2021,2026-02.csv,,,,,,,,,,,,,,,,,,
22/02/2021,2026-02.csv,,,,,,,,,,,,,,,,,,
26/08/2022,2026-02.csv,,,,,,,,,,,,,,,,,,
26/12/2008,2026-02.csv,,,,,,,,,,,,,,,,,,
13/08/2019,2026-02.csv,,,,,,,,,,,,,,,,,,
01/01/2018,2026-02.csv,,,,,,,,,,,,,,,,,,
03/01/2018,2026-02.csv,,,,,,,,,,,,,,,,,,
16/05/2018,2026-02.csv,,,,,,,,,,,,,,,,,,
27/09/2017,2026-02.csv,,,,,,,,,,,,,,,,,,
,2026-02.csv,,,,,,,,,,,,,,,,,,
21/04/2017,2026-02.csv,,,,,,,,,,,,,,,,,,
30/09/2011,2026-02.csv,,,,,,,,,,,,,,,,,,
14/05/2018,2026-02.csv,,,,,,,,,,,,,,,,,,
11/11/2017,2026-02.csv,,,,,,,,,,,,,,,,,,
12/08/2021,2026-02.csv,,,,,,,,,,,,,,,,,,
19/05/2020,2026-02.csv,,,,,,,,,,,,,,,,,,
08/04/2021,2026-02.csv,,,,,,,,,,,,,,,,,,
06/03/2025,2026-02.csv,,,,,,,,,,,,,,,,,,
22/08/2022,2026-02.csv,,,,,,,,,,,,,,,,,,
12/09/2024,2026-02.csv,,,,,,,,,,,,,,,,,,
23/06/2025,2026-02.csv,,,,,,,,,,,,,,,,,,
18/08/2023,2026-02.csv,,,,,,,,,,,,,,,,,,
06/04/2022,2026-02.csv,,,,,,,,,,,,,,,,,,
30/01/2020,2026-02.csv,,,,,,,,,,,,,,,,,,
18/09/2023,2026-02.csv,,,,,,,,,,,,,,,,,,
16/05/2024,2026-02.csv,,,,,,,,,,,,,,,,,,
28/06/2022,2026-02.csv,,,,,,,,,,,,,,,,,,
26/02/2021,2026-02.csv,,,,,,,,,,,,,,,,,,
03/09/2021,2026-02.csv,,,,,,,,,,,,,,,,,,
14/06/2022,2026-02.csv,,,,,,,,,,,,,,,,,,
17/06/2022,2026-02.csv,,,,,,,,,,,,,,,,,,
30/05/2025,2026-02.csv,,,,,,,,,,,,,,,,,,
28/02/2022,2026-02.csv,,,,,,,,,,,,,,,,,,
13/06/2022,2026-02.csv,,,,,,,,,,,,,,,,,,
13/01/2006,2026-02.csv,,,,,,,,,,,,,,,,,,
15/03/2022,2026-02.csv,,,,,,,,,,,,,,,,,,
23/03/2022,2026-02.csv,,,,,,,,,,,,,,,,,,
15/03/2022,2026-02.csv,,,,,,,,,,,,,,,,,,
15/03/2022,2026-02.csv,,,,,,,,,,,,,,,,,,
29/03/2022,2026-02.csv,,,,,,,,,,,,,,,,,,
21/12/2022,2026-02.csv,,,,,,,,,,,,,,,,,,
21/12/2022,2026-02.csv,,,,,,,,,,,,,,,,,,
21/12/2022,2026-02.csv,,,,,,,,,,,,,,,,,,
21/12/2022,2026-02.csv,,,,,,,,,,,,,,,,,,
21/12/2022,2026-02.csv,,,,,,,,,,,,,,,,,,
21/12/2022,2026-02.csv,,,,,,,,,,,,,,,,,,
20/12/2022,2026-02.csv,,,,,,,,,,,,,,,,,,
21/01/2022,2026-02.csv,,,,,,,,,,,,,,,,,,
19/04/2022,2026-02.csv,,,,,,,,,,,,,,,,,,
29/12/2020,2026-02.csv,,,,,,,,,,,,,,,,,,
08/03/2022,2026-02.csv,,,,,,,,,,,,,,,,,,
21/04/2021,2026-02.csv,,,,,,,,,,,,,,,,,,
29/06/2022,2026-02.csv,,,,,,,,,,,,,,,,,,
05/08/2021,2026-02.csv,,,,,,,,,,,,,,,,,,
22/03/2024,2026-02.csv,,,,,,,,,,,,,,,,,,
21/11/2019,2026-02.csv,,,,,,,,,,,,,,,,,,
10/01/2018,2026-02.csv,,,,,,,,,,,,,,,,,,
03/03/2020,2026-02.csv,,,,,,,,,,,,,,,,,,
01/03/2017,2026-02.csv,,,,,,,,,,,,,,,,,,
15/05/2023,2026-02.csv,,,,,,,,,,,,,,,,,,
12/07/2023,2026-02.csv,,,,,,,,,,,,,,,,,,
19/05/2021,2026-02.csv,,,,,,,,,,,,,,,,,,
09/11/2022,2026-02.csv,,,,,,,,,,,,,,,,,,
19/06/2024,2026-02.csv,,,,,,,,,,,,,,,,,,
23/09/2021,2026-02.csv,,,,,,,,,,,,,,,,,,
27/06/2019,2026-02.csv,,,,,,,,,,,,,,,,,,
31/01/2022,2026-02.csv,,,,,,,,,,,,,,,,,,
09/04/2025,2026-02.csv,,,,,,,,,,,,,,,,,,
22/12/2020,2026-02.csv,,,,,,,,,,,,,,,,,,
31/01/2022,2026-02.csv,,,,,,,,,,,,,,,,,,
26/05/2023,2026-02.csv,,,,,,,,,,,,,,,,,,
31/07/2020,2026-02.csv,,,,,,,,,,,,,,,,,,
30/08/2022,2026-02.csv,,,,,,,,,,,,,,,,,,
26/09/2025,2026-02.csv,,,,,,,,,,,,,,,,,,
28/03/2016,2026-02.csv,,,,,,,,,,,,,,,,,,
22/06/2009,2026-02.csv,,,,,,,,,,,,,,,,,,
09/02/2023,2026-02.csv,,,,,,,,,,,,,,,,,,
22/01/2024,2026-02.csv,,,,,,,,,,,,,,,,,,
22/12/2015,2026-02.csv,,,,,,,,,,,,,,,,,,
16/12/2024,2026-02.csv,,,,,,,,,,,,,,,,,,
07/07/2011,2026-02.csv,,,,,,,,,,,,,,,,,,
29/06/2022,2026-02.csv,,,,,,,,,,,,,,,,,,
15/06/2020,2026-02.csv,,,,,,,,,,,,,,,,,,
01/04/2020,2026-02.csv,,,,,,,,,,,,,,,,,,
27/07/2020,2026-02.csv,,,,,,,,,,,,,,,,,,
01/07/2021,2026-02.csv,,,,,,,,,,,,,,,,,,
10/11/2022,2026-02.csv,,,,,,,,,,,,,,,,,,
30/05/2025,2026-02.csv,,,,,,,,,,,,,,,,,,
21/09/2020,2026-02.csv,,,,,,,,,,,,,,,,,,
27/01/2023,2026-02.csv,,,,,,,,,,,,,,,,,,
18/12/2024,2026-02.csv,,,,,,,,,,,,,,,,,,
15/05/2023,2026-02.csv,,,,,,,,,,,,,,,,,,
16/03/2022,2026-02.csv,,,,,,,,,,,,,,,,,,
12/04/2023,2026-02.csv,,,,,,,,,,,,,,,,,,
30/10/2023,2026-02.csv,,,,,,,,,,,,,,,,,,
24/09/2025,2026-02.csv,,,,,,,,,,,,,,,,,,
05/09/2024,2026-02.csv,,,,,,,,,,,,,,,,,,
20/06/2024,2026-02.csv,,,,,,,,,,,,,,,,,,
23/04/2021,2026-02.csv,,,,,,,,,,,,,,,,,,
23/02/2017,2026-02.csv,,,,,,,,,,,,,,,,,,
13/08/2021,2026-02.csv,,,,,,,,,,,,,,,,,,
27/05/2022,2026-02.csv,,,,,,,,,,,,,,,,,,
19/04/2022,2026-02.csv,,,,,,,,,,,,,,,,,,
30/11/2022,2026-02.csv,,,,,,,,,,,,,,,,,,
31/01/2022,2026-02.csv,,,,,,,,,,,,,,,,,,
27/10/2023,2026-02.csv,,,,,,,,,,,,,,,,,,
19/12/2023,2026-02.csv,,,,,,,,,,,,,,,,,,
08/11/2021,2026-02.csv,,,,,,,,,,,,,,,,,,
30/09/2024,2026-02.csv,,,,,,,,,,,,,,,,,,
21/06/2021,2026-02.csv,,,,,,,,,,,,,,,,,,
11/09/2024,2026-02.csv,,,,,,,,,,,,,,,,,,
22/05/2018,2026-02.csv,,,,,,,,,,,,,,,,,,
27/02/2018,2026-02.csv,,,,,,,,,,,,,,,,,,
19/04/2023,2026-02.csv,,,,,,,,,,,,,,,,,,
11/04/2023,2026-02.csv,,,,,,,,,,,,,,,,,,
11/07/2013,2026-02.csv,,,,,,,,,,,,,,,,,,
12/09/2022,2026-02.csv,,,,,,,,,,,,,,,,,,
03/10/2024,2026-02.csv,,,,,,,,,,,,,,,,,,
14/09/2015,2026-02.csv,,,,,,,,,,,,,,,,,,
30/05/2017,2026-02.csv,,,,,,,,,,,,,,,,,,
07/03/2016,2026-02.csv,,,,,,,,,,,,,,,,,,
04/09/2015,2026-02.csv,,,,,,,,,,,,,,,,,,
30/09/2022,2026-02.csv,,,,,,,,,,,,,,,,,,
30/09/2022,2026-02.csv,,,,,,,,,,,,,,,,,,
15/09/2022,2026-02.csv,,,,,,,,,,,,,,,,,,
03/02/2023,2026-02.csv,,,,,,,,,,,,,,,,,,
08/12/2022,2026-02.csv,,,,,,,,,,,,,,,,,,
12/09/2022,2026-02.csv,,,,,,,,,,,,,,,,,,
20/04/2017,2026-02.csv,,,,,,,,,,,,,,,,,,
01/06/2022,2026-02.csv,,,,,,,,,,,,,,,,,,
01/01/1999,2026-02.csv,,,,,,,,,,,,,,,,,,
19/02/2024,2026-02.csv,,,,,,,,,,,,,,,,,,
01/04/2019,2026-02.csv,,,,,,,,,,,,,,,,,,
30/04/2020,2026-02.csv,,,,,,,,,,,,,,,,,,
01/04/2019,2026-02.csv,,,,,,,,,,,,,,,,,,
31/03/2013,2026-02.csv,,,,,,,,,,,,,,,,,,
25/10/2023,2026-02.csv,,,,,,,,,,,,,,,,,,
29/06/2018,2026-02.csv,,,,,,,,,,,,,,,,,,
25/05/2023,2026-02.csv,,,,,,,,,,,,,,,,,,
25/10/2024,2026-02.csv,,,,,,,,,,,,,,,,,,
19/08/2024,2026-02.csv,,,,,,,,,,,,,,,,,,
04/10/2013,2026-02.csv,,,,,,,,,,,,,,,,,,
03/10/2018,2026-02.csv,,,,,,,,,,,,,,,,,,
01/04/2019,2026-02.csv,,,,,,,,,,,,,,,,,,
21/10/2020,2026-02.csv,,,,,,,,,,,,,,,,,,
20/02/2018,2026-02.csv,,,,,,,,,,,,,,,,,,
19/08/2024,2026-02.csv,,,,,,,,,,,,,,,,,,
01/01/2019,2026-02.csv,,,,,,,,,,,,,,,,,,
31/03/2016,2026-02.csv,,,,,,,,,,,,,,,,,,
15/03/2010,2026-02.csv,,,,,,,,,,,,,,,,,,
07/10/2022,2026-02.csv,,,,,,,,,,,,,,,,,,
07/09/2020,2026-02.csv,,,,,,,,,,,,,,,,,,
05/10/2015,2026-02.csv,,,,,,,,,,,,,,,,,,
11/07/2020,2026-02.csv,,,,,,,,,,,,,,,,,,
31/03/2009,2026-02.csv,,,,,,,,,,,,,,,,,,
01/03/2018,2026-02.csv,,,,,,,,,,,,,,,,,,
01/02/2023,2026-02.csv,,,,,,,,,,,,,,,,,,
01/06/2022,2026-02.csv,,,,,,,,,,,,,,,,,,
30/01/2014,2026-02.csv,,,,,,,,,,,,,,,,,,
19/08/2024,2026-02.csv,,,,,,,,,,,,,,,,,,
10/11/2017,2026-02.csv,,,,,,,,,,,,,,,,,,
15/02/2018,2026-02.csv,,,,,,,,,,,,,,,,,,
09/09/2024,2026-02.csv,,,,,,,,,,,,,,,,,,
31/03/2013,2026-02.csv,,,,,,,,,,,,,,,,,,
19/11/2008,2026-02.csv,,,,,,,,,,,,,,,,,,
25/08/2023,2026-02.csv,,,,,,,,,,,,,,,,,,
05/12/2017,2026-02.csv,,,,,,,,,,,,,,,,,,
29/12/2010,2026-02.csv,,,,,,,,,,,,,,,,,,
07/06/2024,2026-02.csv,,,,,,,,,,,,,,,,,,
01/03/2019,2026-02.csv,,,,,,,,,,,,,,,,,,
31/05/2022,2026-02.csv,,,,,,,,,,,,,,,,,,
11/11/2022,2026-02.csv,,,,,,,,,,,,,,,,,,
,2026-02.csv,,,,,,,,,,,,,,,,,,
15/07/2009,2026-02.csv,,,,,,,,,,,,,,,,,,
05/12/2025,2026-02.csv,,,,,,,,,,,,,,,,,,
28/02/2008,2026-02.csv,,,,,,,,,,,,,,,,,,
01/01/2023,2026-02.csv,,,,,,,,,,,,,,,,,,
,2026-02.csv,,,,,,,,,,,,,,,,,,
31/03/2022,2026-02.csv,,,,,,,,,,,,,,,,,,
31/01/2019,2026-02.csv,,,,,,,,,,,,,,,,,,
26/08/2015,2026-02.csv,,,,,,,,,,,,,,,,,,
30/01/2025,2026-02.csv,,,,,,,,,,,,,,,,,,
28/08/2023,2026-02.csv,,,,,,,,,,,,,,,,,,
29/03/2023,2026-02.csv,,,,,,,,,,,,,,,,,,
19/02/2024,2026-02.csv,,,,,,,,,,,,,,,,,,
25/08/2023,2026-02.csv,,,,,,,,,,,,,,,,,,
06/12/2023,2026-02.csv,,,,,,,,,,,,,,,,,,
21/11/2022,2026-02.csv,,,,,,,,,,,,,,,,,,
04/10/2017,2026-02.csv,,,,,,,,,,,,,,,,,,
25/08/2023,2026-02.csv,,,,,,,,,,,,,,,,,,
31/03/2016,2026-02.csv,,,,,,,,,,,,,,,,,,
31/03/2016,2026-02.csv,,,,,,,,,,,,,,,,,,
20/02/2013,2026-02.csv,,,,,,,,,,,,,,,,,,
08/12/2015,2026-02.csv,,,,,,,,,,,,,,,,,,
12/09/2022,2026-02.csv,,,,,,,,,,,,,,,,,,
19/08/2022,2026-02.csv,,,,,,,,,,,,,,,,,,
02/09/2016,2026-02.csv,,,,,,,,,,,,,,,,,,
15/03/2010,2026-02.csv,,,,,,,,,,,,,,,,,,
03/04/2023,2026-02.csv,,,,,,,,,,,,,,,,,,
19/08/2002,2026-02.csv,,,,,,,,,,,,,,,,,,
11/04/2023,2026-02.csv,,,,,,,,,,,,,,,,,,
19/04/2023,2026-02.csv,,,,,,,,,,,,,,,,,,
02/09/2025,2026-02.csv,,,,,,,,,,,,,,,,,,
01/04/2013,2026-02.csv,,,,,,,,,,,,,,,,,,
09/09/2022,2026-02.csv,,,,,,,,,,,,,,,,,,
01/07/2011,2026-02.csv,,,,,,,,,,,,,,,,,,
05/04/2014,2026-02.csv,,,,,,,,,,,,,,,,,,
29/01/2018,2026-02.csv,,,,,,,,,,,,,,,,,,
14/10/2025,2026-02.csv,,,,,,,,,,,,,,,,,,
09/04/2025,2026-02.csv,,,,,,,,,,,,,,,,,,
01/03/2023,2026-02.csv,,,,,,,,,,,,,,,,,,
25/08/2023,2026-02.csv,,,,,,,,,,,,,,,,,,
01/04/2019,2026-02.csv,,,,,,,,,,,,,,,,,,
27/07/2023,2026-02.csv,,,,,,,,,,,,,,,,,,
31/03/2017,2026-02.csv,,,,,,,,,,,,,,,,,,
30/09/2020,2026-02.csv,,,,,,,,,,,,,,,,,,
31/03/2011,2026-02.csv,,,,,,,,,,,,,,,,,,
05/10/2007,2026-02.csv,,,,,,,,,,,,,,,,,,
13/09/2018,2026-02.csv,,,,,,,,,,,,,,,,,,
31/03/2010,2026-02.csv,,,,,,,,,,,,,,,,,,
20/07/2015,2026-02.csv,,,,,,,,,,,,,,,,,,
01/04/2014,2026-02.csv,,,,,,,,,,,,,,,,,,
21/08/2019,2026-02.csv,,,,,,,,,,,,,,,,,,
02/09/2016,2026-02.csv,,,,,,,,,,,,,,,,,,
08/12/2015,2026-02.csv,,,,,,,,,,,,,,,,,,
10/11/2017,2026-02.csv,,,,,,,,,,,,,,,,,,
18/11/2015,2026-02.csv,,,,,,,,,,,,,,,,,,
21/08/2015,2026-02.csv,,,,,,,,,,,,,,,,,,
18/02/2018,2026-02.csv,,,,,,,,,,,,,,,,,,
04/07/2017,2026-02.csv,,,,,,,,,,,,,,,,,,
14/03/2023,2026-02.csv,,,,,,,,,,,,,,,,,,
30/09/2016,2026-02.csv,,,,,,,,,,,,,,,,,,
01/03/2018,2026-02.csv,,,,,,,,,,,,,,,,,,
05/10/2021,2026-02.csv,,,,,,,,,,,,,,,,,,
08/09/2016,2026-02.csv,,,,,,,,,,,,,,,,,,
31/03/2013,2026-02.csv,,,,,,,,,,,,,,,,,,
28/06/2010,2026-02.csv,,,,,,,,,,,,,,,,,,
05/03/2010,2026-02.csv,,,,,,,,,,,,,,,,,,
27/01/2014,2026-02.csv,,,,,,,,,,,,,,,,,,
28/07/2015,2026-02.csv,,,,,,,,,,,,,,,,,,
26/08/2022,2026-02.csv,,,,,,,,,,,,,,,,,,
02/06/2016,2026-02.csv,,,,,,,,,,,,,,,,,,
31/03/2016,2026-02.csv,,,,,,,,,,,,,,,,,,
19/09/2017,2026-02.csv,,,,,,,,,,,,,,,,,,
31/03/2013,2026-02.csv,,,,,,,,,,,,,,,,,,
20/04/2019,2026-02.csv,,,,,,,,,,,,,,,,,,
05/09/2016,2026-02.csv,,,,,,,,,,,,,,,,,,
11/04/2025,2026-02.csv,,,,,,,,,,,,,,,,,,
05/03/2016,2026-02.csv,,,,,,,,,,,,,,,,,,
13/09/2018,2026-02.csv,,,,,,,,,,,,,,,,,,
31/03/1994,2026-02.csv,,,,,,,,,,,,,,,,,,
24/06/2025,2026-02.csv,,,,,,,,,,,,,,,,,,
04/11/2004,2026-02.csv,,,,,,,,,,,,,,,,,,
08/12/2015,2026-02.csv,,,,,,,,,,,,,,,,,,
14/07/2023,2026-02.csv,,,,,,,,,,,,,,,,,,
31/03/2009,2026-02.csv,,,,,,,,,,,,,,,,,,
03/04/2023,2026-02.csv,,,,,,,,,,,,,,,,,,
01/01/2014,2026-02.csv,,,,,,,,,,,,,,,,,,
16/05/2016,2026-02.csv,,,,,,,,,,,,,,,,,,
22/03/2017,2026-02.csv,,,,,,,,,,,,,,,,,,
24/01/2007,2026-02.csv,,,,,,,,,,,,,,,,,,
27/08/2021,2026-02.csv,,,,,,,,,,,,,,,,,,
01/03/2019,2026-02.csv,,,,,,,,,,,,,,,,,,
19/02/2024,2026-02.csv,,,,,,,,,,,,,,,,,,
19/02/2024,2026-02.csv,,,,,,,,,,,,,,,,,,
12/09/2022,2026-02.csv,,,,,,,,,,,,,,,,,,
16/07/2016,2026-02.csv,,,,,,,,,,,,,,,,,,
13/09/2018,2026-02.csv,,,,,,,,,,,,,,,,,,
01/04/2012,2026-02.csv,,,,,,,,,,,,,,,,,,
11/12/2015,2026-02.csv,,,,,,,,,,,,,,,,,,
17/01/2017,2026-02.csv,,,,,,,,,,,,,,,,,,
01/09/2012,2026-02.csv,,,,,,,,,,,,,,,,,,
08/12/2015,2026-02.csv,,,,,,,,,,,,,,,,,,
25/08/2023,2026-02.csv,,,,,,,,,,,,,,,,,,
25/09/2019,2026-02.csv,,,,,,,,,,,,,,,,,,
01/04/2019,2026-02.csv,,,,,,,,,,,,,,,,,,
09/05/2008,2026-02.csv,,,,,,,,,,,,,,,,,,
30/11/2016,2026-02.csv,,,,,,,,,,,,,,,,,,
31/03/2015,2026-02.csv,,,,,,,,,,,,,,,,,,
09/02/2011,2026-02.csv,,,,,,,,,,,,,,,,,,
01/03/2018,2026-02.csv,,,,,,,,,,,,,,,,,,
17/05/2022,2026-02.csv,,,,,,,,,,,,,,,,,,
31/03/2012,2026-02.csv,,,,,,,,,,,,,,,,,,
24/07/2008,2026-02.csv,,,,,,,,,,,,,,,,,,
01/10/2019,2026-02.csv,,,,,,,,,,,,,,,,,,
07/03/2019,2026-02.csv,,,,,,,,,,,,,,,,,,
10/03/2019,2026-02.csv,,,,,,,,,,,,,,,,,,
,2026-02.csv,,,,,,,,,,,,,,,,,,
17/10/2022,2026-02.csv,,,,,,,,,,,,,,,,,,
01/02/2023,2026-02.csv,,,,,,,,,,,,,,,,,,
01/09/2019,2026-02.csv,,,,,,,,,,,,,,,,,,
19/08/2024,2026-02.csv,,,,,,,,,,,,,,,,,,
19/06/2012,2026-02.csv,,,,,,,,,,,,,,,,,,
31/03/2008,2026-02.csv,,,,,,,,,,,,,,,,,,
01/04/2017,2026-02.csv,,,,,,,,,,,,,,,,,,
07/10/2021,2026-02.csv,,,,,,,,,,,,,,,,,,
02/11/2010,2026-02.csv,,,,,,,,,,,,,,,,,,
01/06/2020,2026-02.csv,,,,,,,,,,,,,,,,,,
31/08/2023,2026-02.csv,,,,,,,,,,,,,,,,,,
01/05/2022,2026-02.csv,,,,,,,,,,,,,,,,,,
15/11/2007,2026-02.csv,,,,,,,,,,,,,,,,,,
31/03/2014,2026-02.csv,,,,,,,,,,,,,,,,,,
08/04/2025,2026-02.csv,,,,,,,,,,,,,,,,,,
21/11/2022,2026-02.csv,,,,,,,,,,,,,,,,,,
08/08/2022,2026-02.csv,,,,,,,,,,,,,,,,,,
10/06/2016,2026-02.csv,,,,,,,,,,,,,,,,,,
13/02/2024,2026-02.csv,,,,,,,,,,,,,,,,,,
24/11/2024,2026-02.csv,,,,,,,,,,,,,,,,,,
01/07/2016,2026-02.csv,,,,,,,,,,,,,,,,,,
01/09/2019,2026-02.csv,,,,,,,,,,,,,,,,,,
07/10/2021,2026-02.csv,,,,,,,,,,,,,,,,,,
08/09/2016,2026-02.csv,,,,,,,,,,,,,,,,,,
31/03/2001,2026-02.csv,,,,,,,,,,,,,,,,,,
31/03/2016,2026-02.csv,,,,,,,,,,,,,,,,,,
19/10/2015,2026-02.csv,,,,,,,,,,,,,,,,,,
01/04/2008,2026-02.csv,,,,,,,,,,,,,,,,,,
31/03/2008,2026-02.csv,,,,,,,,,,,,,,,,,,
24/01/2023,2026-02.csv,,,,,,,,,,,,,,,,,,
25/05/2022,2026-02.csv,,,,,,,,,,,,,,,,,,
28/04/2023,2026-02.csv,,,,,,,,,,,,,,,,,,
24/01/2023,2026-02.csv,,,,,,,,,,,,,,,,,,
01/04/2016,2026-02.csv,,,,,,,,,,,,,,,,,,
01/02/2023,2026-02.csv,,,,,,,,,,,,,,,,,,
10/11/2016,2026-02.csv,,,,,,,,,,,,,,,,,,
19/01/2023,2026-02.csv,,,,,,,,,,,,,,,,,,
24/01/2024,2026-02.csv,,,,,,,,,,,,,,,,,,
01/03/2018,2026-02.csv,,,,,,,,,,,,,,,,,,
02/08/2019,2026-02.csv,,,,,,,,,,,,,,,,,,
10/08/2017,2026-02.csv,,,,,,,,,,,,,,,,,,
15/12/2023,2026-02.csv,,,,,,,,,,,,,,,,,,
18/11/2015,2026-02.csv,,,,,,,,,,,,,,,,,,
03/02/2023,2026-02.csv,,,,,,,,,,,,,,,,,,
01/05/2022,2026-02.csv,,,,,,,,,,,,,,,,,,
11/09/2024,2026-02.csv,,,,,,,,,,,,,,,,,,
01/11/2015,2026-02.csv,,,,,,,,,,,,,,,,,,
19/02/2024,2026-02.csv,,,,,,,,,,,,,,,,,,
01/12/2022,2026-02.csv,,,,,,,,,,,,,,,,,,
04/03/2024,2026-02.csv,,,,,,,,,,,,,,,,,,
19/09/2019,2026-02.csv,,,,,,,,,,,,,,,,,,
30/10/2009,2026-02.csv,,,,,,,,,,,,,,,,,,
29/08/2018,2026-02.csv,,,,,,,,,,,,,,,,,,
06/10/2022,2026-02.csv,,,,,,,,,,,,,,,,,,
31/03/2004,2026-02.csv,,,,,,,,,,,,,,,,,,
31/03/2001,2026-02.csv,,,,,,,,,,,,,,,,,,
21/07/2022,2026-02.csv,,,,,,,,,,,,,,,,,,
16/09/2016,2026-02.csv,,,,,,,,,,,,,,,,,,
21/07/2008,2026-02.csv,,,,,,,,,,,,,,,,,,
17/04/2025,2026-02.csv,,,,,,,,,,,,,,,,,,
29/10/2013,2026-02.csv,,,,,,,,,,,,,,,,,,
24/10/2024,2026-02.csv,,,,,,,,,,,,,,,,,,
22/04/2016,2026-02.csv,,,,,,,,,,,,,,,,,,
24/08/2016,2026-02.csv,,,,,,,,,,,,,,,,,,
10/06/2016,2026-02.csv,,,,,,,,,,,,,,,,,,
17/05/2017,2026-02.csv,,,,,,,,,,,,,,,,,,
20/12/2017,2026-02.csv,,,,,,,,,,,,,,,,,,
28/02/2008,2026-02.csv,,,,,,,,,,,,,,,,,,
25/08/2023,2026-02.csv,,,,,,,,,,,,,,,,,,
01/04/2019,2026-02.csv,,,,,,,,,,,,,,,,,,
30/12/2020,2026-02.csv,,,,,,,,,,,,,,,,,,
30/12/2020,2026-02.csv,,,,,,,,,,,,,,,,,,
07/11/2019,2026-02.csv,,,,,,,,,,,,,,,,,,
19/07/2021,2026-02.csv,,,,,,,,,,,,,,,,,,
05/07/2016,2026-02.csv,,,,,,,,,,,,,,,,,,
29/02/2016,2026-02.csv,,,,,,,,,,,,,,,,,,
31/03/2022,2026-02.csv,,,,,,,,,,,,,,,,,,
15/06/2022,2026-02.csv,,,,,,,,,,,,,,,,,,
16/02/2023,2026-02.csv,,,,,,,,,,,,,,,,,,
07/11/2022,2026-02.csv,,,,,,,,,,,,,,,,,,
25/08/2022,2026-02.csv,,,,,,,,,,,,,,,,,,
12/10/2022,2026-02.csv,,,,,,,,,,,,,,,,,,
13/03/2018,2026-02.csv,,,,,,,,,,,,,,,,,,
23/01/2018,2026-02.csv,,,,,,,,,,,,,,,,,,
05/10/2021,2026-02.csv,,,,,,,,,,,,,,,,,,
15/02/2021,2026-02.csv,,,,,,,,,,,,,,,,,,
09/03/2024,2026-02.csv,,,,,,,,,,,,,,,,,,
09/12/2017,2026-02.csv,,,,,,,,,,,,,,,,,,
20/03/2023,2026-02.csv,,,,,,,,,,,,,,,,,,
17/04/2022,2026-02.csv,,,,,,,,,,,,,,,,,,
20/10/2022,2026-02.csv,,,,,,,,,,,,,,,,,,
19/02/2025,2026-02.csv,,,,,,,,,,,,,,,,,,
24/08/2023,2026-02.csv,,,,,,,,,,,,,,,,,,
02/08/2024,2026-02.csv,,,,,,,,,,,,,,,,,,
29/03/2023,2026-02.csv,,,,,,,,,,,,,,,,,,
12/02/2024,2026-02.csv,,,,,,,,,,,,,,,,,,
07/02/2024,2026-02.csv,,,,,,,,,,,,,,,,,,
27/03/2023,2026-02.csv,,,,,,,,,,,,,,,,,,
20/02/2024,2026-02.csv,,,,,,,,,,,,,,,,,,
11/01/2024,2026-02.csv,,,,,,,,,,,,,,,,,,
15/03/2024,2026-02.csv,,,,,,,,,,,,,,,,,,
08/02/2024,2026-02.csv,,,,,,,,,,,,,,,,,,
08/02/2021,2026-02.csv,,,,,,,,,,,,,,,,,,
19/01/2018,2026-02.csv,,,,,,,,,,,,,,,,,,
11/10/2022,2026-02.csv,,,,,,,,,,,,,,,,,,
14/10/2022,2026-02.csv,,,,,,,,,,,,,,,,,,
30/03/2025,2026-02.csv,,,,,,,,,,,,,,,,,,
14/01/2018,2026-02.csv,,,,,,,,,,,,,,,,,,
17/12/2019,2026-02.csv,,,,,,,,,,,,,,,,,,
11/03/2024,2026-02.csv,,,,,,,,,,,,,,,,,,
08/08/2022,2026-02.csv,,,,,,,,,,,,,,,,,,
31/03/2023,2026-02.csv,,,,,,,,,,,,,,,,,,
07/03/2023,2026-02.csv,,,,,,,,,,,,,,,,,,
26/10/2017,2026-02.csv,,,,,,,,,,,,,,,,,,
03/12/2021,2026-02.csv,,,,,,,,,,,,,,,,,,
16/07/2024,2026-02.csv,,,,,,,,,,,,,,,,,,
12/01/2016,2026-02.csv,,,,,,,,,,,,,,,,,,
17/10/2022,2026-02.csv,,,,,,,,,,,,,,,,,,
31/03/2016,2026-02.csv,,,,,,,,,,,,,,,,,,
20/12/2021,2026-02.csv,,,,,,,,,,,,,,,,,,
31/03/2023,2026-02.csv,,,,,,,,,,,,,,,,,,
24/06/2020,2026-02.csv,,,,,,,,,,,,,,,,,,
31/03/2015,2026-02.csv,,,,,,,,,,,,,,,,,,
17/11/2021,2026-02.csv,,,,,,,,,,,,,,,,,,
14/01/2016,2026-02.csv,,,,,,,,,,,,,,,,,,
16/01/2023,2026-02.csv,,,,,,,,,,,,,,,,,,
20/12/2021,2026-02.csv,,,,,,,,,,,,,,,,,,
28/02/2023,2026-02.csv,,,,,,,,,,,,,,,,,,
28/10/2024,2026-02.csv,,,,,,,,,,,,,,,,,,
30/03/2025,2026-02.csv,,,,,,,,,,,,,,,,,,
,2026-02.csv,,,,,,,,,,,,,,,,,,
29/06/2022,2026-02.csv,,,,,,,,,,,,,,,,,,
30/07/2021,2026-02.csv,,,,,,,,,,,,,,,,,,
15/11/2021,2026-02.csv,,,,,,,,,,,,,,,,,,
27/12/2021,2026-02.csv,,,,,,,,,,,,,,,,,,
11/05/2020,2026-02.csv,,,,,,,,,,,,,,,,,,
02/08/2024,2026-02.csv,,,,,,,,,,,,,,,,,,
02/08/2024,2026-02.csv,,,,,,,,,,,,,,,,,,
11/10/2022,2026-02.csv,,,,,,,,,,,,,,,,,,
04/03/2022,2026-02.csv,,,,,,,,,,,,,,,,,,
22/02/2022,2026-02.csv,,,,,,,,,,,,,,,,,,
27/03/2023,2026-02.csv,,,,,,,,,,,,,,,,,,
24/03/2023,2026-02.csv,,,,,,,,,,,,,,,,,,
20/03/2023,2026-02.csv,,,,,,,,,,,,,,,,,,
16/03/2023,2026-02.csv,,,,,,,,,,,,,,,,,,
28/03/2023,2026-02.csv,,,,,,,,,,,,,,,,,,
28/03/2023,2026-02.csv,,,,,,,,,,,,,,,,,,
29/03/2023,2026-02.csv,,,,,,,,,,,,,,,,,,
01/03/2023,2026-02.csv,,,,,,,,,,,,,,,,,,
20/01/2023,2026-02.csv,,,,,,,,,,,,,,,,,,
25/02/2021,2026-02.csv,,,,,,,,,,,,,,,,,,
13/03/2023,2026-02.csv,,,,,,,,,,,,,,,,,,
04/11/2022,2026-02.csv,,,,,,,,,,,,,,,,,,
04/11/2022,2026-02.csv,,,,,,,,,,,,,,,,,,
06/10/2022,2026-02.csv,,,,,,,,,,,,,,,,,,
07/03/2024,2026-02.csv,,,,,,,,,,,,,,,,,,
20/10/2021,2026-02.csv,,,,,,,,,,,,,,,,,,
15/10/2021,2026-02.csv,,,,,,,,,,,,,,,,,,
20/03/2023,2026-02.csv,,,,,,,,,,,,,,,,,,
25/12/2021,2026-02.csv,,,,,,,,,,,,,,,,,,
18/10/2024,2026-02.csv,,,,,,,,,,,,,,,,,,
03/10/2022,2026-02.csv,,,,,,,,,,,,,,,,,,
29/09/2020,2026-02.csv,,,,,,,,,,,,,,,,,,
30/03/2022,2026-02.csv,,,,,,,,,,,,,,,,,,
14/02/2024,2026-02.csv,,,,,,,,,,,,,,,,,,
24/03/2023,2026-02.csv,,,,,,,,,,,,,,,,,,
07/01/2022,2026-02.csv,,,,,,,,,,,,,,,,,,
28/02/2023,2026-02.csv,,,,,,,,,,,,,,,,,,
12/11/2021,2026-02.csv,,,,,,,,,,,,,,,,,,
01/02/2022,2026-02.csv,,,,,,,,,,,,,,,,,,
02/02/2022,2026-02.csv,,,,,,,,,,,,,,,,,,
24/08/2022,2026-02.csv,,,,,,,,,,,,,,,,,,
04/11/2022,2026-02.csv,,,,,,,,,,,,,,,,,,
09/03/2022,2026-02.csv,,,,,,,,,,,,,,,,,,
17/07/2023,2026-02.csv,,,,,,,,,,,,,,,,,,
05/12/2021,2026-02.csv,,,,,,,,,,,,,,,,,,
28/02/2023,2026-02.csv,,,,,,,,,,,,,,,,,,
28/03/2023,2026-02.csv,,,,,,,,,,,,,,,,,,
31/03/2022,2026-02.csv,,,,,,,,,,,,,,,,,,
06/02/2021,2026-02.csv,,,,,,,,,,,,,,,,,,
27/12/2021,2026-02.csv,,,,,,,,,,,,,,,,,,
28/02/2020,2026-02.csv,,,,,,,,,,,,,,,,,,
23/12/2020,2026-02.csv,,,,,,,,,,,,,,,,,,
23/12/2020,2026-02.csv,,,,,,,,,,,,,,,,,,
19/09/2022,2026-02.csv,,,,,,,,,,,,,,,,,,
13/01/2021,2026-02.csv,,,,,,,,,,,,,,,,,,
19/08/2020,2026-02.csv,,,,,,,,,,,,,,,,,,
19/08/2020,2026-02.csv,,,,,,,,,,,,,,,,,,
18/09/2019,2026-02.csv,,,,,,,,,,,,,,,,,,
18/09/2019,2026-02.csv,,,,,,,,,,,,,,,,,,
30/03/2022,2026-02.csv,,,,,,,,,,,,,,,,,,
15/01/2021,2026-02.csv,,,,,,,,,,,,,,,,,,
03/02/2023,2026-02.csv,,,,,,,,,,,,,,,,,,
06/09/2022,2026-02.csv,,,,,,,,,,,,,,,,,,
16/08/2021,2026-02.csv,,,,,,,,,,,,,,,,,,
22/01/2019,2026-02.csv,,,,,,,,,,,,,,,,,,
18/03/2021,2026-02.csv,,,,,,,,,,,,,,,,,,
,2026-02.csv,,,,,,,,,,,,,,,,,,
27/04/2020,2026-02.csv,,,,,,,,,,,,,,,,,,
07/03/2024,2026-02.csv,,,,,,,,,,,,,,,,,,
24/03/2018,2026-02.csv,,,,,,,,,,,,,,,,,,
29/04/2020,2026-02.csv,,,,,,,,,,,,,,,,,,
18/10/2024,2026-02.csv,,,,,,,,,,,,,,,,,,
06/03/2024,2026-02.csv,,,,,,,,,,,,,,,,,,
24/01/2019,2026-02.csv,,,,,,,,,,,,,,,,,,
29/10/2021,2026-02.csv,,,,,,,,,,,,,,,,,,
21/10/2021,2026-02.csv,,,,,,,,,,,,,,,,,,
13/03/2023,2026-02.csv,,,,,,,,,,,,,,,,,,
20/01/2021,2026-02.csv,,,,,,,,,,,,,,,,,,
25/02/2022,2026-02.csv,,,,,,,,,,,,,,,,,,
30/03/2022,2026-02.csv,,,,,,,,,,,,,,,,,,
24/03/2022,2026-02.csv,,,,,,,,,,,,,,,,,,
17/11/2021,2026-02.csv,,,,,,,,,,,,,,,,,,
,2026-02.csv,,,,,,,,,,,,,,,,,,
26/03/2021,2026-02.csv,,,,,,,,,,,,,,,,,,
,2026-02.csv,,,,,,,,,,,,,,,,,,
20/03/2023,2026-02.csv,,,,,,,,,,,,,,,,,,
21/01/2021,2026-02.csv,,,,,,,,,,,,,,,,,,
25/01/2019,2026-02.csv,,,,,,,,,,,,,,,,,,
09/03/2022,2026-02.csv,,,,,,,,,,,,,,,,,,
26/11/2021,2026-02.csv,,,,,,,,,,,,,,,,,,
21/03/2022,2026-02.csv,,,,,,,,,,,,,,,,,,
27/01/2025,2026-02.csv,,,,,,,,,,,,,,,,,,
11/08/2020,2026-02.csv,,,,,,,,,,,,,,,,,,
19/07/2021,2026-02.csv,,,,,,,,,,,,,,,,,,
22/01/2021,2026-02.csv,,,,,,,,,,,,,,,,,,
11/03/2024,2026-02.csv,,,,,,,,,,,,,,,,,,
09/11/2022,2026-02.csv,,,,,,,,,,,,,,,,,,
06/03/2023,2026-02.csv,,,,,,,,,,,,,,,,,,
23/02/2022,2026-02.csv,,,,,,,,,,,,,,,,,,
22/01/2019,2026-02.csv,,,,,,,,,,,,,,,,,,
06/12/2018,2026-02.csv,,,,,,,,,,,,,,,,,,
31/03/2022,2026-02.csv,,,,,,,,,,,,,,,,,,
02/11/2022,2026-02.csv,,,,,,,,,,,,,,,,,,
07/10/2022,2026-02.csv,,,,,,,,,,,,,,,,,,
12/01/2015,2026-02.csv,,,,,,,,,,,,,,,,,,
11/02/2021,2026-02.csv,,,,,,,,,,,,,,,,,,
10/01/2022,2026-02.csv,,,,,,,,,,,,,,,,,,
18/10/2024,2026-02.csv,,,,,,,,,,,,,,,,,,
24/03/2018,2026-02.csv,,,,,,,,,,,,,,,,,,
27/02/2025,2026-02.csv,,,,,,,,,,,,,,,,,,
28/02/2022,2026-02.csv,,,,,,,,,,,,,,,,,,
04/03/2020,2026-02.csv,,,,,,,,,,,,,,,,,,
09/11/2022,2026-02.csv,,,,,,,,,,,,,,,,,,
11/03/2022,2026-02.csv,,,,,,,,,,,,,,,,,,
21/01/2021,2026-02.csv,,,,,,,,,,,,,,,,,,
30/03/2022,2026-02.csv,,,,,,,,,,,,,,,,,,
08/02/2022,2026-02.csv,,,,,,,,,,,,,,,,,,
11/02/2022,2026-02.csv,,,,,,,,,,,,,,,,,,
14/02/2022,2026-02.csv,,,,,,,,,,,,,,,,,,
05/03/2021,2026-02.csv,,,,,,,,,,,,,,,,,,
13/10/2016,2026-02.csv,,,,,,,,,,,,,,,,,,
24/03/2021,2026-02.csv,,,,,,,,,,,,,,,,,,
,2026-02.csv,,,,,,,,,,,,,,,,,,
07/04/2022,2026-02.csv,,,,,,,,,,,,,,,,,,
23/08/2022,2026-02.csv,,,,,,,,,,,,,,,,,,
24/12/2021,2026-02.csv,,,,,,,,,,,,,,,,,,
04/03/2022,2026-02.csv,,,,,,,,,,,,,,,,,,
27/02/2018,2026-02.csv,,,,,,,,,,,,,,,,,,
13/07/2021,2026-02.csv,,,,,,,,,,,,,,,,,,
30/03/2022,2026-02.csv,,,,,,,,,,,,,,,,,,
25/02/2022,2026-02.csv,,,,,,,,,,,,,,,,,,
24/08/2023,2026-02.csv,,,,,,,,,,,,,,,,,,
21/02/2023,2026-02.csv,,,,,,,,,,,,,,,,,,
03/12/2021,2026-02.csv,,,,,,,,,,,,,,,,,,
03/03/2023,2026-02.csv,,,,,,,,,,,,,,,,,,
18/01/2024,2026-02.csv,,,,,,,,,,,,,,,,,,
29/03/2023,2026-02.csv,,,,,,,,,,,,,,,,,,
01/02/2023,2026-02.csv,,,,,,,,,,,,,,,,,,
07/02/2023,2026-02.csv,,,,,,,,,,,,,,,,,,
09/02/2023,2026-02.csv,,,,,,,,,,,,,,,,,,
30/01/2023,2026-02.csv,,,,,,,,,,,,,,,,,,
25/05/2022,2026-02.csv,,,,,,,,,,,,,,,,,,
27/02/2023,2026-02.csv,,,,,,,,,,,,,,,,,,
18/10/2024,2026-02.csv,,,,,,,,,,,,,,,,,,
20/10/2021,2026-02.csv,,,,,,,,,,,,,,,,,,
02/03/2021,2026-02.csv,,,,,,,,,,,,,,,,,,
01/12/2022,2026-02.csv,,,,,,,,,,,,,,,,,,
07/10/2021,2026-02.csv,,,,,,,,,,,,,,,,,,
05/10/2021,2026-02.csv,,,,,,,,,,,,,,,,,,
27/02/2018,2026-02.csv,,,,,,,,,,,,,,,,,,
13/07/2021,2026-02.csv,,,,,,,,,,,,,,,,,,
,2026-02.csv,,,,,,,,,,,,,,,,,,
07/02/2024,2026-02.csv,,,,,,,,,,,,,,,,,,
06/12/2017,2026-02.csv,,,,,,,,,,,,,,,,,,
18/01/2018,2026-02.csv,,,,,,,,,,,,,,,,,,
,2026-02.csv,,,,,,,,,,,,,,,,,,
27/03/2023,2026-02.csv,,,,,,,,,,,,,,,,,,
21/02/2023,2026-02.csv,,,,,,,,,,,,,,,,,,
15/02/2023,2026-02.csv,,,,,,,,,,,,,,,,,,
21/02/2023,2026-02.csv,,,,,,,,,,,,,,,,,,
24/02/2023,2026-02.csv,,,,,,,,,,,,,,,,,,
18/02/2023,2026-02.csv,,,,,,,,,,,,,,,,,,
24/02/2023,2026-02.csv,,,,,,,,,,,,,,,,,,
18/02/2023,2026-02.csv,,,,,,,,,,,,,,,,,,
18/03/2021,2026-02.csv,,,,,,,,,,,,,,,,,,
11/03/2021,2026-02.csv,,,,,,,,,,,,,,,,,,
30/05/2022,2026-02.csv,,,,,,,,,,,,,,,,,,
23/06/2022,2026-02.csv,,,,,,,,,,,,,,,,,,
03/01/2023,2026-02.csv,,,,,,,,,,,,,,,,,,
18/02/2022,2026-02.csv,,,,,,,,,,,,,,,,,,
03/01/2023,2026-02.csv,,,,,,,,,,,,,,,,,,
18/02/2023,2026-02.csv,,,,,,,,,,,,,,,,,,
22/06/2022,2026-02.csv,,,,,,,,,,,,,,,,,,
03/01/2023,2026-02.csv,,,,,,,,,,,,,,,,,,
12/12/2022,2026-02.csv,,,,,,,,,,,,,,,,,,
15/02/2023,2026-02.csv,,,,,,,,,,,,,,,,,,
27/01/2022,2026-02.csv,,,,,,,,,,,,,,,,,,
18/03/2021,2026-02.csv,,,,,,,,,,,,,,,,,,
04/02/2022,2026-02.csv,,,,,,,,,,,,,,,,,,
30/07/2020,2026-02.csv,,,,,,,,,,,,,,,,,,
27/09/2022,2026-02.csv,,,,,,,,,,,,,,,,,,
24/06/2021,2026-02.csv,,,,,,,,,,,,,,,,,,
05/07/2021,2026-02.csv,,,,,,,,,,,,,,,,,,
27/09/2022,2026-02.csv,,,,,,,,,,,,,,,,,,
10/02/2021,2026-02.csv,,,,,,,,,,,,,,,,,,
30/03/2021,2026-02.csv,,,,,,,,,,,,,,,,,,
31/03/2021,2026-02.csv,,,,,,,,,,,,,,,,,,
30/03/2021,2026-02.csv,,,,,,,,,,,,,,,,,,
27/09/2022,2026-02.csv,,,,,,,,,,,,,,,,,,
31/12/2024,2026-02.csv,,,,,,,,,,,,,,,,,,
29/12/2021,2026-02.csv,,,,,,,,,,,,,,,,,,
24/03/2023,2026-02.csv,,,,,,,,,,,,,,,,,,
19/09/2023,2026-02.csv,,,,,,,,,,,,,,,,,,
12/11/2021,2026-02.csv,,,,,,,,,,,,,,,,,,
20/01/2022,2026-02.csv,,,,,,,,,,,,,,,,,,
20/12/2021,2026-02.csv,,,,,,,,,,,,,,,,,,
26/08/2021,2026-02.csv,,,,,,,,,,,,,,,,,,
03/09/2021,2026-02.csv,,,,,,,,,,,,,,,,,,
29/12/2021,2026-02.csv,,,,,,,,,,,,,,,,,,
29/03/2023,2026-02.csv,,,,,,,,,,,,,,,,,,
24/03/2023,2026-02.csv,,,,,,,,,,,,,,,,,,
27/03/2023,2026-02.csv,,,,,,,,,,,,,,,,,,
24/03/2023,2026-02.csv,,,,,,,,,,,,,,,,,,
24/03/2023,2026-02.csv,,,,,,,,,,,,,,,,,,
24/03/2023,2026-02.csv,,,,,,,,,,,,,,,,,,
09/02/2021,2026-02.csv,,,,,,,,,,,,,,,,,,
25/02/2021,2026-02.csv,,,,,,,,,,,,,,,,,,
25/02/2021,2026-02.csv,,,,,,,,,,,,,,,,,,
11/03/2020,2026-02.csv,,,,,,,,,,,,,,,,,,
11/02/2021,2026-02.csv,,,,,,,,,,,,,,,,,,
08/06/2021,2026-02.csv,,,,,,,,,,,,,,,,,,
07/01/2022,2026-02.csv,,,,,,,,,,,,,,,,,,
31/03/2022,2026-02.csv,,,,,,,,,,,,,,,,,,
19/01/2018,2026-02.csv,,,,,,,,,,,,,,,,,,
03/06/2021,2026-02.csv,,,,,,,,,,,,,,,,,,
10/02/2021,2026-02.csv,,,,,,,,,,,,,,,,,,
14/10/2020,2026-02.csv,,,,,,,,,,,,,,,,,,
25/03/2021,2026-02.csv,,,,,,,,,,,,,,,,,,
,2026-02.csv,,,,,,,,,,,,,,,,,,
02/06/2020,2026-02.csv,,,,,,,,,,,,,,,,,,
,2026-02.csv,,,,,,,,,,,,,,,,,,
27/12/2021,2026-02.csv,,,,,,,,,,,,,,,,,,
28/02/2024,2026-02.csv,,,,,,,,,,,,,,,,,,
31/10/2018,2026-02.csv,,,,,,,,,,,,,,,,,,
11/02/2021,2026-02.csv,,,,,,,,,,,,,,,,,,
05/03/2021,2026-02.csv,,,,,,,,,,,,,,,,,,
19/05/2020,2026-02.csv,,,,,,,,,,,,,,,,,,
22/12/2021,2026-02.csv,,,,,,,,,,,,,,,,,,
22/12/2021,2026-02.csv,,,,,,,,,,,,,,,,,,
09/11/2021,2026-02.csv,,,,,,,,,,,,,,,,,,
10/02/2021,2026-02.csv,,,,,,,,,,,,,,,,,,
16/03/2022,2026-02.csv,,,,,,,,,,,,,,,,,,
24/02/2022,2026-02.csv,,,,,,,,,,,,,,,,,,
04/03/2022,2026-02.csv,,,,,,,,,,,,,,,,,,
10/08/2022,2026-02.csv,,,,,,,,,,,,,,,,,,
19/06/2020,2026-02.csv,,,,,,,,,,,,,,,,,,
10/02/2021,2026-02.csv,,,,,,,,,,,,,,,,,,
28/01/2021,2026-02.csv,,,,,,,,,,,,,,,,,,
03/08/2020,2026-02.csv,,,,,,,,,,,,,,,,,,
24/06/2021,2026-02.csv,,,,,,,,,,,,,,,,,,
10/02/2021,2026-02.csv,,,,,,,,,,,,,,,,,,
10/02/2021,2026-02.csv,,,,,,,,,,,,,,,,,,
31/03/2021,2026-02.csv,,,,,,,,,,,,,,,,,,
24/03/2022,2026-02.csv,,,,,,,,,,,,,,,,,,
24/03/2022,2026-02.csv,,,,,,,,,,,,,,,,,,
28/04/2022,2026-02.csv,,,,,,,,,,,,,,,,,,
17/01/2023,2026-02.csv,,,,,,,,,,,,,,,,,,
18/01/2018,2026-02.csv,,,,,,,,,,,,,,,,,,
07/03/2024,2026-02.csv,,,,,,,,,,,,,,,,,,
11/03/2024,2026-02.csv,,,,,,,,,,,,,,,,,,
03/08/2022,2026-02.csv,,,,,,,,,,,,,,,,,,
04/08/2022,2026-02.csv,,,,,,,,,,,,,,,,,,
08/11/2024,2026-02.csv,,,,,,,,,,,,,,,,,,
05/05/2020,2026-02.csv,,,,,,,,,,,,,,,,,,
05/05/2020,2026-02.csv,,,,,,,,,,,,,,,,,,
05/05/2020,2026-02.csv,,,,,,,,,,,,,,,,,,
05/05/2020,2026-02.csv,,,,,,,,,,,,,,,,,,
28/03/2023,2026-02.csv,,,,,,,,,,,,,,,,,,
08/09/2020,2026-02.csv,,,,,,,,,,,,,,,,,,
01/03/2018,2026-02.csv,,,,,,,,,,,,,,,,,,
11/02/2021,2026-02.csv,,,,,,,,,,,,,,,,,,
31/12/2020,2026-02.csv,,,,,,,,,,,,,,,,,,
11/08/2020,2026-02.csv,,,,,,,,,,,,,,,,,,
19/03/2025,2026-02.csv,,,,,,,,,,,,,,,,,,
31/03/2016,2026-02.csv,,,,,,,,,,,,,,,,,,
18/08/2022,2026-02.csv,,,,,,,,,,,,,,,,,,
,2026-02.csv,,,,,,,,,,,,,,,,,,
,2026-02.csv,,,,,,,,,,,,,,,,,,
09/09/2020,2026-02.csv,,,,,,,,,,,,,,,,,,
09/09/2020,2026-02.csv,,,,,,,,,,,,,,,,,,
27/12/2019,2026-02.csv,,,,,,,,,,,,,,,,,,
10/11/2021,2026-02.csv,,,,,,,,,,,,,,,,,,
17/01/2022,2026-02.csv,,,,,,,,,,,,,,,,,,
03/03/2022,2026-02.csv,,,,,,,,,,,,,,,,,,
04/01/2021,2026-02.csv,,,,,,,,,,,,,,,,,,
13/12/2022,2026-02.csv,,,,,,,,,,,,,,,,,,
26/09/2023,2026-02.csv,,,,,,,,,,,,,,,,,,
30/03/2020,2026-02.csv,,,,,,,,,,,,,,,,,,
10/12/2019,2026-02.csv,,,,,,,,,,,,,,,,,,
01/01/2021,2026-02.csv,,,,,,,,,,,,,,,,,,
23/03/2025,2026-02.csv,,,,,,,,,,,,,,,,,,
08/09/2020,2026-02.csv,,,,,,,,,,,,,,,,,,
27/03/2018,2026-02.csv,,,,,,,,,,,,,,,,,,
10/01/2025,2026-02.csv,,,,,,,,,,,,,,,,,,
21/03/2025,2026-02.csv,,,,,,,,,,,,,,,,,,
31/03/2022,2026-02.csv,,,,,,,,,,,,,,,,,,
07/06/2024,2026-02.csv,,,,,,,,,,,,,,,,,,
27/04/2020,2026-02.csv,,,,,,,,,,,,,,,,,,
15/06/2020,2026-02.csv,,,,,,,,,,,,,,,,,,
22/01/2025,2026-02.csv,,,,,,,,,,,,,,,,,,
07/06/2024,2026-02.csv,,,,,,,,,,,,,,,,,,
06/10/2022,2026-02.csv,,,,,,,,,,,,,,,,,,
16/08/2023,2026-02.csv,,,,,,,,,,,,,,,,,,
14/11/2023,2026-02.csv,,,,,,,,,,,,,,,,,,
08/03/2022,2026-02.csv,,,,,,,,,,,,,,,,,,
04/12/2020,2026-02.csv,,,,,,,,,,,,,,,,,,
19/02/2021,2026-02.csv,,,,,,,,,,,,,,,,,,
23/11/2020,2026-02.csv,,,,,,,,,,,,,,,,,,
21/10/2020,2026-02.csv,,,,,,,,,,,,,,,,,,
08/01/2021,2026-02.csv,,,,,,,,,,,,,,,,,,
08/12/2020,2026-02.csv,,,,,,,,,,,,,,,,,,
16/03/2022,2026-02.csv,,,,,,,,,,,,,,,,,,
13/02/2018,2026-02.csv,,,,,,,,,,,,,,,,,,
14/02/2022,2026-02.csv,,,,,,,,,,,,,,,,,,
27/02/2017,2026-02.csv,,,,,,,,,,,,,,,,,,
17/08/2010,2026-02.csv,,,,,,,,,,,,,,,,,,
02/12/2020,2026-02.csv,,,,,,,,,,,,,,,,,,
27/03/2018,2026-02.csv,,,,,,,,,,,,,,,,,,
04/03/2018,2026-02.csv,,,,,,,,,,,,,,,,,,
24/03/2018,2026-02.csv,,,,,,,,,,,,,,,,,,
08/01/2024,2026-02.csv,,,,,,,,,,,,,,,,,,
03/02/2022,2026-02.csv,,,,,,,,,,,,,,,,,,
27/11/2014,2026-02.csv,,,,,,,,,,,,,,,,,,
25/02/2021,2026-02.csv,,,,,,,,,,,,,,,,,,
21/03/2025,2026-02.csv,,,,,,,,,,,,,,,,,,
03/02/2021,2026-02.csv,,,,,,,,,,,,,,,,,,
09/08/2018,2026-02.csv,,,,,,,,,,,,,,,,,,
,2026-02.csv,,,,,,,,,,,,,,,,,,
30/03/2025,2026-02.csv,,,,,,,,,,,,,,,,,,
01/03/2018,2026-02.csv,,,,,,,,,,,,,,,,,,
24/03/2018,2026-02.csv,,,,,,,,,,,,,,,,,,
,2026-02.csv,,,,,,,,,,,,,,,,,,
,2026-02.csv,,,,,,,,,,,,,,,,,,
15/03/2022,2026-02.csv,,,,,,,,,,,,,,,,,,
09/07/2020,2026-02.csv,,,,,,,,,,,,,,,,,,
07/10/2020,2026-02.csv,,,,,,,,,,,,,,,,,,
25/06/2020,2026-02.csv,,,,,,,,,,,,,,,,,,
29/06/2020,2026-02.csv,,,,,,,,,,,,,,,,,,
02/02/2021,2026-02.csv,,,,,,,,,,,,,,,,,,
30/03/2021,2026-02.csv,,,,,,,,,,,,,,,,,,
30/03/2021,2026-02.csv,,,,,,,,,,,,,,,,,,
20/03/2017,2026-02.csv,,,,,,,,,,,,,,,,,,
17/03/2020,2026-02.csv,,,,,,,,,,,,,,,,,,
14/02/2019,2026-02.csv,,,,,,,,,,,,,,,,,,
07/12/2023,2026-02.csv,,,,,,,,,,,,,,,,,,
07/12/2023,2026-02.csv,,,,,,,,,,,,,,,,,,
07/12/2023,2026-02.csv,,,,,,,,,,,,,,,,,,
28/02/2023,2026-02.csv,,,,,,,,,,,,,,,,,,
30/03/2021,2026-02.csv,,,,,,,,,,,,,,,,,,
09/09/2021,2026-02.csv,,,,,,,,,,,,,,,,,,
13/09/2021,2026-02.csv,,,,,,,,,,,,,,,,,,
28/03/2023,2026-02.csv,,,,,,,,,,,,,,,,,,
29/03/2025,2026-02.csv,,,,,,,,,,,,,,,,,,
31/03/2022,2026-02.csv,,,,,,,,,,,,,,,,,,
07/12/2021,2026-02.csv,,,,,,,,,,,,,,,,,,
12/01/2023,2026-02.csv,,,,,,,,,,,,,,,,,,
26/02/2018,2026-02.csv,,,,,,,,,,,,,,,,,,
16/03/2023,2026-02.csv,,,,,,,,,,,,,,,,,,
22/03/2023,2026-02.csv,,,,,,,,,,,,,,,,,,
11/02/2021,2026-02.csv,,,,,,,,,,,,,,,,,,
27/03/2023,2026-02.csv,,,,,,,,,,,,,,,,,,
28/02/2023,2026-02.csv,,,,,,,,,,,,,,,,,,
01/03/2019,2026-02.csv,,,,,,,,,,,,,,,,,,
11/03/2020,2026-02.csv,,,,,,,,,,,,,,,,,,
22/03/2018,2026-02.csv,,,,,,,,,,,,,,,,,,
22/03/2018,2026-02.csv,,,,,,,,,,,,,,,,,,
31/03/2021,2026-02.csv,,,,,,,,,,,,,,,,,,
31/07/2020,2026-02.csv,,,,,,,,,,,,,,,,,,
07/07/2020,2026-02.csv,,,,,,,,,,,,,,,,,,
31/07/2020,2026-02.csv,,,,,,,,,,,,,,,,,,
07/07/2020,2026-02.csv,,,,,,,,,,,,,,,,,,
07/03/2023,2026-02.csv,,,,,,,,,,,,,,,,,,
13/03/2023,2026-02.csv,,,,,,,,,,,,,,,,,,
28/06/2021,2026-02.csv,,,,,,,,,,,,,,,,,,
30/03/2021,2026-02.csv,,,,,,,,,,,,,,,,,,
07/03/2023,2026-02.csv,,,,,,,,,,,,,,,,,,
09/09/2021,2026-02.csv,,,,,,,,,,,,,,,,,,
07/09/2021,2026-02.csv,,,,,,,,,,,,,,,,,,
19/08/2020,2026-02.csv,,,,,,,,,,,,,,,,,,
07/10/2020,2026-02.csv,,,,,,,,,,,,,,,,,,
18/01/2021,2026-02.csv,,,,,,,,,,,,,,,,,,
01/02/2023,2026-02.csv,,,,,,,,,,,,,,,,,,
31/03/2021,2026-02.csv,,,,,,,,,,,,,,,,,,
15/03/2024,2026-02.csv,,,,,,,,,,,,,,,,,,
07/03/2024,2026-02.csv,,,,,,,,,,,,,,,,,,
11/03/2023,2026-02.csv,,,,,,,,,,,,,,,,,,
30/12/2021,2026-02.csv,,,,,,,,,,,,,,,,,,
29/06/2022,2026-02.csv,,,,,,,,,,,,,,,,,,
22/03/2023,2026-02.csv,,,,,,,,,,,,,,,,,,
22/03/2018,2026-02.csv,,,,,,,,,,,,,,,,,,
28/02/2023,2026-02.csv,,,,,,,,,,,,,,,,,,
06/05/2019,2026-02.csv,,,,,,,,,,,,,,,,,,
17/06/2022,2026-02.csv,,,,,,,,,,,,,,,,,,
08/05/2018,2026-02.csv,,,,,,,,,,,,,,,,,,
06/01/2022,2026-02.csv,,,,,,,,,,,,,,,,,,
08/01/2022,2026-02.csv,,,,,,,,,,,,,,,,,,
16/03/2023,2026-02.csv,,,,,,,,,,,,,,,,,,
22/03/2023,2026-02.csv,,,,,,,,,,,,,,,,,,
12/02/2024,2026-02.csv,,,,,,,,,,,,,,,,,,
12/02/2024,2026-02.csv,,,,,,,,,,,,,,,,,,
18/12/2024,2026-02.csv,,,,,,,,,,,,,,,,,,
09/03/2018,2026-02.csv,,,,,,,,,,,,,,,,,,
16/02/2017,2026-02.csv,,,,,,,,,,,,,,,,,,
06/09/2021,2026-02.csv,,,,,,,,,,,,,,,,,,
18/01/2024,2026-02.csv,,,,,,,,,,,,,,,,,,
16/07/2024,2026-02.csv,,,,,,,,,,,,,,,,,,
15/03/2024,2026-02.csv,,,,,,,,,,,,,,,,,,
28/02/2024,2026-02.csv,,,,,,,,,,,,,,,,,,
08/03/2024,2026-02.csv,,,,,,,,,,,,,,,,,,
11/07/2018,2026-02.csv,,,,,,,,,,,,,,,,,,
05/01/2024,2026-02.csv,,,,,,,,,,,,,,,,,,
11/03/2024,2026-02.csv,,,,,,,,,,,,,,,,,,
16/01/2025,2026-02.csv,,,,,,,,,,,,,,,,,,
12/02/2019,2026-02.csv,,,,,,,,,,,,,,,,,,
20/09/2018,2026-02.csv,,,,,,,,,,,,,,,,,,
15/03/2024,2026-02.csv,,,,,,,,,,,,,,,,,,
16/11/2023,2026-02.csv,,,,,,,,,,,,,,,,,,
06/03/2024,2026-02.csv,,,,,,,,,,,,,,,,,,
29/05/2024,2026-02.csv,,,,,,,,,,,,,,,,,,
22/03/2018,2026-02.csv,,,,,,,,,,,,,,,,,,
22/03/2018,2026-02.csv,,,,,,,,,,,,,,,,,,
12/12/2022,2026-02.csv,,,,,,,,,,,,,,,,,,
27/03/2023,2026-02.csv,,,,,,,,,,,,,,,,,,
18/01/2021,2026-02.csv,,,,,,,,,,,,,,,,,,
15/02/2017,2026-02.csv,,,,,,,,,,,,,,,,,,
15/02/2017,2026-02.csv,,,,,,,,,,,,,,,,,,
12/01/2016,2026-02.csv,,,,,,,,,,,,,,,,,,
04/01/2016,2026-02.csv,,,,,,,,,,,,,,,,,,
04/01/2016,2026-02.csv,,,,,,,,,,,,,,,,,,
31/10/2014,2026-02.csv,,,,,,,,,,,,,,,,,,
31/10/2014,2026-02.csv,,,,,,,,,,,,,,,,,,
10/01/2024,2026-02.csv,,,,,,,,,,,,,,,,,,
10/01/2024,2026-02.csv,,,,,,,,,,,,,,,,,,
10/01/2024,2026-02.csv,,,,,,,,,,,,,,,,,,
10/01/2024,2026-02.csv,,,,,,,,,,,,,,,,,,
31/03/2015,2026-02.csv,,,,,,,,,,,,,,,,,,
13/12/2022,2026-02.csv,,,,,,,,,,,,,,,,,,
08/12/2022,2026-02.csv,,,,,,,,,,,,,,,,,,
17/02/2022,2026-02.csv,,,,,,,,,,,,,,,,,,
22/02/2022,2026-02.csv,,,,,,,,,,,,,,,,,,
17/03/2023,2026-02.csv,,,,,,,,,,,,,,,,,,
08/02/2023,2026-02.csv,,,,,,,,,,,,,,,,,,
31/03/2021,2026-02.csv,,,,,,,,,,,,,,,,,,
30/03/2023,2026-02.csv,,,,,,,,,,,,,,,,,,
22/02/2022,2026-02.csv,,,,,,,,,,,,,,,,,,
09/02/2022,2026-02.csv,,,,,,,,,,,,,,,,,,
21/03/2022,2026-02.csv,,,,,,,,,,,,,,,,,,
27/11/2024,2026-02.csv,,,,,,,,,,,,,,,,,,
20/02/2025,2026-02.csv,,,,,,,,,,,,,,,,,,
27/03/2023,2026-02.csv,,,,,,,,,,,,,,,,,,
13/03/2023,2026-02.csv,,,,,,,,,,,,,,,,,,
29/03/2023,2026-02.csv,,,,,,,,,,,,,,,,,,
31/08/2020,2026-02.csv,,,,,,,,,,,,,,,,,,
07/03/2025,2026-02.csv,,,,,,,,,,,,,,,,,,
10/08/2022,2026-02.csv,,,,,,,,,,,,,,,,,,
29/01/2024,2026-02.csv,,,,,,,,,,,,,,,,,,
07/10/2022,2026-02.csv,,,,,,,,,,,,,,,,,,
14/10/2022,2026-02.csv,,,,,,,,,,,,,,,,,,
05/10/2022,2026-02.csv,,,,,,,,,,,,,,,,,,
12/10/2022,2026-02.csv,,,,,,,,,,,,,,,,,,
30/03/2022,2026-02.csv,,,,,,,,,,,,,,,,,,
15/11/2021,2026-02.csv,,,,,,,,,,,,,,,,,,
14/02/2023,2026-02.csv,,,,,,,,,,,,,,,,,,
31/03/2021,2026-02.csv,,,,,,,,,,,,,,,,,,
22/09/2022,2026-02.csv,,,,,,,,,,,,,,,,,,
07/07/2022,2026-02.csv,,,,,,,,,,,,,,,,,,
15/01/2024,2026-02.csv,,,,,,,,,,,,,,,,,,
27/02/2024,2026-02.csv,,,,,,,,,,,,,,,,,,
27/02/2024,2026-02.csv,,,,,,,,,,,,,,,,,,
27/02/2024,2026-02.csv,,,,,,,,,,,,,,,,,,
15/02/2023,2026-02.csv,,,,,,,,,,,,,,,,,,
26/09/2021,2026-02.csv,,,,,,,,,,,,,,,,,,
04/03/2022,2026-02.csv,,,,,,,,,,,,,,,,,,
24/03/2023,2026-02.csv,,,,,,,,,,,,,,,,,,
30/03/2021,2026-02.csv,,,,,,,,,,,,,,,,,,
15/07/2022,2026-02.csv,,,,,,,,,,,,,,,,,,
07/12/2023,2026-02.csv,,,,,,,,,,,,,,,,,,
06/03/2019,2026-02.csv,,,,,,,,,,,,,,,,,,
06/03/2019,2026-02.csv,,,,,,,,,,,,,,,,,,
14/02/2024,2026-02.csv,,,,,,,,,,,,,,,,,,
30/03/2022,2026-02.csv,,,,,,,,,,,,,,,,,,
01/03/2023,2026-02.csv,,,,,,,,,,,,,,,,,,
30/03/2022,2026-02.csv,,,,,,,,,,,,,,,,,,
08/02/2023,2026-02.csv,,,,,,,,,,,,,,,,,,
23/02/2024,2026-02.csv,,,,,,,,,,,,,,,,,,
09/09/2021,2026-02.csv,,,,,,,,,,,,,,,,,,
15/03/2024,2026-02.csv,,,,,,,,,,,,,,,,,,
17/07/2020,2026-02.csv,,,,,,,,,,,,,,,,,,
15/03/2023,2026-02.csv,,,,,,,,,,,,,,,,,,
15/03/2023,2026-02.csv,,,,,,,,,,,,,,,,,,
15/03/2023,2026-02.csv,,,,,,,,,,,,,,,,,,
15/03/2023,2026-02.csv,,,,,,,,,,,,,,,,,,
29/03/2022,2026-02.csv,,,,,,,,,,,,,,,,,,
12/08/2016,2026-02.csv,,,,,,,,,,,,,,,,,,
20/07/2021,2026-02.csv,,,,,,,,,,,,,,,,,,
29/03/2023,2026-02.csv,,,,,,,,,,,,,,,,,,
10/10/2022,2026-02.csv,,,,,,,,,,,,,,,,,,
31/03/2022,2026-02.csv,,,,,,,,,,,,,,,,,,
31/03/2022,2026-02.csv,,,,,,,,,,,,,,,,,,
09/11/2021,2026-02.csv,,,,,,,,,,,,,,,,,,
15/03/2024,2026-02.csv,,,,,,,,,,,,,,,,,,
02/08/2024,2026-02.csv,,,,,,,,,,,,,,,,,,
06/09/2023,2026-02.csv,,,,,,,,,,,,,,,,,,
10/02/2023,2026-02.csv,,,,,,,,,,,,,,,,,,
01/01/2023,2026-02.csv,,,,,,,,,,,,,,,,,,
02/08/2024,2026-02.csv,,,,,,,,,,,,,,,,,,
04/03/2016,2026-02.csv,,,,,,,,,,,,,,,,,,
16/02/2021,2026-02.csv,,,,,,,,,,,,,,,,,,
27/03/2023,2026-02.csv,,,,,,,,,,,,,,,,,,
27/03/2022,2026-02.csv,,,,,,,,,,,,,,,,,,
10/10/2022,2026-02.csv,,,,,,,,,,,,,,,,,,
11/03/2024,2026-02.csv,,,,,,,,,,,,,,,,,,
27/03/2018,2026-02.csv,,,,,,,,,,,,,,,,,,
25/04/2023,2026-02.csv,,,,,,,,,,,,,,,,,,
27/01/2025,2026-02.csv,,,,,,,,,,,,,,,,,,
23/02/2021,2026-02.csv,,,,,,,,,,,,,,,,,,
30/11/2022,2026-02.csv,,,,,,,,,,,,,,,,,,
24/02/2025,2026-02.csv,,,,,,,,,,,,,,,,,,
03/05/2023,2026-02.csv,,,,,,,,,,,,,,,,,,
27/09/2021,2026-02.csv,,,,,,,,,,,,,,,,,,
28/11/2022,2026-02.csv,,,,,,,,,,,,,,,,,,
10/01/2024,2026-02.csv,,,,,,,,,,,,,,,,,,
22/03/2023,2026-02.csv,,,,,,,,,,,,,,,,,,
30/03/2022,2026-02.csv,,,,,,,,,,,,,,,,,,
22/12/2021,2026-02.csv,,,,,,,,,,,,,,,,,,
18/10/2021,2026-02.csv,,,,,,,,,,,,,,,,,,
24/03/2022,2026-02.csv,,,,,,,,,,,,,,,,,,
13/02/2025,2026-02.csv,,,,,,,,,,,,,,,,,,
03/02/2025,2026-02.csv,,,,,,,,,,,,,,,,,,
06/03/2023,2026-02.csv,,,,,,,,,,,,,,,,,,
27/03/2023,2026-02.csv,,,,,,,,,,,,,,,,,,
28/02/2024,2026-02.csv,,,,,,,,,,,,,,,,,,
09/03/2018,2026-02.csv,,,,,,,,,,,,,,,,,,
22/03/2018,2026-02.csv,,,,,,,,,,,,,,,,,,
31/03/2021,2026-02.csv,,,,,,,,,,,,,,,,,,
08/05/2022,2026-02.csv,,,,,,,,,,,,,,,,,,
16/06/2022,2026-02.csv,,,,,,,,,,,,,,,,,,
25/10/2017,2026-02.csv,,,,,,,,,,,,,,,,,,
25/10/2017,2026-02.csv,,,,,,,,,,,,,,,,,,
,2026-02.csv,,,,,,,,,,,,,,,,,,
27/03/2018,2026-02.csv,,,,,,,,,,,,,,,,,,
20/12/2022,2026-02.csv,,,,,,,,,,,,,,,,,,
07/12/2020,2026-02.csv,,,,,,,,,,,,,,,,,,
23/12/2020,2026-02.csv,,,,,,,,,,,,,,,,,,
17/12/2020,2026-02.csv,,,,,,,,,,,,,,,,,,
15/01/2021,2026-02.csv,,,,,,,,,,,,,,,,,,
23/12/2020,2026-02.csv,,,,,,,,,,,,,,,,,,
28/01/2021,2026-02.csv,,,,,,,,,,,,,,,,,,
23/12/2020,2026-02.csv,,,,,,,,,,,,,,,,,,
23/12/2020,2026-02.csv,,,,,,,,,,,,,,,,,,
23/12/2020,2026-02.csv,,,,,,,,,,,,,,,,,,
04/03/2021,2026-02.csv,,,,,,,,,,,,,,,,,,
04/03/2021,2026-02.csv,,,,,,,,,,,,,,,,,,
13/12/2021,2026-02.csv,,,,,,,,,,,,,,,,,,
04/03/2021,2026-02.csv,,,,,,,,,,,,,,,,,,
29/10/2021,2026-02.csv,,,,,,,,,,,,,,,,,,
07/10/2021,2026-02.csv,,,,,,,,,,,,,,,,,,
03/09/2021,2026-02.csv,,,,,,,,,,,,,,,,,,
25/11/2019,2026-02.csv,,,,,,,,,,,,,,,,,,
25/11/2019,2026-02.csv,,,,,,,,,,,,,,,,,,
03/07/2020,2026-02.csv,,,,,,,,,,,,,,,,,,
08/09/2020,2026-02.csv,,,,,,,,,,,,,,,,,,
08/09/2020,2026-02.csv,,,,,,,,,,,,,,,,,,
08/09/2020,2026-02.csv,,,,,,,,,,,,,,,,,,
25/11/2019,2026-02.csv,,,,,,,,,,,,,,,,,,
25/11/2019,2026-02.csv,,,,,,,,,,,,,,,,,,
01/10/2019,2026-02.csv,,,,,,,,,,,,,,,,,,
01/10/2019,2026-02.csv,,,,,,,,,,,,,,,,,,
05/09/2022,2026-02.csv,,,,,,,,,,,,,,,,,,
31/03/2021,2026-02.csv,,,,,,,,,,,,,,,,,,
21/03/2022,2026-02.csv,,,,,,,,,,,,,,,,,,
22/11/2021,2026-02.csv,,,,,,,,,,,,,,,,,,
20/12/2021,2026-02.csv,,,,,,,,,,,,,,,,,,
03/07/2020,2026-02.csv,,,,,,,,,,,,,,,,,,
13/04/2018,2026-02.csv,,,,,,,,,,,,,,,,,,
03/02/2020,2026-02.csv,,,,,,,,,,,,,,,,,,
29/03/2023,2026-02.csv,,,,,,,,,,,,,,,,,,
05/03/2024,2026-02.csv,,,,,,,,,,,,,,,,,,
16/03/2022,2026-02.csv,,,,,,,,,,,,,,,,,,
12/03/2024,2026-02.csv,,,,,,,,,,,,,,,,,,
03/01/2020,2026-02.csv,,,,,,,,,,,,,,,,,,
15/01/2021,2026-02.csv,,,,,,,,,,,,,,,,,,
23/11/2021,2026-02.csv,,,,,,,,,,,,,,,,,,
,2026-02.csv,,,,,,,,,,,,,,,,,,
08/09/2020,2026-02.csv,,,,,,,,,,,,,,,,,,
22/12/2022,2026-02.csv,,,,,,,,,,,,,,,,,,
29/06/2022,2026-02.csv,,,,,,,,,,,,,,,,,,
29/06/2022,2026-02.csv,,,,,,,,,,,,,,,,,,
31/03/2021,2026-02.csv,,,,,,,,,,,,,,,,,,
15/03/2018,2026-02.csv,,,,,,,,,,,,,,,,,,
18/01/2018,2026-02.csv,,,,,,,,,,,,,,,,,,
03/02/2020,2026-02.csv,,,,,,,,,,,,,,,,,,
11/01/2022,2026-02.csv,,,,,,,,,,,,,,,,,,
22/12/2015,2026-02.csv,,,,,,,,,,,,,,,,,,
09/12/2024,2026-02.csv,,,,,,,,,,,,,,,,,,
14/12/2023,2026-02.csv,,,,,,,,,,,,,,,,,,
,2026-02.csv,,,,,,,,,,,,,,,,,,
13/03/2018,2026-02.csv,,,,,,,,,,,,,,,,,,
,2026-02.csv,,,,,,,,,,,,,,,,,,
,2026-02.csv,,,,,,,,,,,,,,,,,,
21/01/2014,2026-02.csv,,,,,,,,,,,,,,,,,,
,2026-02.csv,,,,,,,,,,,,,,,,,,
25/01/2019,2026-02.csv,,,,,,,,,,,,,,,,,,
15/10/2024,2026-02.csv,,,,,,,,,,,,,,,,,,
29/01/2025,2026-02.csv,,,,,,,,,,,,,,,,,,
08/11/2024,2026-02.csv,,,,,,,,,,,,,,,,,,
16/03/2022,2026-02.csv,,,,,,,,,,,,,,,,,,
24/01/2017,2026-02.csv,,,,,,,,,,,,,,,,,,
02/08/2024,2026-02.csv,,,,,,,,,,,,,,,,,,
29/09/2020,2026-02.csv,,,,,,,,,,,,,,,,,,
,2026-02.csv,,,,,,,,,,,,,,,,,,
,2026-02.csv,,,,,,,,,,,,,,,,,,
07/10/2021,2026-02.csv,,,,,,,,,,,,,,,,,,
07/10/2021,2026-02.csv,,,,,,,,,,,,,,,,,,
19/09/2022,2026-02.csv,,,,,,,,,,,,,,,,,,
02/02/2023,2026-02.csv,,,,,,,,,,,,,,,,,,
21/12/2023,2026-02.csv,,,,,,,,,,,,,,,,,,
06/03/2025,2026-02.csv,,,,,,,,,,,,,,,,,,
09/03/2023,2026-02.csv,,,,,,,,,,,,,,,,,,
30/03/2022,2026-02.csv,,,,,,,,,,,,,,,,,,
18/09/2022,2026-02.csv,,,,,,,,,,,,,,,,,,
17/09/2021,2026-02.csv,,,,,,,,,,,,,,,,,,
18/09/2022,2026-02.csv,,,,,,,,,,,,,,,,,,
31/03/2022,2026-02.csv,,,,,,,,,,,,,,,,,,
31/03/2022,2026-02.csv,,,,,,,,,,,,,,,,,,
23/05/2023,2026-02.csv,,,,,,,,,,,,,,,,,,
08/01/2022,2026-02.csv,,,,,,,,,,,,,,,,,,
08/01/2022,2026-02.csv,,,,,,,,,,,,,,,,,,
08/11/2021,2026-02.csv,,,,,,,,,,,,,,,,,,
08/08/2021,2026-02.csv,,,,,,,,,,,,,,,,,,
31/03/2023,2026-02.csv,,,,,,,,,,,,,,,,,,
09/01/2024,2026-02.csv,,,,,,,,,,,,,,,,,,
09/01/2024,2026-02.csv,,,,,,,,,,,,,,,,,,
09/01/2024,2026-02.csv,,,,,,,,,,,,,,,,,,
09/01/2024,2026-02.csv,,,,,,,,,,,,,,,,,,
08/12/2023,2026-02.csv,,,,,,,,,,,,,,,,,,
20/01/2023,2026-02.csv,,,,,,,,,,,,,,,,,,
11/02/2021,2026-02.csv,,,,,,,,,,,,,,,,,,
11/02/2021,2026-02.csv,,,,,,,,,,,,,,,,,,
04/03/2022,2026-02.csv,,,,,,,,,,,,,,,,,,
04/03/2022,2026-02.csv,,,,,,,,,,,,,,,,,,
27/02/2024,2026-02.csv,,,,,,,,,,,,,,,,,,
24/01/2022,2026-02.csv,,,,,,,,,,,,,,,,,,
09/02/2022,2026-02.csv,,,,,,,,,,,,,,,,,,
19/05/2022,2026-02.csv,,,,,,,,,,,,,,,,,,
08/03/2021,2026-02.csv,,,,,,,,,,,,,,,,,,
14/06/2021,2026-02.csv,,,,,,,,,,,,,,,,,,
03/03/2021,2026-02.csv,,,,,,,,,,,,,,,,,,
01/09/2020,2026-02.csv,,,,,,,,,,,,,,,,,,
01/09/2020,2026-02.csv,,,,,,,,,,,,,,,,,,
22/03/2023,2026-02.csv,,,,,,,,,,,,,,,,,,
13/07/2020,2026-02.csv,,,,,,,,,,,,,,,,,,
13/07/2020,2026-02.csv,,,,,,,,,,,,,,,,,,
13/07/2020,2026-02.csv,,,,,,,,,,,,,,,,,,
13/07/2020,2026-02.csv,,,,,,,,,,,,,,,,,,
07/03/2024,2026-02.csv,,,,,,,,,,,,,,,,,,
11/03/2022,2026-02.csv,,,,,,,,,,,,,,,,,,
,2026-02.csv,,,,,,,,,,,,,,,,,,
31/01/2022,2026-02.csv,,,,,,,,,,,,,,,,,,
04/01/2023,2026-02.csv,,,,,,,,,,,,,,,,,,
01/01/2020,2026-02.csv,,,,,,,,,,,,,,,,,,
31/08/2017,2026-02.csv,,,,,,,,,,,,,,,,,,
31/03/2022,2026-02.csv,,,,,,,,,,,,,,,,,,
01/02/2016,2026-02.csv,,,,,,,,,,,,,,,,,,
06/12/2021,2026-02.csv,,,,,,,,,,,,,,,,,,
,2026-02.csv,,,,,,,,,,,,,,,,,,
27/02/2018,2026-02.csv,,,,,,,,,,,,,,,,,,
22/01/2019,2026-02.csv,,,,,,,,,,,,,,,,,,
17/03/2016,2026-02.csv,,,,,,,,,,,,,,,,,,
08/08/2018,2026-02.csv,,,,,,,,,,,,,,,,,,
04/11/2022,2026-02.csv,,,,,,,,,,,,,,,,,,
25/09/2018,2026-02.csv,,,,,,,,,,,,,,,,,,
07/03/2016,2026-02.csv,,,,,,,,,,,,,,,,,,
22/01/2021,2026-02.csv,,,,,,,,,,,,,,,,,,
22/01/2021,2026-02.csv,,,,,,,,,,,,,,,,,,
22/01/2021,2026-02.csv,,,,,,,,,,,,,,,,,,
23/11/2020,2026-02.csv,,,,,,,,,,,,,,,,,,
07/12/2020,2026-02.csv,,,,,,,,,,,,,,,,,,
,2026-02.csv,,,,,,,,,,,,,,,,,,
15/10/2024,2026-02.csv,,,,,,,,,,,,,,,,,,
22/06/2022,2026-02.csv,,,,,,,,,,,,,,,,,,
08/06/2021,2026-02.csv,,,,,,,,,,,,,,,,,,
15/02/2018,2026-02.csv,,,,,,,,,,,,,,,,,,
14/03/2023,2026-02.csv,,,,,,,,,,,,,,,,,,
09/01/2023,2026-02.csv,,,,,,,,,,,,,,,,,,
09/11/2022,2026-02.csv,,,,,,,,,,,,,,,,,,
24/01/2024,2026-02.csv,,,,,,,,,,,,,,,,,,
01/03/2018,2026-02.csv,,,,,,,,,,,,,,,,,,
14/02/2019,2026-02.csv,,,,,,,,,,,,,,,,,,
14/02/2019,2026-02.csv,,,,,,,,,,,,,,,,,,
,2026-02.csv,,,,,,,,,,,,,,,,,,
27/02/2017,2026-02.csv,,,,,,,,,,,,,,,,,,
26/03/2018,2026-02.csv,,,,,,,,,,,,,,,,,,
26/03/2025,2026-02.csv,,,,,,,,,,,,,,,,,,
05/01/2023,2026-02.csv,,,,,,,,,,,,,,,,,,
20/12/2018,2026-02.csv,,,,,,,,,,,,,,,,,,
25/01/2017,2026-02.csv,,,,,,,,,,,,,,,,,,
11/05/2020,2026-02.csv,,,,,,,,,,,,,,,,,,
15/10/2024,2026-02.csv,,,,,,,,,,,,,,,,,,
09/11/2017,2026-02.csv,,,,,,,,,,,,,,,,,,
25/09/2024,2026-02.csv,,,,,,,,,,,,,,,,,,
15/10/2024,2026-02.csv,,,,,,,,,,,,,,,,,,
05/07/2017,2026-02.csv,,,,,,,,,,,,,,,,,,
31/03/2016,2026-02.csv,,,,,,,,,,,,,,,,,,
16/03/2023,2026-02.csv,,,,,,,,,,,,,,,,,,
27/02/2018,2026-02.csv,,,,,,,,,,,,,,,,,,
28/10/2024,2026-02.csv,,,,,,,,,,,,,,,,,,
01/09/2022,2026-02.csv,,,,,,,,,,,,,,,,,,
26/08/2022,2026-02.csv,,,,,,,,,,,,,,,,,,
07/11/2022,2026-02.csv,,,,,,,,,,,,,,,,,,
20/09/2022,2026-02.csv,,,,,,,,,,,,,,,,,,
01/03/2017,2026-02.csv,,,,,,,,,,,,,,,,,,
27/03/2018,2026-02.csv,,,,,,,,,,,,,,,,,,
13/06/2017,2026-02.csv,,,,,,,,,,,,,,,,,,
22/12/2021,2026-02.csv,,,,,,,,,,,,,,,,,,
20/03/2018,2026-02.csv,,,,,,,,,,,,,,,,,,
12/04/2022,2026-02.csv,,,,,,,,,,,,,,,,,,
01/03/2018,2026-02.csv,,,,,,,,,,,,,,,,,,
01/03/2018,2026-02.csv,,,,,,,,,,,,,,,,,,
09/02/2022,2026-02.csv,,,,,,,,,,,,,,,,,,
10/11/2022,2026-02.csv,,,,,,,,,,,,,,,,,,
01/03/2018,2026-02.csv,,,,,,,,,,,,,,,,,,
15/03/2018,2026-02.csv,,,,,,,,,,,,,,,,,,
04/01/2021,2026-02.csv,,,,,,,,,,,,,,,,,,
03/03/2021,2026-02.csv,,,,,,,,,,,,,,,,,,
26/10/2016,2026-02.csv,,,,,,,,,,,,,,,,,,
13/03/2018,2026-02.csv,,,,,,,,,,,,,,,,,,
14/03/2024,2026-02.csv,,,,,,,,,,,,,,,,,,
17/05/2023,2026-02.csv,,,,,,,,,,,,,,,,,,
24/03/2022,2026-02.csv,,,,,,,,,,,,,,,,,,
29/03/2022,2026-02.csv,,,,,,,,,,,,,,,,,,
09/03/2023,2026-02.csv,,,,,,,,,,,,,,,,,,
19/10/2022,2026-02.csv,,,,,,,,,,,,,,,,,,
09/07/2020,2026-02.csv,,,,,,,,,,,,,,,,,,
22/03/2022,2026-02.csv,,,,,,,,,,,,,,,,,,
23/03/2022,2026-02.csv,,,,,,,,,,,,,,,,,,
14/03/2018,2026-02.csv,,,,,,,,,,,,,,,,,,
31/03/2021,2026-02.csv,,,,,,,,,,,,,,,,,,
17/03/2016,2026-02.csv,,,,,,,,,,,,,,,,,,
20/02/2020,2026-02.csv,,,,,,,,,,,,,,,,,,
31/03/2021,2026-02.csv,,,,,,,,,,,,,,,,,,
30/03/2023,2026-02.csv,,,,,,,,,,,,,,,,,,
14/02/2023,2026-02.csv,,,,,,,,,,,,,,,,,,
27/03/2023,2026-02.csv,,,,,,,,,,,,,,,,,,
27/03/2023,2026-02.csv,,,,,,,,,,,,,,,,,,
27/03/2023,2026-02.csv,,,,,,,,,,,,,,,,,,
27/03/2023,2026-02.csv,,,,,,,,,,,,,,,,,,
27/03/2025,2026-02.csv,,,,,,,,,,,,,,,,,,
21/09/2021,2026-02.csv,,,,,,,,,,,,,,,,,,
18/03/2020,2026-02.csv,,,,,,,,,,,,,,,,,,
27/02/2018,2026-02.csv,,,,,,,,,,,,,,,,,,
22/12/2021,2026-02.csv,,,,,,,,,,,,,,,,,,
01/03/2023,2026-02.csv,,,,,,,,,,,,,,,,,,
25/02/2016,2026-02.csv,,,,,,,,,,,,,,,,,,
28/12/2021,2026-02.csv,,,,,,,,,,,,,,,,,,
11/03/2022,2026-02.csv,,,,,,,,,,,,,,,,,,
15/03/2024,2026-02.csv,,,,,,,,,,,,,,,,,,
15/03/2024,2026-02.csv,,,,,,,,,,,,,,,,,,
15/03/2024,2026-02.csv,,,,,,,,,,,,,,,,,,
02/11/2016,2026-02.csv,,,,,,,,,,,,,,,,,,
13/08/2020,2026-02.csv,,,,,,,,,,,,,,,,,,
22/03/2017,2026-02.csv,,,,,,,,,,,,,,,,,,
26/02/2020,2026-02.csv,,,,,,,,,,,,,,,,,,
27/02/2018,2026-02.csv,,,,,,,,,,,,,,,,,,
10/08/2016,2026-02.csv,,,,,,,,,,,,,,,,,,
05/01/2022,2026-02.csv,,,,,,,,,,,,,,,,,,
08/02/2024,2026-02.csv,,,,,,,,,,,,,,,,,,
16/02/2023,2026-02.csv,,,,,,,,,,,,,,,,,,
02/07/2021,2026-02.csv,,,,,,,,,,,,,,,,,,
20/03/2020,2026-02.csv,,,,,,,,,,,,,,,,,,
19/03/2020,2026-02.csv,,,,,,,,,,,,,,,,,,
31/03/2022,2026-02.csv,,,,,,,,,,,,,,,,,,
24/03/2023,2026-02.csv,,,,,,,,,,,,,,,,,,
06/07/2022,2026-02.csv,,,,,,,,,,,,,,,,,,
27/03/2025,2026-02.csv,,,,,,,,,,,,,,,,,,
22/03/2022,2026-02.csv,,,,,,,,,,,,,,,,,,
08/01/2022,2026-02.csv,,,,,,,,,,,,,,,,,,
30/06/2022,2026-02.csv,,,,,,,,,,,,,,,,,,
16/05/2025,2026-02.csv,,,,,,,,,,,,,,,,,,
18/09/2020,2026-02.csv,,,,,,,,,,,,,,,,,,
20/03/2018,2026-02.csv,,,,,,,,,,,,,,,,,,
13/03/2018,2026-02.csv,,,,,,,,,,,,,,,,,,
26/02/2018,2026-02.csv,,,,,,,,,,,,,,,,,,
27/01/2022,2026-02.csv,,,,,,,,,,,,,,,,,,
27/01/2015,2026-02.csv,,,,,,,,,,,,,,,,,,
20/03/2018,2026-02.csv,,,,,,,,,,,,,,,,,,
16/05/2023,2026-02.csv,,,,,,,,,,,,,,,,,,
22/03/2022,2026-02.csv,,,,,,,,,,,,,,,,,,
04/03/2024,2026-02.csv,,,,,,,,,,,,,,,,,,
20/03/2018,2026-02.csv,,,,,,,,,,,,,,,,,,
28/03/2017,2026-02.csv,,,,,,,,,,,,,,,,,,
14/09/2021,2026-02.csv,,,,,,,,,,,,,,,,,,
08/07/2020,2026-02.csv,,,,,,,,,,,,,,,,,,
18/03/2020,2026-02.csv,,,,,,,,,,,,,,,,,,
11/08/2020,2026-02.csv,,,,,,,,,,,,,,,,,,
14/08/2020,2026-02.csv,,,,,,,,,,,,,,,,,,
19/08/2020,2026-02.csv,,,,,,,,,,,,,,,,,,
18/04/2020,2026-02.csv,,,,,,,,,,,,,,,,,,
18/04/2020,2026-02.csv,,,,,,,,,,,,,,,,,,
18/04/2020,2026-02.csv,,,,,,,,,,,,,,,,,,
18/04/2020,2026-02.csv,,,,,,,,,,,,,,,,,,
10/08/2020,2026-02.csv,,,,,,,,,,,,,,,,,,
11/08/2020,2026-02.csv,,,,,,,,,,,,,,,,,,
24/08/2020,2026-02.csv,,,,,,,,,,,,,,,,,,
09/06/2022,2026-02.csv,,,,,,,,,,,,,,,,,,
17/03/2022,2026-02.csv,,,,,,,,,,,,,,,,,,
06/01/2022,2026-02.csv,,,,,,,,,,,,,,,,,,
20/12/2024,2026-02.csv,,,,,,,,,,,,,,,,,,
11/03/2024,2026-02.csv,,,,,,,,,,,,,,,,,,
28/06/2017,2026-02.csv,,,,,,,,,,,,,,,,,,
31/03/2022,2026-02.csv,,,,,,,,,,,,,,,,,,
02/03/2015,2026-02.csv,,,,,,,,,,,,,,,,,,
02/01/2014,2026-02.csv,,,,,,,,,,,,,,,,,,
10/02/2022,2026-02.csv,,,,,,,,,,,,,,,,,,
15/03/2024,2026-02.csv,,,,,,,,,,,,,,,,,,
14/03/2024,2026-02.csv,,,,,,,,,,,,,,,,,,
20/02/2023,2026-02.csv,,,,,,,,,,,,,,,,,,
25/03/2022,2026-02.csv,,,,,,,,,,,,,,,,,,
25/03/2022,2026-02.csv,,,,,,,,,,,,,,,,,,
18/03/2020,2026-02.csv,,,,,,,,,,,,,,,,,,
11/04/2025,2026-02.csv,,,,,,,,,,,,,,,,,,
15/02/2017,2026-02.csv,,,,,,,,,,,,,,,,,,
,2026-02.csv,,,,,,,,,,,,,,,,,,
18/02/2020,2026-02.csv,,,,,,,,,,,,,,,,,,
18/02/2020,2026-02.csv,,,,,,,,,,,,,,,,,,
15/10/2024,2026-02.csv,,,,,,,,,,,,,,,,,,
04/02/2019,2026-02.csv,,,,,,,,,,,,,,,,,,
20/02/2017,2026-02.csv,,,,,,,,,,,,,,,,,,
,2026-02.csv,,,,,,,,,,,,,,,,,,
25/01/2017,2026-02.csv,,,,,,,,,,,,,,,,,,
01/03/2018,2026-02.csv,,,,,,,,,,,,,,,,,,
01/02/2016,2026-02.csv,,,,,,,,,,,,,,,,,,
17/02/2017,2026-02.csv,,,,,,,,,,,,,,,,,,
,2026-02.csv,,,,,,,,,,,,,,,,,,
01/02/2016,2026-02.csv,,,,,,,,,,,,,,,,,,
26/12/2017,2026-02.csv,,,,,,,,,,,,,,,,,,
19/05/2020,2026-02.csv,,,,,,,,,,,,,,,,,,
,2026-02.csv,,,,,,,,,,,,,,,,,,
20/01/2020,2026-02.csv,,,,,,,,,,,,,,,,,,
20/01/2020,2026-02.csv,,,,,,,,,,,,,,,,,,
28/02/2024,2026-02.csv,,,,,,,,,,,,,,,,,,
,2026-02.csv,,,,,,,,,,,,,,,,,,
28/03/2018,2026-02.csv,,,,,,,,,,,,,,,,,,
31/01/2024,2026-02.csv,,,,,,,,,,,,,,,,,,
20/12/2017,2026-02.csv,,,,,,,,,,,,,,,,,,
,2026-02.csv,,,,,,,,,,,,,,,,,,
08/06/2021,2026-02.csv,,,,,,,,,,,,,,,,,,
08/11/2017,2026-02.csv,,,,,,,,,,,,,,,,,,
31/03/2021,2026-02.csv,,,,,,,,,,,,,,,,,,
24/03/2023,2026-02.csv,,,,,,,,,,,,,,,,,,
12/08/2022,2026-02.csv,,,,,,,,,,,,,,,,,,
15/03/2024,2026-02.csv,,,,,,,,,,,,,,,,,,
30/03/2023,2026-02.csv,,,,,,,,,,,,,,,,,,
23/02/2018,2026-02.csv,,,,,,,,,,,,,,,,,,
23/06/2016,2026-02.csv,,,,,,,,,,,,,,,,,,
09/09/2017,2026-02.csv,,,,,,,,,,,,,,,,,,
,2026-02.csv,,,,,,,,,,,,,,,,,,
14/02/2019,2026-02.csv,,,,,,,,,,,,,,,,,,
,2026-02.csv,,,,,,,,,,,,,,,,,,
06/09/2021,2026-02.csv,,,,,,,,,,,,,,,,,,
02/11/2022,2026-02.csv,,,,,,,,,,,,,,,,,,
,2026-02.csv,,,,,,,,,,,,,,,,,,
04/03/2021,2026-02.csv,,,,,,,,,,,,,,,,,,
,2026-02.csv,,,,,,,,,,,,,,,,,,
27/02/2018,2026-02.csv,,,,,,,,,,,,,,,,,,
07/11/2017,2026-02.csv,,,,,,,,,,,,,,,,,,
,2026-02.csv,,,,,,,,,,,,,,,,,,
24/08/2020,2026-02.csv,,,,,,,,,,,,,,,,,,
17/04/2020,2026-02.csv,,,,,,,,,,,,,,,,,,
24/08/2020,2026-02.csv,,,,,,,,,,,,,,,,,,
20/08/2022,2026-02.csv,,,,,,,,,,,,,,,,,,
01/02/2019,2026-02.csv,,,,,,,,,,,,,,,,,,
07/10/2022,2026-02.csv,,,,,,,,,,,,,,,,,,
30/09/2022,2026-02.csv,,,,,,,,,,,,,,,,,,
14/10/2022,2026-02.csv,,,,,,,,,,,,,,,,,,
22/12/2020,2026-02.csv,,,,,,,,,,,,,,,,,,
12/03/2020,2026-02.csv,,,,,,,,,,,,,,,,,,
01/02/2024,2026-02.csv,,,,,,,,,,,,,,,,,,
07/02/2022,2026-02.csv,,,,,,,,,,,,,,,,,,
27/02/2023,2026-02.csv,,,,,,,,,,,,,,,,,,
13/12/2021,2026-02.csv,,,,,,,,,,,,,,,,,,
14/07/2020,2026-02.csv,,,,,,,,,,,,,,,,,,
14/07/2020,2026-02.csv,,,,,,,,,,,,,,,,,,
21/09/2021,2026-02.csv,,,,,,,,,,,,,,,,,,
14/03/2024,2026-02.csv,,,,,,,,,,,,,,,,,,
14/03/2018,2026-02.csv,,,,,,,,,,,,,,,,,,
28/10/2024,2026-02.csv,,,,,,,,,,,,,,,,,,
14/02/2023,2026-02.csv,,,,,,,,,,,,,,,,,,
12/03/2021,2026-02.csv,,,,,,,,,,,,,,,,,,
29/12/2022,2026-02.csv,,,,,,,,,,,,,,,,,,
31/03/2021,2026-02.csv,,,,,,,,,,,,,,,,,,
12/01/2025,2026-02.csv,,,,,,,,,,,,,,,,,,
15/03/2022,2026-02.csv,,,,,,,,,,,,,,,,,,
22/11/2021,2026-02.csv,,,,,,,,,,,,,,,,,,
28/03/2022,2026-02.csv,,,,,,,,,,,,,,,,,,
24/03/2023,2026-02.csv,,,,,,,,,,,,,,,,,,
14/03/2022,2026-02.csv,,,,,,,,,,,,,,,,,,
06/03/2024,2026-02.csv,,,,,,,,,,,,,,,,,,
06/03/2025,2026-02.csv,,,,,,,,,,,,,,,,,,
24/03/2022,2026-02.csv,,,,,,,,,,,,,,,,,,
24/03/2022,2026-02.csv,,,,,,,,,,,,,,,,,,
25/03/2022,2026-02.csv,,,,,,,,,,,,,,,,,,
12/01/2022,2026-02.csv,,,,,,,,,,,,,,,,,,
31/03/2021,2026-02.csv,,,,,,,,,,,,,,,,,,
27/03/2023,2026-02.csv,,,,,,,,,,,,,,,,,,
31/03/2022,2026-02.csv,,,,,,,,,,,,,,,,,,
31/03/2022,2026-02.csv,,,,,,,,,,,,,,,,,,
26/02/2024,2026-02.csv,,,,,,,,,,,,,,,,,,
06/12/2021,2026-02.csv,,,,,,,,,,,,,,,,,,
27/03/2023,2026-02.csv,,,,,,,,,,,,,,,,,,
08/03/2022,2026-02.csv,,,,,,,,,,,,,,,,,,
20/10/2022,2026-02.csv,,,,,,,,,,,,,,,,,,
21/02/2024,2026-02.csv,,,,,,,,,,,,,,,,,,
11/03/2022,2026-02.csv,,,,,,,,,,,,,,,,,,
24/12/2021,2026-02.csv,,,,,,,,,,,,,,,,,,
29/12/2022,2026-02.csv,,,,,,,,,,,,,,,,,,
06/12/2022,2026-02.csv,,,,,,,,,,,,,,,,,,
24/03/2022,2026-02.csv,,,,,,,,,,,,,,,,,,
26/03/2018,2026-02.csv,,,,,,,,,,,,,,,,,,
07/05/2020,2026-02.csv,,,,,,,,,,,,,,,,,,
30/07/2020,2026-02.csv,,,,,,,,,,,,,,,,,,
11/07/2023,2026-02.csv,,,,,,,,,,,,,,,,,,
11/07/2023,2026-02.csv,,,,,,,,,,,,,,,,,,
19/02/2018,2026-02.csv,,,,,,,,,,,,,,,,,,
19/06/2020,2026-02.csv,,,,,,,,,,,,,,,,,,
07/08/2020,2026-02.csv,,,,,,,,,,,,,,,,,,
06/06/2020,2026-02.csv,,,,,,,,,,,,,,,,,,
27/05/2021,2026-02.csv,,,,,,,,,,,,,,,,,,
18/05/2021,2026-02.csv,,,,,,,,,,,,,,,,,,
24/06/2021,2026-02.csv,,,,,,,,,,,,,,,,,,
03/09/2021,2026-02.csv,,,,,,,,,,,,,,,,,,
07/10/2020,2026-02.csv,,,,,,,,,,,,,,,,,,
16/04/2015,2026-02.csv,,,,,,,,,,,,,,,,,,
26/12/2017,2026-02.csv,,,,,,,,,,,,,,,,,,
01/03/2018,2026-02.csv,,,,,,,,,,,,,,,,,,
06/12/2024,2026-02.csv,,,,,,,,,,,,,,,,,,
11/12/2023,2026-02.csv,,,,,,,,,,,,,,,,,,
30/03/2020,2026-02.csv,,,,,,,,,,,,,,,,,,
30/03/2021,2026-02.csv,,,,,,,,,,,,,,,,,,
26/02/2018,2026-02.csv,,,,,,,,,,,,,,,,,,
31/03/2022,2026-02.csv,,,,,,,,,,,,,,,,,,
31/03/2021,2026-02.csv,,,,,,,,,,,,,,,,,,
31/03/2021,2026-02.csv,,,,,,,,,,,,,,,,,,
31/03/2021,2026-02.csv,,,,,,,,,,,,,,,,,,
31/03/2023,2026-02.csv,,,,,,,,,,,,,,,,,,
31/03/2023,2026-02.csv,,,,,,,,,,,,,,,,,,
31/03/2021,2026-02.csv,,,,,,,,,,,,,,,,,,
11/03/2022,2026-02.csv,,,,,,,,,,,,,,,,,,
16/03/2022,2026-02.csv,,,,,,,,,,,,,,,,,,
05/01/2022,2026-02.csv,,,,,,,,,,,,,,,,,,
31/03/2022,2026-02.csv,,,,,,,,,,,,,,,,,,
09/05/2022,2026-02.csv,,,,,,,,,,,,,,,,,,
19/01/2018,2026-02.csv,,,,,,,,,,,,,,,,,,
21/01/2022,2026-02.csv,,,,,,,,,,,,,,,,,,
12/02/2024,2026-02.csv,,,,,,,,,,,,,,,,,,
11/03/2024,2026-02.csv,,,,,,,,,,,,,,,,,,
11/09/2023,2026-02.csv,,,,,,,,,,,,,,,,,,
24/01/2022,2026-02.csv,,,,,,,,,,,,,,,,,,
24/01/2022,2026-02.csv,,,,,,,,,,,,,,,,,,
24/03/2022,2026-02.csv,,,,,,,,,,,,,,,,,,
07/03/2022,2026-02.csv,,,,,,,,,,,,,,,,,,
31/03/2022,2026-02.csv,,,,,,,,,,,,,,,,,,
17/05/2023,2026-02.csv,,,,,,,,,,,,,,,,,,
06/10/2022,2026-02.csv,,,,,,,,,,,,,,,,,,
17/03/2022,2026-02.csv,,,,,,,,,,,,,,,,,,
30/09/2019,2026-02.csv,,,,,,,,,,,,,,,,,,
30/09/2019,2026-02.csv,,,,,,,,,,,,,,,,,,
30/09/2019,2026-02.csv,,,,,,,,,,,,,,,,,,
30/09/2019,2026-02.csv,,,,,,,,,,,,,,,,,,
30/09/2019,2026-02.csv,,,,,,,,,,,,,,,,,,
30/09/2019,2026-02.csv,,,,,,,,,,,,,,,,,,
14/03/2018,2026-02.csv,,,,,,,,,,,,,,,,,,
14/10/2022,2026-02.csv,,,,,,,,,,,,,,,,,,
17/01/2024,2026-02.csv,,,,,,,,,,,,,,,,,,
23/06/2020,2026-02.csv,,,,,,,,,,,,,,,,,,
19/02/2021,2026-02.csv,,,,,,,,,,,,,,,,,,
13/01/2022,2026-02.csv,,,,,,,,,,,,,,,,,,
31/03/2021,2026-02.csv,,,,,,,,,,,,,,,,,,
02/09/2021,2026-02.csv,,,,,,,,,,,,,,,,,,
25/01/2024,2026-02.csv,,,,,,,,,,,,,,,,,,
16/12/2022,2026-02.csv,,,,,,,,,,,,,,,,,,
16/12/2022,2026-02.csv,,,,,,,,,,,,,,,,,,
16/12/2022,2026-02.csv,,,,,,,,,,,,,,,,,,
22/03/2022,2026-02.csv,,,,,,,,,,,,,,,,,,
09/02/2022,2026-02.csv,,,,,,,,,,,,,,,,,,
03/12/2021,2026-02.csv,,,,,,,,,,,,,,,,,,
13/12/2021,2026-02.csv,,,,,,,,,,,,,,,,,,
03/01/2023,2026-02.csv,,,,,,,,,,,,,,,,,,
26/10/2022,2026-02.csv,,,,,,,,,,,,,,,,,,
13/01/2023,2026-02.csv,,,,,,,,,,,,,,,,,,
14/10/2022,2026-02.csv,,,,,,,,,,,,,,,,,,
18/01/2022,2026-02.csv,,,,,,,,,,,,,,,,,,
20/01/2022,2026-02.csv,,,,,,,,,,,,,,,,,,
10/02/2017,2026-02.csv,,,,,,,,,,,,,,,,,,
19/10/2022,2026-02.csv,,,,,,,,,,,,,,,,,,
27/04/2020,2026-02.csv,,,,,,,,,,,,,,,,,,
27/04/2020,2026-02.csv,,,,,,,,,,,,,,,,,,
14/02/2020,2026-02.csv,,,,,,,,,,,,,,,,,,
31/03/2021,2026-02.csv,,,,,,,,,,,,,,,,,,
30/03/2022,2026-02.csv,,,,,,,,,,,,,,,,,,
06/10/2016,2026-02.csv,,,,,,,,,,,,,,,,,,
15/03/2024,2026-02.csv,,,,,,,,,,,,,,,,,,
30/12/2022,2026-02.csv,,,,,,,,,,,,,,,,,,
13/03/2023,2026-02.csv,,,,,,,,,,,,,,,,,,
09/02/2023,2026-02.csv,,,,,,,,,,,,,,,,,,
12/01/2022,2026-02.csv,,,,,,,,,,,,,,,,,,
29/03/2023,2026-02.csv,,,,,,,,,,,,,,,,,,
24/01/2022,2026-02.csv,,,,,,,,,,,,,,,,,,
31/05/2023,2026-02.csv,,,,,,,,,,,,,,,,,,
21/03/2022,2026-02.csv,,,,,,,,,,,,,,,,,,
30/03/2022,2026-02.csv,,,,,,,,,,,,,,,,,,
31/03/2021,2026-02.csv,,,,,,,,,,,,,,,,,,
01/12/2022,2026-02.csv,,,,,,,,,,,,,,,,,,
31/03/2022,2026-02.csv,,,,,,,,,,,,,,,,,,
30/03/2022,2026-02.csv,,,,,,,,,,,,,,,,,,
08/01/2024,2026-02.csv,,,,,,,,,,,,,,,,,,
23/03/2022,2026-02.csv,,,,,,,,,,,,,,,,,,
14/10/2022,2026-02.csv,,,,,,,,,,,,,,,,,,
08/03/2023,2026-02.csv,,,,,,,,,,,,,,,,,,
21/02/2023,2026-02.csv,,,,,,,,,,,,,,,,,,
14/02/2023,2026-02.csv,,,,,,,,,,,,,,,,,,
31/03/2020,2026-02.csv,,,,,,,,,,,,,,,,,,
29/03/2022,2026-02.csv,,,,,,,,,,,,,,,,,,
31/03/2022,2026-02.csv,,,,,,,,,,,,,,,,,,
31/03/2022,2026-02.csv,,,,,,,,,,,,,,,,,,
20/01/2017,2026-02.csv,,,,,,,,,,,,,,,,,,
30/03/2017,2026-02.csv,,,,,,,,,,,,,,,,,,
20/01/2017,2026-02.csv,,,,,,,,,,,,,,,,,,
03/03/2022,2026-02.csv,,,,,,,,,,,,,,,,,,
30/03/2017,2026-02.csv,,,,,,,,,,,,,,,,,,
06/10/2016,2026-02.csv,,,,,,,,,,,,,,,,,,
14/10/2022,2026-02.csv,,,,,,,,,,,,,,,,,,
28/02/2024,2026-02.csv,,,,,,,,,,,,,,,,,,
15/03/2024,2026-02.csv,,,,,,,,,,,,,,,,,,
15/03/2024,2026-02.csv,,,,,,,,,,,,,,,,,,
12/09/2022,2026-02.csv,,,,,,,,,,,,,,,,,,
30/03/2021,2026-02.csv,,,,,,,,,,,,,,,,,,
01/09/2020,2026-02.csv,,,,,,,,,,,,,,,,,,
31/03/2023,2026-02.csv,,,,,,,,,,,,,,,,,,
31/03/2023,2026-02.csv,,,,,,,,,,,,,,,,,,
29/03/2023,2026-02.csv,,,,,,,,,,,,,,,,,,
04/01/2023,2026-02.csv,,,,,,,,,,,,,,,,,,
13/03/2020,2026-02.csv,,,,,,,,,,,,,,,,,,
13/03/2020,2026-02.csv,,,,,,,,,,,,,,,,,,
30/03/2021,2026-02.csv,,,,,,,,,,,,,,,,,,
11/03/2022,2026-02.csv,,,,,,,,,,,,,,,,,,
30/11/2023,2026-02.csv,,,,,,,,,,,,,,,,,,
09/09/2021,2026-02.csv,,,,,,,,,,,,,,,,,,
05/01/2023,2026-02.csv,,,,,,,,,,,,,,,,,,
31/03/2023,2026-02.csv,,,,,,,,,,,,,,,,,,
03/01/2023,2026-02.csv,,,,,,,,,,,,,,,,,,
07/03/2023,2026-02.csv,,,,,,,,,,,,,,,,,,
11/03/2024,2026-02.csv,,,,,,,,,,,,,,,,,,
28/02/2024,2026-02.csv,,,,,,,,,,,,,,,,,,
04/03/2024,2026-02.csv,,,,,,,,,,,,,,,,,,
07/02/2024,2026-02.csv,,,,,,,,,,,,,,,,,,
27/02/2024,2026-02.csv,,,,,,,,,,,,,,,,,,
28/02/2024,2026-02.csv,,,,,,,,,,,,,,,,,,
11/03/2024,2026-02.csv,,,,,,,,,,,,,,,,,,
27/03/2023,2026-02.csv,,,,,,,,,,,,,,,,,,
11/03/2022,2026-02.csv,,,,,,,,,,,,,,,,,,
31/03/2022,2026-02.csv,,,,,,,,,,,,,,,,,,
30/09/2021,2026-02.csv,,,,,,,,,,,,,,,,,,
30/11/2022,2026-02.csv,,,,,,,,,,,,,,,,,,
01/02/2018,2026-02.csv,,,,,,,,,,,,,,,,,,
23/05/2022,2026-02.csv,,,,,,,,,,,,,,,,,,
21/10/2022,2026-02.csv,,,,,,,,,,,,,,,,,,
31/12/2023,2026-02.csv,,,,,,,,,,,,,,,,,,
30/09/2021,2026-02.csv,,,,,,,,,,,,,,,,,,
31/12/2019,2026-02.csv,,,,,,,,,,,,,,,,,,
30/11/2020,2026-02.csv,,,,,,,,,,,,,,,,,,
01/01/2022,2026-02.csv,,,,,,,,,,,,,,,,,,
13/07/2021,2026-02.csv,,,,,,,,,,,,,,,,,,
28/11/2014,2026-02.csv,,,,,,,,,,,,,,,,,,
09/07/2024,2026-02.csv,,,,,,,,,,,,,,,,,,
30/03/2015,2026-02.csv,,,,,,,,,,,,,,,,,,
10/11/2015,2026-02.csv,,,,,,,,,,,,,,,,,,
11/09/2023,2026-02.csv,,,,,,,,,,,,,,,,,,
15/11/2023,2026-02.csv,,,,,,,,,,,,,,,,,,
30/11/2023,2026-02.csv,,,,,,,,,,,,,,,,,,
31/10/2023,2026-02.csv,,,,,,,,,,,,,,,,,,
20/01/2025,2026-02.csv,,,,,,,,,,,,,,,,,,
26/07/2024,2026-02.csv,,,,,,,,,,,,,,,,,,
28/03/2024,2026-02.csv,,,,,,,,,,,,,,,,,,
11/07/2024,2026-02.csv,,,,,,,,,,,,,,,,,,
09/08/2023,2026-02.csv,,,,,,,,,,,,,,,,,,
31/01/2009,2026-02.csv,,,,,,,,,,,,,,,,,,
20/01/2025,2026-02.csv,,,,,,,,,,,,,,,,,,
20/01/2025,2026-02.csv,,,,,,,,,,,,,,,,,,
16/11/2024,2026-02.csv,,,,,,,,,,,,,,,,,,
09/09/2024,2026-02.csv,,,,,,,,,,,,,,,,,,
13/12/2019,2026-02.csv,,,,,,,,,,,,,,,,,,
01/11/2020,2026-02.csv,,,,,,,,,,,,,,,,,,
,2026-02.csv,,,,,,,,,,,,,,,,,,
19/07/2017,2026-02.csv,,,,,,,,,,,,,,,,,,
27/04/2022,2026-02.csv,,,,,,,,,,,,,,,,,,
,2026-02.csv,,,,,,,,,,,,,,,,,,
31/05/2023,2026-02.csv,,,,,,,,,,,,,,,,,,
19/03/2020,2026-02.csv,,,,,,,,,,,,,,,,,,
08/05/2023,2026-02.csv,,,,,,,,,,,,,,,,,,
17/11/2021,2026-02.csv,,,,,,,,,,,,,,,,,,
19/09/2019,2026-02.csv,,,,,,,,,,,,,,,,,,
09/12/2020,2026-02.csv,,,,,,,,,,,,,,,,,,
27/07/2022,2026-02.csv,,,,,,,,,,,,,,,,,,
09/10/2014,2026-02.csv,,,,,,,,,,,,,,,,,,
22/02/2019,2026-02.csv,,,,,,,,,,,,,,,,,,
28/08/2024,2026-02.csv,,,,,,,,,,,,,,,,,,
21/03/2025,2026-02.csv,,,,,,,,,,,,,,,,,,
01/05/2023,2026-02.csv,,,,,,,,,,,,,,,,,,
21/08/2025,2026-02.csv,,,,,,,,,,,,,,,,,,
24/03/2025,2026-02.csv,,,,,,,,,,,,,,,,,,
08/10/2025,2026-02.csv,,,,,,,,,,,,,,,,,,
24/02/2025,2026-02.csv,,,,,,,,,,,,,,,,,,
15/10/2024,2026-02.csv,,,,,,,,,,,,,,,,,,
18/02/2025,2026-02.csv,,,,,,,,,,,,,,,,,,
18/02/2025,2026-02.csv,,,,,,,,,,,,,,,,,,
14/10/2014,2026-02.csv,,,,,,,,,,,,,,,,,,
02/09/2024,2026-02.csv,,,,,,,,,,,,,,,,,,
25/11/2024,2026-02.csv,,,,,,,,,,,,,,,,,,
07/06/2024,2026-02.csv,,,,,,,,,,,,,,,,,,
24/02/2012,2026-02.csv,,,,,,,,,,,,,,,,,,
16/10/2025,2026-02.csv,,,,,,,,,,,,,,,,,,
03/02/2026,2026-02.csv,,,,,,,,,,,,,,,,,,
17/10/2025,2026-02.csv,,,,,,,,,,,,,,,,,,
,2026-02.csv,,,,,,,,,,,,,,,,,,
30/08/2024,2026-02.csv,,,,,,,,,,,,,,,,,,
,2026-02.csv,,,,,,,,,,,,,,,,,,
26/03/2025,2026-02.csv,,,,,,,,,,,,,,,,,,
04/08/2025,2026-02.csv,,,,,,,,,,,,,,,,,,
01/12/2014,2026-02.csv,,,,,,,,,,,,,,,,,,
07/11/2024,2026-02.csv,,,,,,,,,,,,,,,,,,
18/03/2025,2026-02.csv,,,,,,,,,,,,,,,,,,
20/01/2025,2026-02.csv,,,,,,,,,,,,,,,,,,
24/03/2025,2026-02.csv,,,,,,,,,,,,,,,,,,
16/01/2025,2026-02.csv,,,,,,,,,,,,,,,,,,
13/01/2022,2026-02.csv,,,,,,,,,,,,,,,,,,
15/07/2024,2026-02.csv,,,,,,,,,,,,,,,,,,
09/02/2024,2026-02.csv,,,,,,,,,,,,,,,,,,
21/03/2025,2026-02.csv,,,,,,,,,,,,,,,,,,
26/12/2023,2026-02.csv,,,,,,,,,,,,,,,,,,
27/09/2023,2026-02.csv,,,,,,,,,,,,,,,,,,
09/02/2024,2026-02.csv,,,,,,,,,,,,,,,,,,
26/12/2023,2026-02.csv,,,,,,,,,,,,,,,,,,
04/06/2025,2026-02.csv,,,,,,,,,,,,,,,,,,
30/05/2024,2026-02.csv,,,,,,,,,,,,,,,,,,
01/11/2023,2026-02.csv,,,,,,,,,,,,,,,,,,
01/07/2023,2026-02.csv,,,,,,,,,,,,,,,,,,
15/10/2024,2026-02.csv,,,,,,,,,,,,,,,,,,
19/11/2024,2026-02.csv,,,,,,,,,,,,,,,,,,
07/11/2024,2026-02.csv,,,,,,,,,,,,,,,,,,
27/12/2023,2026-02.csv,,,,,,,,,,,,,,,,,,
27/12/2023,2026-02.csv,,,,,,,,,,,,,,,,,,
15/10/2024,2026-02.csv,,,,,,,,,,,,,,,,,,
19/08/2024,2026-02.csv,,,,,,,,,,,,,,,,,,
22/08/2024,2026-02.csv,,,,,,,,,,,,,,,,,,
19/08/2024,2026-02.csv,,,,,,,,,,,,,,,,,,
23/08/2024,2026-02.csv,,,,,,,,,,,,,,,,,,
12/11/2024,2026-02.csv,,,,,,,,,,,,,,,,,,
12/11/2024,2026-02.csv,,,,,,,,,,,,,,,,,,
30/12/2024,2026-02.csv,,,,,,,,,,,,,,,,,,
26/10/2023,2026-02.csv,,,,,,,,,,,,,,,,,,
30/10/2023,2026-02.csv,,,,,,,,,,,,,,,,,,
01/11/2023,2026-02.csv,,,,,,,,,,,,,,,,,,
01/12/2021,2026-02.csv,,,,,,,,,,,,,,,,,,
01/12/2022,2026-02.csv,,,,,,,,,,,,,,,,,,
23/08/2024,2026-02.csv,,,,,,,,,,,,,,,,,,
24/03/2025,2026-02.csv,,,,,,,,,,,,,,,,,,
23/11/2022,2026-02.csv,,,,,,,,,,,,,,,,,,
02/09/2024,2026-02.csv,,,,,,,,,,,,,,,,,,
10/12/2024,2026-02.csv,,,,,,,,,,,,,,,,,,
24/09/2025,2026-02.csv,,,,,,,,,,,,,,,,,,
27/03/2025,2026-02.csv,,,,,,,,,,,,,,,,,,
30/08/2024,2026-02.csv,,,,,,,,,,,,,,,,,,
10/01/2025,2026-02.csv,,,,,,,,,,,,,,,,,,
,2026-02.csv,,,,,,,,,,,,,,,,,,
27/05/2019,2026-02.csv,,,,,,,,,,,,,,,,,,
17/11/2014,2026-02.csv,,,,,,,,,,,,,,,,,,
09/03/2019,2026-02.csv,,,,,,,,,,,,,,,,,,
30/11/2018,2026-02.csv,,,,,,,,,,,,,,,,,,
18/10/2024,2026-02.csv,,,,,,,,,,,,,,,,,,
07/06/2021,2026-02.csv,,,,,,,,,,,,,,,,,,
21/02/2014,2026-02.csv,,,,,,,,,,,,,,,,,,
07/01/2026,2026-02.csv,,,,,,,,,,,,,,,,,,
28/03/2024,2026-02.csv,,,,,,,,,,,,,,,,,,
03/01/2025,2026-02.csv,,,,,,,,,,,,,,,,,,
07/03/2019,2026-02.csv,,,,,,,,,,,,,,,,,,
04/07/2019,2026-02.csv,,,,,,,,,,,,,,,,,,
30/11/2018,2026-02.csv,,,,,,,,,,,,,,,,,,
24/04/2018,2026-02.csv,,,,,,,,,,,,,,,,,,
27/05/2019,2026-02.csv,,,,,,,,,,,,,,,,,,
21/11/2022,2026-02.csv,,,,,,,,,,,,,,,,,,
03/09/2025,2026-02.csv,,,,,,,,,,,,,,,,,,
06/07/2023,2026-02.csv,,,,,,,,,,,,,,,,,,
18/07/2013,2026-02.csv,,,,,,,,,,,,,,,,,,
29/12/2022,2026-02.csv,,,,,,,,,,,,,,,,,,
26/04/2018,2026-02.csv,,,,,,,,,,,,,,,,,,
27/02/2019,2026-02.csv,,,,,,,,,,,,,,,,,,
23/10/2023,2026-02.csv,,,,,,,,,,,,,,,,,,
04/09/2024,2026-02.csv,,,,,,,,,,,,,,,,,,
16/07/2025,2026-02.csv,,,,,,,,,,,,,,,,,,
16/12/2025,2026-02.csv,,,,,,,,,,,,,,,,,,
09/03/2019,2026-02.csv,,,,,,,,,,,,,,,,,,
04/09/2024,2026-02.csv,,,,,,,,,,,,,,,,,,
06/05/2020,2026-02.csv,,,,,,,,,,,,,,,,,,
12/10/2017,2026-02.csv,,,,,,,,,,,,,,,,,,
10/05/2018,2026-02.csv,,,,,,,,,,,,,,,,,,
06/05/2020,2026-02.csv,,,,,,,,,,,,,,,,,,
11/08/2017,2026-02.csv,,,,,,,,,,,,,,,,,,
11/08/2017,2026-02.csv,,,,,,,,,,,,,,,,,,
08/03/2010,2026-02.csv,,,,,,,,,,,,,,,,,,
08/03/2010,2026-02.csv,,,,,,,,,,,,,,,,,,
18/11/2016,2026-02.csv,,,,,,,,,,,,,,,,,,
02/02/2017,2026-02.csv,,,,,,,,,,,,,,,,,,
15/12/2015,2026-02.csv,,,,,,,,,,,,,,,,,,
02/02/2017,2026-02.csv,,,,,,,,,,,,,,,,,,
02/02/2017,2026-02.csv,,,,,,,,,,,,,,,,,,
21/12/2016,2026-02.csv,,,,,,,,,,,,,,,,,,
18/10/2018,2026-02.csv,,,,,,,,,,,,,,,,,,
18/11/2016,2026-02.csv,,,,,,,,,,,,,,,,,,
15/03/2017,2026-02.csv,,,,,,,,,,,,,,,,,,
08/07/2016,2026-02.csv,,,,,,,,,,,,,,,,,,
18/11/2016,2026-02.csv,,,,,,,,,,,,,,,,,,
18/11/2016,2026-02.csv,,,,,,,,,,,,,,,,,,
18/11/2016,2026-02.csv,,,,,,,,,,,,,,,,,,
15/03/2017,2026-02.csv,,,,,,,,,,,,,,,,,,
02/02/2017,2026-02.csv,,,,,,,,,,,,,,,,,,
13/11/2015,2026-02.csv,,,,,,,,,,,,,,,,,,
15/03/2017,2026-02.csv,,,,,,,,,,,,,,,,,,
15/03/2017,2026-02.csv,,,,,,,,,,,,,,,,,,
26/05/2016,2026-02.csv,,,,,,,,,,,,,,,,,,
15/03/2017,2026-02.csv,,,,,,,,,,,,,,,,,,
18/08/2020,2026-02.csv,,,,,,,,,,,,,,,,,,
22/07/2020,2026-02.csv,,,,,,,,,,,,,,,,,,
01/04/2009,2026-02.csv,,,,,,,,,,,,,,,,,,
01/04/2007,2026-02.csv,,,,,,,,,,,,,,,,,,
01/04/2008,2026-02.csv,,,,,,,,,,,,,,,,,,
10/05/2002,2026-02.csv,,,,,,,,,,,,,,,,,,
01/04/1996,2026-02.csv,,,,,,,,,,,,,,,,,,
01/04/2017,2026-02.csv,,,,,,,,,,,,,,,,,,
01/04/2008,2026-02.csv,,,,,,,,,,,,,,,,,,
01/04/2005,2026-02.csv,,,,,,,,,,,,,,,,,,
,2026-02.csv,,,,,,,,,,,,,,,,,,
01/04/1997,2026-02.csv,,,,,,,,,,,,,,,,,,
01/04/2006,2026-02.csv,,,,,,,,,,,,,,,,,,
31/10/2023,2026-02.csv,,,,,,,,,,,,,,,,,,
01/04/2017,2026-02.csv,,,,,,,,,,,,,,,,,,
01/04/2003,2026-02.csv,,,,,,,,,,,,,,,,,,
01/04/2008,2026-02.csv,,,,,,,,,,,,,,,,,,
,2026-02.csv,,,,,,,,,,,,,,,,,,
01/04/2009,2026-02.csv,,,,,,,,,,,,,,,,,,
01/04/2008,2026-02.csv,,,,,,,,,,,,,,,,,,
01/04/2008,2026-02.csv,,,,,,,,,,,,,,,,,,
01/04/2007,2026-02.csv,,,,,,,,,,,,,,,,,,
01/04/2009,2026-02.csv,,,,,,,,,,,,,,,,,,
01/08/2017,2026-02.csv,,,,,,,,,,,,,,,,,,
01/04/2017,2026-02.csv,,,,,,,,,,,,,,,,,,
20/01/2009,2026-02.csv,,,,,,,,,,,,,,,,,,
01/04/2007,2026-02.csv,,,,,,,,,,,,,,,,,,
01/04/2017,2026-02.csv,,,,,,,,,,,,,,,,,,
01/04/2007,2026-02.csv,,,,,,,,,,,,,,,,,,
03/02/2016,2026-02.csv,,,,,,,,,,,,,,,,,,
01/04/2005,2026-02.csv,,,,,,,,,,,,,,,,,,
01/04/2017,2026-02.csv,,,,,,,,,,,,,,,,,,
01/04/1996,2026-02.csv,,,,,,,,,,,,,,,,,,
01/04/2017,2026-02.csv,,,,,,,,,,,,,,,,,,
08/02/2010,2026-02.csv,,,,,,,,,,,,,,,,,,
,2026-02.csv,,,,,,,,,,,,,,,,,,
01/04/2011,2026-02.csv,,,,,,,,,,,,,,,,,,
,2026-02.csv,,,,,,,,,,,,,,,,,,
01/04/2017,2026-02.csv,,,,,,,,,,,,,,,,,,
01/04/1997,2026-02.csv,,,,,,,,,,,,,,,,,,
01/04/2014,2026-02.csv,,,,,,,,,,,,,,,,,,
01/04/2017,2026-02.csv,,,,,,,,,,,,,,,,,,
01/04/1996,2026-02.csv,,,,,,,,,,,,,,,,,,
Sanction Date,2025-12.csv,,,,,,,,,,,,,,,,,,
01/11/2021,2025-12.csv,,,,,,,,,,,,,,,,,,
01/12/2022,2025-12.csv,,,,,,,,,,,,,,,,,,
27/12/2018,2025-12.csv,,,,,,,,,,,,,,,,,,
01/06/2023,2025-12.csv,,,,,,,,,,,,,,,,,,
01/06/2023,2025-12.csv,,,,,,,,,,,,,,,,,,
01/03/2023,2025-12.csv,,,,,,,,,,,,,,,,,,
21/06/2023,2025-12.csv,,,,,,,,,,,,,,,,,,
17/06/2020,2025-12.csv,,,,,,,,,,,,,,,,,,
01/05/2022,2025-12.csv,,,,,,,,,,,,,,,,,,
01/07/2022,2025-12.csv,,,,,,,,,,,,,,,,,,
27/07/2018,2025-12.csv,,,,,,,,,,,,,,,,,,
01/06/2023,2025-12.csv,,,,,,,,,,,,,,,,,,
14/06/2022,2025-12.csv,,,,,,,,,,,,,,,,,,
01/07/2024,2025-12.csv,,,,,,,,,,,,,,,,,,
01/07/2024,2025-12.csv,,,,,,,,,,,,,,,,,,
29/08/2024,2025-12.csv,,,,,,,,,,,,,,,,,,
28/08/2024,2025-12.csv,,,,,,,,,,,,,,,,,,
29/08/2025,2025-12.csv,,,,,,,,,,,,,,,,,,
01/06/2024,2025-12.csv,,,,,,,,,,,,,,,,,,
01/11/2017,2025-12.csv,,,,,,,,,,,,,,,,,,
01/12/2016,2025-12.csv,,,,,,,,,,,,,,,,,,
14/05/2018,2025-12.csv,,,,,,,,,,,,,,,,,,
01/04/2023,2025-12.csv,,,,,,,,,,,,,,,,,,
18/12/2020,2025-12.csv,,,,,,,,,,,,,,,,,,
01/11/2023,2025-12.csv,,,,,,,,,,,,,,,,,,
25/07/2016,2025-12.csv,,,,,,,,,,,,,,,,,,
08/12/2015,2025-12.csv,,,,,,,,,,,,,,,,,,
31/10/2015,2025-12.csv,,,,,,,,,,,,,,,,,,
16/11/2018,2025-12.csv,,,,,,,,,,,,,,,,,,
05/03/2016,2025-12.csv,,,,,,,,,,,,,,,,,,
10/09/2024,2025-12.csv,,,,,,,,,,,,,,,,,,
04/01/2023,2025-12.csv,,,,,,,,,,,,,,,,,,
19/09/2022,2025-12.csv,,,,,,,,,,,,,,,,,,
22/09/2018,2025-12.csv,,,,,,,,,,,,,,,,,,
12/08/2015,2025-12.csv,,,,,,,,,,,,,,,,,,
04/02/2015,2025-12.csv,,,,,,,,,,,,,,,,,,
25/07/2015,2025-12.csv,,,,,,,,,,,,,,,,,,
26/04/2024,2025-12.csv,,,,,,,,,,,,,,,,,,
19/04/2023,2025-12.csv,,,,,,,,,,,,,,,,,,
04/08/2020,2025-12.csv,,,,,,,,,,,,,,,,,,
16/12/2022,2025-12.csv,,,,,,,,,,,,,,,,,,
04/08/2020,2025-12.csv,,,,,,,,,,,,,,,,,,
07/05/2014,2025-12.csv,,,,,,,,,,,,,,,,,,
12/11/2018,2025-12.csv,,,,,,,,,,,,,,,,,,
11/02/2020,2025-12.csv,,,,,,,,,,,,,,,,,,
26/03/2024,2025-12.csv,,,,,,,,,,,,,,,,,,
25/08/2020,2025-12.csv,,,,,,,,,,,,,,,,,,
22/07/2019,2025-12.csv,,,,,,,,,,,,,,,,,,
26/03/2024,2025-12.csv,,,,,,,,,,,,,,,,,,
10/08/2021,2025-12.csv,,,,,,,,,,,,,,,,,,
04/08/2020,2025-12.csv,,,,,,,,,,,,,,,,,,
11/08/2018,2025-12.csv,,,,,,,,,,,,,,,,,,
29/12/2023,2025-12.csv,,,,,,,,,,,,,,,,,,
12/02/2019,2025-12.csv,,,,,,,,,,,,,,,,,,
11/02/2020,2025-12.csv,,,,,,,,,,,,,,,,,,
24/12/2020,2025-12.csv,,,,,,,,,,,,,,,,,,
11/02/2020,2025-12.csv,,,,,,,,,,,,,,,,,,
10/05/2021,2025-12.csv,,,,,,,,,,,,,,,,,,
11/11/2020,2025-12.csv,,,,,,,,,,,,,,,,,,
18/01/2021,2025-12.csv,,,,,,,,,,,,,,,,,,
28/10/2023,2025-12.csv,,,,,,,,,,,,,,,,,,
31/08/2019,2025-12.csv,,,,,,,,,,,,,,,,,,
08/08/2023,2025-12.csv,,,,,,,,,,,,,,,,,,
05/03/2016,2025-12.csv,,,,,,,,,,,,,,,,,,
23/03/2021,2025-12.csv,,,,,,,,,,,,,,,,,,
01/07/2019,2025-12.csv,,,,,,,,,,,,,,,,,,
23/04/2021,2025-12.csv,,,,,,,,,,,,,,,,,,
01/07/2021,2025-12.csv,,,,,,,,,,,,,,,,,,
25/04/2022,2025-12.csv,,,,,,,,,,,,,,,,,,
07/11/2022,2025-12.csv,,,,,,,,,,,,,,,,,,
10/08/2022,2025-12.csv,,,,,,,,,,,,,,,,,,
01/08/2017,2025-12.csv,,,,,,,,,,,,,,,,,,
19/04/2023,2025-12.csv,,,,,,,,,,,,,,,,,,
22/05/2018,2025-12.csv,,,,,,,,,,,,,,,,,,
29/12/2023,2025-12.csv,,,,,,,,,,,,,,,,,,
03/02/2020,2025-12.csv,,,,,,,,,,,,,,,,,,
01/12/2021,2025-12.csv,,,,,,,,,,,,,,,,,,
16/04/2020,2025-12.csv,,,,,,,,,,,,,,,,,,
25/08/2020,2025-12.csv,,,,,,,,,,,,,,,,,,
30/01/2024,2025-12.csv,,,,,,,,,,,,,,,,,,
19/08/2017,2025-12.csv,,,,,,,,,,,,,,,,,,
01/03/2016,2025-12.csv,,,,,,,,,,,,,,,,,,
17/12/2014,2025-12.csv,,,,,,,,,,,,,,,,,,
24/01/2022,2025-12.csv,,,,,,,,,,,,,,,,,,
29/01/2023,2025-12.csv,,,,,,,,,,,,,,,,,,
25/06/2021,2025-12.csv,,,,,,,,,,,,,,,,,,
05/06/2024,2025-12.csv,,,,,,,,,,,,,,,,,,
28/01/2023,2025-12.csv,,,,,,,,,,,,,,,,,,
24/01/2022,2025-12.csv,,,,,,,,,,,,,,,,,,
04/08/2020,2025-12.csv,,,,,,,,,,,,,,,,,,
29/11/2024,2025-12.csv,,,,,,,,,,,,,,,,,,
24/05/2018,2025-12.csv,,,,,,,,,,,,,,,,,,
14/06/2022,2025-12.csv,,,,,,,,,,,,,,,,,,
13/01/2025,2025-12.csv,,,,,,,,,,,,,,,,,,
12/08/2009,2025-12.csv,,,,,,,,,,,,,,,,,,
11/11/2020,2025-12.csv,,,,,,,,,,,,,,,,,,
12/08/2011,2025-12.csv,,,,,,,,,,,,,,,,,,
14/02/2011,2025-12.csv,,,,,,,,,,,,,,,,,,
05/06/2024,2025-12.csv,,,,,,,,,,,,,,,,,,
01/03/2020,2025-12.csv,,,,,,,,,,,,,,,,,,
11/08/2018,2025-12.csv,,,,,,,,,,,,,,,,,,
25/05/2019,2025-12.csv,,,,,,,,,,,,,,,,,,
11/11/2020,2025-12.csv,,,,,,,,,,,,,,,,,,
27/08/2016,2025-12.csv,,,,,,,,,,,,,,,,,,
12/07/2021,2025-12.csv,,,,,,,,,,,,,,,,,,
10/03/2016,2025-12.csv,,,,,,,,,,,,,,,,,,
29/11/2024,2025-12.csv,,,,,,,,,,,,,,,,,,
31/01/2023,2025-12.csv,,,,,,,,,,,,,,,,,,
14/10/2022,2025-12.csv,,,,,,,,,,,,,,,,,,
24/12/2020,2025-12.csv,,,,,,,,,,,,,,,,,,
23/12/2009,2025-12.csv,,,,,,,,,,,,,,,,,,
22/07/2019,2025-12.csv,,,,,,,,,,,,,,,,,,
25/06/2025,2025-12.csv,,,,,,,,,,,,,,,,,,
04/08/2020,2025-12.csv,,,,,,,,,,,,,,,,,,
02/02/2017,2025-12.csv,,,,,,,,,,,,,,,,,,
04/11/2022,2025-12.csv,,,,,,,,,,,,,,,,,,
28/12/2021,2025-12.csv,,,,,,,,,,,,,,,,,,
26/03/2024,2025-12.csv,,,,,,,,,,,,,,,,,,
31/01/2022,2025-12.csv,,,,,,,,,,,,,,,,,,
04/08/2020,2025-12.csv,,,,,,,,,,,,,,,,,,
29/07/2022,2025-12.csv,,,,,,,,,,,,,,,,,,
16/04/2020,2025-12.csv,,,,,,,,,,,,,,,,,,
02/02/2021,2025-12.csv,,,,,,,,,,,,,,,,,,
22/05/2018,2025-12.csv,,,,,,,,,,,,,,,,,,
05/05/2022,2025-12.csv,,,,,,,,,,,,,,,,,,
04/05/2020,2025-12.csv,,,,,,,,,,,,,,,,,,
28/07/2021,2025-12.csv,,,,,,,,,,,,,,,,,,
29/05/2021,2025-12.csv,,,,,,,,,,,,,,,,,,
31/10/2022,2025-12.csv,,,,,,,,,,,,,,,,,,
04/11/2020,2025-12.csv,,,,,,,,,,,,,,,,,,
04/11/2019,2025-12.csv,,,,,,,,,,,,,,,,,,
05/07/2022,2025-12.csv,,,,,,,,,,,,,,,,,,
31/01/2023,2025-12.csv,,,,,,,,,,,,,,,,,,
28/11/2022,2025-12.csv,,,,,,,,,,,,,,,,,,
16/11/2018,2025-12.csv,,,,,,,,,,,,,,,,,,
29/07/2022,2025-12.csv,,,,,,,,,,,,,,,,,,
01/10/2020,2025-12.csv,,,,,,,,,,,,,,,,,,
29/01/2024,2025-12.csv,,,,,,,,,,,,,,,,,,
01/02/2019,2025-12.csv,,,,,,,,,,,,,,,,,,
10/07/2016,2025-12.csv,,,,,,,,,,,,,,,,,,
19/03/2024,2025-12.csv,,,,,,,,,,,,,,,,,,
16/04/2019,2025-12.csv,,,,,,,,,,,,,,,,,,
22/07/2022,2025-12.csv,,,,,,,,,,,,,,,,,,
22/06/2020,2025-12.csv,,,,,,,,,,,,,,,,,,
30/06/2020,2025-12.csv,,,,,,,,,,,,,,,,,,
17/09/2009,2025-12.csv,,,,,,,,,,,,,,,,,,
01/08/2024,2025-12.csv,,,,,,,,,,,,,,,,,,
01/03/2019,2025-12.csv,,,,,,,,,,,,,,,,,,
01/07/2017,2025-12.csv,,,,,,,,,,,,,,,,,,
17/09/2009,2025-12.csv,,,,,,,,,,,,,,,,,,
18/09/2019,2025-12.csv,,,,,,,,,,,,,,,,,,
28/12/2020,2025-12.csv,,,,,,,,,,,,,,,,,,
10/03/2021,2025-12.csv,,,,,,,,,,,,,,,,,,
01/10/2019,2025-12.csv,,,,,,,,,,,,,,,,,,
17/09/2009,2025-12.csv,,,,,,,,,,,,,,,,,,
29/09/2022,2025-12.csv,,,,,,,,,,,,,,,,,,
01/08/2020,2025-12.csv,,,,,,,,,,,,,,,,,,
30/09/2024,2025-12.csv,,,,,,,,,,,,,,,,,,
17/09/2009,2025-12.csv,,,,,,,,,,,,,,,,,,
17/09/2009,2025-12.csv,,,,,,,,,,,,,,,,,,
12/02/2024,2025-12.csv,,,,,,,,,,,,,,,,,,
17/09/2018,2025-12.csv,,,,,,,,,,,,,,,,,,
25/06/2018,2025-12.csv,,,,,,,,,,,,,,,,,,
28/03/2023,2025-12.csv,,,,,,,,,,,,,,,,,,
24/10/2018,2025-12.csv,,,,,,,,,,,,,,,,,,
17/09/2009,2025-12.csv,,,,,,,,,,,,,,,,,,
29/05/2025,2025-12.csv,,,,,,,,,,,,,,,,,,
29/05/2025,2025-12.csv,,,,,,,,,,,,,,,,,,
27/12/2023,2025-12.csv,,,,,,,,,,,,,,,,,,
29/05/2019,2025-12.csv,,,,,,,,,,,,,,,,,,
,2025-12.csv,,,,,,,,,,,,,,,,,,
21/07/2022,2025-12.csv,,,,,,,,,,,,,,,,,,
21/07/2022,2025-12.csv,,,,,,,,,,,,,,,,,,
21/07/2022,2025-12.csv,,,,,,,,,,,,,,,,,,
05/08/2023,2025-12.csv,,,,,,,,,,,,,,,,,,
21/07/2022,2025-12.csv,,,,,,,,,,,,,,,,,,
01/08/2023,2025-12.csv,,,,,,,,,,,,,,,,,,
27/07/2016,2025-12.csv,,,,,,,,,,,,,,,,,,
25/01/2017,2025-12.csv,,,,,,,,,,,,,,,,,,
11/12/2024,2025-12.csv,,,,,,,,,,,,,,,,,,
11/12/2024,2025-12.csv,,,,,,,,,,,,,,,,,,
,2025-12.csv,,,,,,,,,,,,,,,,,,
26/03/2021,2025-12.csv,,,,,,,,,,,,,,,,,,
08/03/2019,2025-12.csv,,,,,,,,,,,,,,,,,,
01/10/2020,2025-12.csv,,,,,,,,,,,,,,,,,,
27/02/2023,2025-12.csv,,,,,,,,,,,,,,,,,,
05/11/2024,2025-12.csv,,,,,,,,,,,,,,,,,,
25/06/2019,2025-12.csv,,,,,,,,,,,,,,,,,,
08/03/2019,2025-12.csv,,,,,,,,,,,,,,,,,,
28/04/2023,2025-12.csv,,,,,,,,,,,,,,,,,,
10/05/2022,2025-12.csv,,,,,,,,,,,,,,,,,,
29/08/2023,2025-12.csv,,,,,,,,,,,,,,,,,,
20/11/2020,2025-12.csv,,,,,,,,,,,,,,,,,,
28/10/2014,2025-12.csv,,,,,,,,,,,,,,,,,,
07/11/2017,2025-12.csv,,,,,,,,,,,,,,,,,,
30/01/2023,2025-12.csv,,,,,,,,,,,,,,,,,,
10/09/2014,2025-12.csv,,,,,,,,,,,,,,,,,,
30/03/2021,2025-12.csv,,,,,,,,,,,,,,,,,,
11/02/2021,2025-12.csv,,,,,,,,,,,,,,,,,,
03/03/2024,2025-12.csv,,,,,,,,,,,,,,,,,,
20/09/2024,2025-12.csv,,,,,,,,,,,,,,,,,,
09/09/2003,2025-12.csv,,,,,,,,,,,,,,,,,,
12/01/2023,2025-12.csv,,,,,,,,,,,,,,,,,,
25/08/2022,2025-12.csv,,,,,,,,,,,,,,,,,,
,2025-12.csv,,,,,,,,,,,,,,,,,,
08/03/2019,2025-12.csv,,,,,,,,,,,,,,,,,,
08/07/2006,2025-12.csv,,,,,,,,,,,,,,,,,,
21/08/2008,2025-12.csv,,,,,,,,,,,,,,,,,,
27/06/2017,2025-12.csv,,,,,,,,,,,,,,,,,,
29/05/2023,2025-12.csv,,,,,,,,,,,,,,,,,,
28/08/2024,2025-12.csv,,,,,,,,,,,,,,,,,,
30/03/2023,2025-12.csv,,,,,,,,,,,,,,,,,,
31/01/2022,2025-12.csv,,,,,,,,,,,,,,,,,,
28/06/2022,2025-12.csv,,,,,,,,,,,,,,,,,,
29/09/2022,2025-12.csv,,,,,,,,,,,,,,,,,,
31/12/2018,2025-12.csv,,,,,,,,,,,,,,,,,,
31/01/2022,2025-12.csv,,,,,,,,,,,,,,,,,,
04/07/2024,2025-12.csv,,,,,,,,,,,,,,,,,,
09/11/2012,2025-12.csv,,,,,,,,,,,,,,,,,,
20/12/2021,2025-12.csv,,,,,,,,,,,,,,,,,,
28/01/2019,2025-12.csv,,,,,,,,,,,,,,,,,,
07/12/2023,2025-12.csv,,,,,,,,,,,,,,,,,,
09/10/2017,2025-12.csv,,,,,,,,,,,,,,,,,,
01/04/2023,2025-12.csv,,,,,,,,,,,,,,,,,,
29/03/2023,2025-12.csv,,,,,,,,,,,,,,,,,,
12/09/2019,2025-12.csv,,,,,,,,,,,,,,,,,,
17/12/2018,2025-12.csv,,,,,,,,,,,,,,,,,,
,2025-12.csv,,,,,,,,,,,,,,,,,,
10/01/2019,2025-12.csv,,,,,,,,,,,,,,,,,,
28/02/2019,2025-12.csv,,,,,,,,,,,,,,,,,,
10/01/2019,2025-12.csv,,,,,,,,,,,,,,,,,,
17/12/2018,2025-12.csv,,,,,,,,,,,,,,,,,,
25/10/2016,2025-12.csv,,,,,,,,,,,,,,,,,,
11/09/2025,2025-12.csv,,,,,,,,,,,,,,,,,,
18/06/2022,2025-12.csv,,,,,,,,,,,,,,,,,,
13/06/2019,2025-12.csv,,,,,,,,,,,,,,,,,,
16/07/2019,2025-12.csv,,,,,,,,,,,,,,,,,,
10/12/2010,2025-12.csv,,,,,,,,,,,,,,,,,,
18/02/2015,2025-12.csv,,,,,,,,,,,,,,,,,,
18/02/2015,2025-12.csv,,,,,,,,,,,,,,,,,,
24/05/2018,2025-12.csv,,,,,,,,,,,,,,,,,,
28/10/2013,2025-12.csv,,,,,,,,,,,,,,,,,,
06/12/2017,2025-12.csv,,,,,,,,,,,,,,,,,,
22/02/2021,2025-12.csv,,,,,,,,,,,,,,,,,,
22/02/2021,2025-12.csv,,,,,,,,,,,,,,,,,,
26/08/2022,2025-12.csv,,,,,,,,,,,,,,,,,,
26/12/2008,2025-12.csv,,,,,,,,,,,,,,,,,,
13/08/2019,2025-12.csv,,,,,,,,,,,,,,,,,,
01/01/2018,2025-12.csv,,,,,,,,,,,,,,,,,,
03/01/2018,2025-12.csv,,,,,,,,,,,,,,,,,,
27/09/2017,2025-12.csv,,,,,,,,,,,,,,,,,,
,2025-12.csv,,,,,,,,,,,,,,,,,,
21/04/2017,2025-12.csv,,,,,,,,,,,,,,,,,,
30/09/2011,2025-12.csv,,,,,,,,,,,,,,,,,,
14/05/2018,2025-12.csv,,,,,,,,,,,,,,,,,,
11/11/2017,2025-12.csv,,,,,,,,,,,,,,,,,,
12/08/2021,2025-12.csv,,,,,,,,,,,,,,,,,,
19/05/2020,2025-12.csv,,,,,,,,,,,,,,,,,,
08/04/2021,2025-12.csv,,,,,,,,,,,,,,,,,,
06/03/2025,2025-12.csv,,,,,,,,,,,,,,,,,,
22/08/2022,2025-12.csv,,,,,,,,,,,,,,,,,,
12/09/2024,2025-12.csv,,,,,,,,,,,,,,,,,,
18/08/2023,2025-12.csv,,,,,,,,,,,,,,,,,,
06/04/2022,2025-12.csv,,,,,,,,,,,,,,,,,,
30/01/2020,2025-12.csv,,,,,,,,,,,,,,,,,,
18/09/2023,2025-12.csv,,,,,,,,,,,,,,,,,,
16/05/2024,2025-12.csv,,,,,,,,,,,,,,,,,,
28/06/2022,2025-12.csv,,,,,,,,,,,,,,,,,,
26/02/2021,2025-12.csv,,,,,,,,,,,,,,,,,,
03/09/2021,2025-12.csv,,,,,,,,,,,,,,,,,,
14/06/2022,2025-12.csv,,,,,,,,,,,,,,,,,,
17/06/2022,2025-12.csv,,,,,,,,,,,,,,,,,,
28/02/2022,2025-12.csv,,,,,,,,,,,,,,,,,,
13/06/2022,2025-12.csv,,,,,,,,,,,,,,,,,,
13/01/2006,2025-12.csv,,,,,,,,,,,,,,,,,,
15/03/2022,2025-12.csv,,,,,,,,,,,,,,,,,,
23/03/2022,2025-12.csv,,,,,,,,,,,,,,,,,,
15/03/2022,2025-12.csv,,,,,,,,,,,,,,,,,,
15/03/2022,2025-12.csv,,,,,,,,,,,,,,,,,,
29/03/2022,2025-12.csv,,,,,,,,,,,,,,,,,,
21/12/2022,2025-12.csv,,,,,,,,,,,,,,,,,,
21/12/2022,2025-12.csv,,,,,,,,,,,,,,,,,,
21/12/2022,2025-12.csv,,,,,,,,,,,,,,,,,,
21/12/2022,2025-12.csv,,,,,,,,,,,,,,,,,,
21/12/2022,2025-12.csv,,,,,,,,,,,,,,,,,,
21/12/2022,2025-12.csv,,,,,,,,,,,,,,,,,,
20/12/2022,2025-12.csv,,,,,,,,,,,,,,,,,,
21/01/2022,2025-12.csv,,,,,,,,,,,,,,,,,,
19/04/2022,2025-12.csv,,,,,,,,,,,,,,,,,,
29/12/2020,2025-12.csv,,,,,,,,,,,,,,,,,,
08/03/2022,2025-12.csv,,,,,,,,,,,,,,,,,,
21/04/2021,2025-12.csv,,,,,,,,,,,,,,,,,,
29/06/2022,2025-12.csv,,,,,,,,,,,,,,,,,,
05/08/2021,2025-12.csv,,,,,,,,,,,,,,,,,,
22/03/2024,2025-12.csv,,,,,,,,,,,,,,,,,,
21/11/2019,2025-12.csv,,,,,,,,,,,,,,,,,,
10/01/2018,2025-12.csv,,,,,,,,,,,,,,,,,,
03/03/2020,2025-12.csv,,,,,,,,,,,,,,,,,,
01/03/2017,2025-12.csv,,,,,,,,,,,,,,,,,,
15/05/2023,2025-12.csv,,,,,,,,,,,,,,,,,,
12/07/2023,2025-12.csv,,,,,,,,,,,,,,,,,,
19/05/2021,2025-12.csv,,,,,,,,,,,,,,,,,,
09/11/2022,2025-12.csv,,,,,,,,,,,,,,,,,,
19/06/2024,2025-12.csv,,,,,,,,,,,,,,,,,,
23/09/2021,2025-12.csv,,,,,,,,,,,,,,,,,,
27/06/2019,2025-12.csv,,,,,,,,,,,,,,,,,,
31/01/2022,2025-12.csv,,,,,,,,,,,,,,,,,,
01/03/2023,2025-12.csv,,,,,,,,,,,,,,,,,,
22/12/2020,2025-12.csv,,,,,,,,,,,,,,,,,,
31/01/2022,2025-12.csv,,,,,,,,,,,,,,,,,,
26/05/2023,2025-12.csv,,,,,,,,,,,,,,,,,,
31/07/2020,2025-12.csv,,,,,,,,,,,,,,,,,,
30/08/2022,2025-12.csv,,,,,,,,,,,,,,,,,,
28/03/2016,2025-12.csv,,,,,,,,,,,,,,,,,,
22/06/2009,2025-12.csv,,,,,,,,,,,,,,,,,,
09/02/2023,2025-12.csv,,,,,,,,,,,,,,,,,,
22/01/2024,2025-12.csv,,,,,,,,,,,,,,,,,,
22/12/2015,2025-12.csv,,,,,,,,,,,,,,,,,,
16/12/2024,2025-12.csv,,,,,,,,,,,,,,,,,,
07/07/2011,2025-12.csv,,,,,,,,,,,,,,,,,,
29/06/2022,2025-12.csv,,,,,,,,,,,,,,,,,,
15/06/2020,2025-12.csv,,,,,,,,,,,,,,,,,,
01/04/2020,2025-12.csv,,,,,,,,,,,,,,,,,,
27/07/2020,2025-12.csv,,,,,,,,,,,,,,,,,,
01/07/2021,2025-12.csv,,,,,,,,,,,,,,,,,,
10/11/2022,2025-12.csv,,,,,,,,,,,,,,,,,,
21/09/2020,2025-12.csv,,,,,,,,,,,,,,,,,,
27/01/2023,2025-12.csv,,,,,,,,,,,,,,,,,,
18/12/2024,2025-12.csv,,,,,,,,,,,,,,,,,,
15/05/2023,2025-12.csv,,,,,,,,,,,,,,,,,,
16/03/2022,2025-12.csv,,,,,,,,,,,,,,,,,,
12/04/2023,2025-12.csv,,,,,,,,,,,,,,,,,,
30/10/2023,2025-12.csv,,,,,,,,,,,,,,,,,,
05/03/2019,2025-12.csv,,,,,,,,,,,,,,,,,,
05/09/2024,2025-12.csv,,,,,,,,,,,,,,,,,,
20/06/2024,2025-12.csv,,,,,,,,,,,,,,,,,,
23/04/2021,2025-12.csv,,,,,,,,,,,,,,,,,,
23/02/2017,2025-12.csv,,,,,,,,,,,,,,,,,,
13/08/2021,2025-12.csv,,,,,,,,,,,,,,,,,,
01/03/2023,2025-12.csv,,,,,,,,,,,,,,,,,,
27/05/2022,2025-12.csv,,,,,,,,,,,,,,,,,,
19/04/2022,2025-12.csv,,,,,,,,,,,,,,,,,,
30/11/2022,2025-12.csv,,,,,,,,,,,,,,,,,,
31/01/2022,2025-12.csv,,,,,,,,,,,,,,,,,,
27/10/2023,2025-12.csv,,,,,,,,,,,,,,,,,,
19/12/2023,2025-12.csv,,,,,,,,,,,,,,,,,,
08/11/2021,2025-12.csv,,,,,,,,,,,,,,,,,,
30/09/2024,2025-12.csv,,,,,,,,,,,,,,,,,,
21/06/2021,2025-12.csv,,,,,,,,,,,,,,,,,,
11/09/2024,2025-12.csv,,,,,,,,,,,,,,,,,,
22/05/2018,2025-12.csv,,,,,,,,,,,,,,,,,,
27/02/2018,2025-12.csv,,,,,,,,,,,,,,,,,,
19/04/2023,2025-12.csv,,,,,,,,,,,,,,,,,,
11/04/2023,2025-12.csv,,,,,,,,,,,,,,,,,,
11/07/2013,2025-12.csv,,,,,,,,,,,,,,,,,,
12/09/2022,2025-12.csv,,,,,,,,,,,,,,,,,,
03/10/2024,2025-12.csv,,,,,,,,,,,,,,,,,,
14/09/2015,2025-12.csv,,,,,,,,,,,,,,,,,,
30/05/2017,2025-12.csv,,,,,,,,,,,,,,,,,,
07/03/2016,2025-12.csv,,,,,,,,,,,,,,,,,,
04/09/2015,2025-12.csv,,,,,,,,,,,,,,,,,,
30/09/2022,2025-12.csv,,,,,,,,,,,,,,,,,,
30/09/2022,2025-12.csv,,,,,,,,,,,,,,,,,,
15/09/2022,2025-12.csv,,,,,,,,,,,,,,,,,,
03/02/2023,2025-12.csv,,,,,,,,,,,,,,,,,,
08/12/2022,2025-12.csv,,,,,,,,,,,,,,,,,,
12/09/2022,2025-12.csv,,,,,,,,,,,,,,,,,,
20/04/2017,2025-12.csv,,,,,,,,,,,,,,,,,,
01/06/2022,2025-12.csv,,,,,,,,,,,,,,,,,,
01/01/1999,2025-12.csv,,,,,,,,,,,,,,,,,,
19/02/2024,2025-12.csv,,,,,,,,,,,,,,,,,,
01/04/2019,2025-12.csv,,,,,,,,,,,,,,,,,,
01/04/2019,2025-12.csv,,,,,,,,,,,,,,,,,,
31/03/2013,2025-12.csv,,,,,,,,,,,,,,,,,,
25/10/2023,2025-12.csv,,,,,,,,,,,,,,,,,,
29/06/2018,2025-12.csv,,,,,,,,,,,,,,,,,,
25/05/2023,2025-12.csv,,,,,,,,,,,,,,,,,,
25/10/2024,2025-12.csv,,,,,,,,,,,,,,,,,,
19/08/2024,2025-12.csv,,,,,,,,,,,,,,,,,,
04/10/2013,2025-12.csv,,,,,,,,,,,,,,,,,,
03/10/2018,2025-12.csv,,,,,,,,,,,,,,,,,,
01/04/2019,2025-12.csv,,,,,,,,,,,,,,,,,,
21/10/2020,2025-12.csv,,,,,,,,,,,,,,,,,,
20/02/2018,2025-12.csv,,,,,,,,,,,,,,,,,,
19/08/2024,2025-12.csv,,,,,,,,,,,,,,,,,,
01/01/2019,2025-12.csv,,,,,,,,,,,,,,,,,,
31/03/2016,2025-12.csv,,,,,,,,,,,,,,,,,,
15/03/2010,2025-12.csv,,,,,,,,,,,,,,,,,,
07/10/2022,2025-12.csv,,,,,,,,,,,,,,,,,,
07/09/2020,2025-12.csv,,,,,,,,,,,,,,,,,,
05/10/2015,2025-12.csv,,,,,,,,,,,,,,,,,,
11/07/2020,2025-12.csv,,,,,,,,,,,,,,,,,,
31/03/2009,2025-12.csv,,,,,,,,,,,,,,,,,,
01/03/2018,2025-12.csv,,,,,,,,,,,,,,,,,,
01/02/2023,2025-12.csv,,,,,,,,,,,,,,,,,,
01/06/2022,2025-12.csv,,,,,,,,,,,,,,,,,,
30/01/2014,2025-12.csv,,,,,,,,,,,,,,,,,,
19/08/2024,2025-12.csv,,,,,,,,,,,,,,,,,,
10/11/2017,2025-12.csv,,,,,,,,,,,,,,,,,,
15/02/2018,2025-12.csv,,,,,,,,,,,,,,,,,,
09/09/2024,2025-12.csv,,,,,,,,,,,,,,,,,,
31/03/2013,2025-12.csv,,,,,,,,,,,,,,,,,,
19/11/2008,2025-12.csv,,,,,,,,,,,,,,,,,,
25/08/2023,2025-12.csv,,,,,,,,,,,,,,,,,,
05/12/2017,2025-12.csv,,,,,,,,,,,,,,,,,,
29/12/2010,2025-12.csv,,,,,,,,,,,,,,,,,,
07/06/2024,2025-12.csv,,,,,,,,,,,,,,,,,,
01/03/2019,2025-12.csv,,,,,,,,,,,,,,,,,,
31/05/2022,2025-12.csv,,,,,,,,,,,,,,,,,,
11/11/2022,2025-12.csv,,,,,,,,,,,,,,,,,,
,2025-12.csv,,,,,,,,,,,,,,,,,,
15/07/2009,2025-12.csv,,,,,,,,,,,,,,,,,,
05/12/2025,2025-12.csv,,,,,,,,,,,,,,,,,,
28/02/2008,2025-12.csv,,,,,,,,,,,,,,,,,,
01/01/2023,2025-12.csv,,,,,,,,,,,,,,,,,,
23/08/2023,2025-12.csv,,,,,,,,,,,,,,,,,,
31/03/2022,2025-12.csv,,,,,,,,,,,,,,,,,,
31/01/2019,2025-12.csv,,,,,,,,,,,,,,,,,,
26/08/2015,2025-12.csv,,,,,,,,,,,,,,,,,,
30/01/2025,2025-12.csv,,,,,,,,,,,,,,,,,,
28/08/2023,2025-12.csv,,,,,,,,,,,,,,,,,,
29/03/2023,2025-12.csv,,,,,,,,,,,,,,,,,,
19/02/2024,2025-12.csv,,,,,,,,,,,,,,,,,,
25/08/2023,2025-12.csv,,,,,,,,,,,,,,,,,,
06/12/2023,2025-12.csv,,,,,,,,,,,,,,,,,,
21/11/2022,2025-12.csv,,,,,,,,,,,,,,,,,,
04/10/2017,2025-12.csv,,,,,,,,,,,,,,,,,,
25/08/2023,2025-12.csv,,,,,,,,,,,,,,,,,,
31/03/2016,2025-12.csv,,,,,,,,,,,,,,,,,,
31/03/2016,2025-12.csv,,,,,,,,,,,,,,,,,,
20/02/2013,2025-12.csv,,,,,,,,,,,,,,,,,,
08/12/2015,2025-12.csv,,,,,,,,,,,,,,,,,,
12/09/2022,2025-12.csv,,,,,,,,,,,,,,,,,,
19/08/2022,2025-12.csv,,,,,,,,,,,,,,,,,,
02/09/2016,2025-12.csv,,,,,,,,,,,,,,,,,,
15/03/2010,2025-12.csv,,,,,,,,,,,,,,,,,,
03/04/2023,2025-12.csv,,,,,,,,,,,,,,,,,,
19/08/2002,2025-12.csv,,,,,,,,,,,,,,,,,,
11/04/2023,2025-12.csv,,,,,,,,,,,,,,,,,,
19/04/2023,2025-12.csv,,,,,,,,,,,,,,,,,,
02/09/2025,2025-12.csv,,,,,,,,,,,,,,,,,,
01/04/2013,2025-12.csv,,,,,,,,,,,,,,,,,,
09/09/2022,2025-12.csv,,,,,,,,,,,,,,,,,,
01/07/2011,2025-12.csv,,,,,,,,,,,,,,,,,,
05/04/2014,2025-12.csv,,,,,,,,,,,,,,,,,,
29/01/2018,2025-12.csv,,,,,,,,,,,,,,,,,,
14/10/2025,2025-12.csv,,,,,,,,,,,,,,,,,,
09/04/2025,2025-12.csv,,,,,,,,,,,,,,,,,,
01/03/2023,2025-12.csv,,,,,,,,,,,,,,,,,,
25/08/2023,2025-12.csv,,,,,,,,,,,,,,,,,,
01/04/2019,2025-12.csv,,,,,,,,,,,,,,,,,,
27/07/2023,2025-12.csv,,,,,,,,,,,,,,,,,,
31/03/2017,2025-12.csv,,,,,,,,,,,,,,,,,,
30/09/2020,2025-12.csv,,,,,,,,,,,,,,,,,,
31/03/2011,2025-12.csv,,,,,,,,,,,,,,,,,,
05/10/2007,2025-12.csv,,,,,,,,,,,,,,,,,,
13/09/2018,2025-12.csv,,,,,,,,,,,,,,,,,,
31/03/2010,2025-12.csv,,,,,,,,,,,,,,,,,,
20/07/2015,2025-12.csv,,,,,,,,,,,,,,,,,,
01/04/2014,2025-12.csv,,,,,,,,,,,,,,,,,,
21/08/2019,2025-12.csv,,,,,,,,,,,,,,,,,,
02/09/2016,2025-12.csv,,,,,,,,,,,,,,,,,,
08/12/2015,2025-12.csv,,,,,,,,,,,,,,,,,,
10/11/2017,2025-12.csv,,,,,,,,,,,,,,,,,,
18/11/2015,2025-12.csv,,,,,,,,,,,,,,,,,,
21/08/2015,2025-12.csv,,,,,,,,,,,,,,,,,,
18/02/2018,2025-12.csv,,,,,,,,,,,,,,,,,,
04/07/2017,2025-12.csv,,,,,,,,,,,,,,,,,,
14/03/2023,2025-12.csv,,,,,,,,,,,,,,,,,,
30/09/2016,2025-12.csv,,,,,,,,,,,,,,,,,,
01/03/2018,2025-12.csv,,,,,,,,,,,,,,,,,,
05/10/2021,2025-12.csv,,,,,,,,,,,,,,,,,,
08/09/2016,2025-12.csv,,,,,,,,,,,,,,,,,,
31/03/2013,2025-12.csv,,,,,,,,,,,,,,,,,,
28/06/2010,2025-12.csv,,,,,,,,,,,,,,,,,,
05/03/2010,2025-12.csv,,,,,,,,,,,,,,,,,,
27/01/2014,2025-12.csv,,,,,,,,,,,,,,,,,,
28/07/2015,2025-12.csv,,,,,,,,,,,,,,,,,,
26/08/2022,2025-12.csv,,,,,,,,,,,,,,,,,,
02/06/2016,2025-12.csv,,,,,,,,,,,,,,,,,,
31/03/2016,2025-12.csv,,,,,,,,,,,,,,,,,,
19/09/2017,2025-12.csv,,,,,,,,,,,,,,,,,,
31/03/2013,2025-12.csv,,,,,,,,,,,,,,,,,,
20/04/2019,2025-12.csv,,,,,,,,,,,,,,,,,,
05/09/2016,2025-12.csv,,,,,,,,,,,,,,,,,,
11/04/2025,2025-12.csv,,,,,,,,,,,,,,,,,,
05/03/2016,2025-12.csv,,,,,,,,,,,,,,,,,,
13/09/2018,2025-12.csv,,,,,,,,,,,,,,,,,,
31/03/1994,2025-12.csv,,,,,,,,,,,,,,,,,,
24/06/2025,2025-12.csv,,,,,,,,,,,,,,,,,,
04/11/2004,2025-12.csv,,,,,,,,,,,,,,,,,,
08/12/2015,2025-12.csv,,,,,,,,,,,,,,,,,,
14/07/2023,2025-12.csv,,,,,,,,,,,,,,,,,,
31/03/2009,2025-12.csv,,,,,,,,,,,,,,,,,,
03/04/2023,2025-12.csv,,,,,,,,,,,,,,,,,,
01/01/2014,2025-12.csv,,,,,,,,,,,,,,,,,,
16/05/2016,2025-12.csv,,,,,,,,,,,,,,,,,,
22/03/2017,2025-12.csv,,,,,,,,,,,,,,,,,,
24/01/2007,2025-12.csv,,,,,,,,,,,,,,,,,,
27/08/2021,2025-12.csv,,,,,,,,,,,,,,,,,,
01/03/2019,2025-12.csv,,,,,,,,,,,,,,,,,,
19/02/2024,2025-12.csv,,,,,,,,,,,,,,,,,,
19/02/2024,2025-12.csv,,,,,,,,,,,,,,,,,,
12/09/2022,2025-12.csv,,,,,,,,,,,,,,,,,,
16/07/2016,2025-12.csv,,,,,,,,,,,,,,,,,,
13/09/2018,2025-12.csv,,,,,,,,,,,,,,,,,,
01/04/2012,2025-12.csv,,,,,,,,,,,,,,,,,,
11/12/2015,2025-12.csv,,,,,,,,,,,,,,,,,,
17/01/2017,2025-12.csv,,,,,,,,,,,,,,,,,,
01/09/2012,2025-12.csv,,,,,,,,,,,,,,,,,,
08/12/2015,2025-12.csv,,,,,,,,,,,,,,,,,,
25/08/2023,2025-12.csv,,,,,,,,,,,,,,,,,,
25/09/2019,2025-12.csv,,,,,,,,,,,,,,,,,,
01/04/2019,2025-12.csv,,,,,,,,,,,,,,,,,,
09/05/2008,2025-12.csv,,,,,,,,,,,,,,,,,,
30/11/2016,2025-12.csv,,,,,,,,,,,,,,,,,,
31/03/2015,2025-12.csv,,,,,,,,,,,,,,,,,,
09/02/2011,2025-12.csv,,,,,,,,,,,,,,,,,,
01/03/2018,2025-12.csv,,,,,,,,,,,,,,,,,,
17/05/2022,2025-12.csv,,,,,,,,,,,,,,,,,,
31/03/2012,2025-12.csv,,,,,,,,,,,,,,,,,,
24/07/2008,2025-12.csv,,,,,,,,,,,,,,,,,,
01/10/2019,2025-12.csv,,,,,,,,,,,,,,,,,,
31/03/1983,2025-12.csv,,,,,,,,,,,,,,,,,,
07/03/2019,2025-12.csv,,,,,,,,,,,,,,,,,,
10/03/2019,2025-12.csv,,,,,,,,,,,,,,,,,,
,2025-12.csv,,,,,,,,,,,,,,,,,,
17/10/2022,2025-12.csv,,,,,,,,,,,,,,,,,,
01/02/2023,2025-12.csv,,,,,,,,,,,,,,,,,,
01/09/2019,2025-12.csv,,,,,,,,,,,,,,,,,,
01/09/2019,2025-12.csv,,,,,,,,,,,,,,,,,,
19/08/2024,2025-12.csv,,,,,,,,,,,,,,,,,,
19/06/2012,2025-12.csv,,,,,,,,,,,,,,,,,,
31/03/2008,2025-12.csv,,,,,,,,,,,,,,,,,,
01/04/2017,2025-12.csv,,,,,,,,,,,,,,,,,,
07/10/2021,2025-12.csv,,,,,,,,,,,,,,,,,,
02/11/2010,2025-12.csv,,,,,,,,,,,,,,,,,,
01/06/2020,2025-12.csv,,,,,,,,,,,,,,,,,,
31/08/2023,2025-12.csv,,,,,,,,,,,,,,,,,,
29/06/2018,2025-12.csv,,,,,,,,,,,,,,,,,,
01/05/2022,2025-12.csv,,,,,,,,,,,,,,,,,,
15/11/2007,2025-12.csv,,,,,,,,,,,,,,,,,,
31/03/2014,2025-12.csv,,,,,,,,,,,,,,,,,,
08/04/2025,2025-12.csv,,,,,,,,,,,,,,,,,,
21/11/2022,2025-12.csv,,,,,,,,,,,,,,,,,,
08/08/2022,2025-12.csv,,,,,,,,,,,,,,,,,,
10/06/2016,2025-12.csv,,,,,,,,,,,,,,,,,,
13/02/2024,2025-12.csv,,,,,,,,,,,,,,,,,,
01/02/2023,2025-12.csv,,,,,,,,,,,,,,,,,,
24/11/2024,2025-12.csv,,,,,,,,,,,,,,,,,,
01/07/2016,2025-12.csv,,,,,,,,,,,,,,,,,,
07/10/2021,2025-12.csv,,,,,,,,,,,,,,,,,,
08/09/2016,2025-12.csv,,,,,,,,,,,,,,,,,,
31/03/2001,2025-12.csv,,,,,,,,,,,,,,,,,,
31/03/2016,2025-12.csv,,,,,,,,,,,,,,,,,,
19/10/2015,2025-12.csv,,,,,,,,,,,,,,,,,,
01/04/2008,2025-12.csv,,,,,,,,,,,,,,,,,,
31/03/2008,2025-12.csv,,,,,,,,,,,,,,,,,,
24/01/2023,2025-12.csv,,,,,,,,,,,,,,,,,,
25/05/2022,2025-12.csv,,,,,,,,,,,,,,,,,,
28/04/2023,2025-12.csv,,,,,,,,,,,,,,,,,,
24/01/2023,2025-12.csv,,,,,,,,,,,,,,,,,,
01/04/2016,2025-12.csv,,,,,,,,,,,,,,,,,,
01/02/2023,2025-12.csv,,,,,,,,,,,,,,,,,,
10/11/2016,2025-12.csv,,,,,,,,,,,,,,,,,,
19/01/2023,2025-12.csv,,,,,,,,,,,,,,,,,,
24/01/2024,2025-12.csv,,,,,,,,,,,,,,,,,,
01/03/2018,2025-12.csv,,,,,,,,,,,,,,,,,,
02/08/2019,2025-12.csv,,,,,,,,,,,,,,,,,,
10/08/2017,2025-12.csv,,,,,,,,,,,,,,,,,,
15/12/2023,2025-12.csv,,,,,,,,,,,,,,,,,,
18/11/2015,2025-12.csv,,,,,,,,,,,,,,,,,,
03/02/2023,2025-12.csv,,,,,,,,,,,,,,,,,,
01/05/2022,2025-12.csv,,,,,,,,,,,,,,,,,,
11/09/2024,2025-12.csv,,,,,,,,,,,,,,,,,,
01/11/2015,2025-12.csv,,,,,,,,,,,,,,,,,,
19/02/2024,2025-12.csv,,,,,,,,,,,,,,,,,,
01/12/2022,2025-12.csv,,,,,,,,,,,,,,,,,,
04/03/2024,2025-12.csv,,,,,,,,,,,,,,,,,,
19/09/2019,2025-12.csv,,,,,,,,,,,,,,,,,,
30/10/2009,2025-12.csv,,,,,,,,,,,,,,,,,,
29/08/2018,2025-12.csv,,,,,,,,,,,,,,,,,,
06/10/2022,2025-12.csv,,,,,,,,,,,,,,,,,,
31/03/2004,2025-12.csv,,,,,,,,,,,,,,,,,,
31/03/2001,2025-12.csv,,,,,,,,,,,,,,,,,,
21/07/2022,2025-12.csv,,,,,,,,,,,,,,,,,,
16/09/2016,2025-12.csv,,,,,,,,,,,,,,,,,,
24/11/2016,2025-12.csv,,,,,,,,,,,,,,,,,,
21/07/2008,2025-12.csv,,,,,,,,,,,,,,,,,,
17/04/2025,2025-12.csv,,,,,,,,,,,,,,,,,,
28/08/2017,2025-12.csv,,,,,,,,,,,,,,,,,,
29/10/2013,2025-12.csv,,,,,,,,,,,,,,,,,,
24/10/2024,2025-12.csv,,,,,,,,,,,,,,,,,,
22/04/2016,2025-12.csv,,,,,,,,,,,,,,,,,,
24/08/2016,2025-12.csv,,,,,,,,,,,,,,,,,,
10/06/2016,2025-12.csv,,,,,,,,,,,,,,,,,,
17/05/2017,2025-12.csv,,,,,,,,,,,,,,,,,,
20/12/2017,2025-12.csv,,,,,,,,,,,,,,,,,,
28/02/2008,2025-12.csv,,,,,,,,,,,,,,,,,,
25/08/2023,2025-12.csv,,,,,,,,,,,,,,,,,,
01/04/2019,2025-12.csv,,,,,,,,,,,,,,,,,,
30/12/2020,2025-12.csv,,,,,,,,,,,,,,,,,,
30/12/2020,2025-12.csv,,,,,,,,,,,,,,,,,,
07/11/2019,2025-12.csv,,,,,,,,,,,,,,,,,,
19/07/2021,2025-12.csv,,,,,,,,,,,,,,,,,,
05/07/2016,2025-12.csv,,,,,,,,,,,,,,,,,,
29/02/2016,2025-12.csv,,,,,,,,,,,,,,,,,,
07/11/2022,2025-12.csv,,,,,,,,,,,,,,,,,,
25/08/2022,2025-12.csv,,,,,,,,,,,,,,,,,,
12/10/2022,2025-12.csv,,,,,,,,,,,,,,,,,,
13/03/2018,2025-12.csv,,,,,,,,,,,,,,,,,,
23/01/2018,2025-12.csv,,,,,,,,,,,,,,,,,,
15/02/2021,2025-12.csv,,,,,,,,,,,,,,,,,,
17/04/2022,2025-12.csv,,,,,,,,,,,,,,,,,,
24/08/2023,2025-12.csv,,,,,,,,,,,,,,,,,,
11/10/2022,2025-12.csv,,,,,,,,,,,,,,,,,,
14/10/2022,2025-12.csv,,,,,,,,,,,,,,,,,,
31/03/2023,2025-12.csv,,,,,,,,,,,,,,,,,,
07/03/2023,2025-12.csv,,,,,,,,,,,,,,,,,,
26/10/2017,2025-12.csv,,,,,,,,,,,,,,,,,,
12/01/2016,2025-12.csv,,,,,,,,,,,,,,,,,,
31/03/2016,2025-12.csv,,,,,,,,,,,,,,,,,,
31/03/2023,2025-12.csv,,,,,,,,,,,,,,,,,,
24/06/2020,2025-12.csv,,,,,,,,,,,,,,,,,,
31/03/2015,2025-12.csv,,,,,,,,,,,,,,,,,,
14/01/2016,2025-12.csv,,,,,,,,,,,,,,,,,,
28/02/2023,2025-12.csv,,,,,,,,,,,,,,,,,,
29/06/2022,2025-12.csv,,,,,,,,,,,,,,,,,,
30/07/2021,2025-12.csv,,,,,,,,,,,,,,,,,,
15/11/2021,2025-12.csv,,,,,,,,,,,,,,,,,,
27/12/2021,2025-12.csv,,,,,,,,,,,,,,,,,,
11/10/2022,2025-12.csv,,,,,,,,,,,,,,,,,,
04/03/2022,2025-12.csv,,,,,,,,,,,,,,,,,,
22/02/2022,2025-12.csv,,,,,,,,,,,,,,,,,,
25/02/2021,2025-12.csv,,,,,,,,,,,,,,,,,,
20/10/2021,2025-12.csv,,,,,,,,,,,,,,,,,,
15/10/2021,2025-12.csv,,,,,,,,,,,,,,,,,,
25/12/2021,2025-12.csv,,,,,,,,,,,,,,,,,,
03/10/2022,2025-12.csv,,,,,,,,,,,,,,,,,,
29/09/2020,2025-12.csv,,,,,,,,,,,,,,,,,,
30/03/2022,2025-12.csv,,,,,,,,,,,,,,,,,,
07/01/2022,2025-12.csv,,,,,,,,,,,,,,,,,,
28/02/2023,2025-12.csv,,,,,,,,,,,,,,,,,,
12/11/2021,2025-12.csv,,,,,,,,,,,,,,,,,,
01/02/2022,2025-12.csv,,,,,,,,,,,,,,,,,,
02/02/2022,2025-12.csv,,,,,,,,,,,,,,,,,,
24/08/2022,2025-12.csv,,,,,,,,,,,,,,,,,,
04/11/2022,2025-12.csv,,,,,,,,,,,,,,,,,,
05/12/2021,2025-12.csv,,,,,,,,,,,,,,,,,,
31/03/2022,2025-12.csv,,,,,,,,,,,,,,,,,,
06/02/2021,2025-12.csv,,,,,,,,,,,,,,,,,,
27/12/2021,2025-12.csv,,,,,,,,,,,,,,,,,,
23/12/2020,2025-12.csv,,,,,,,,,,,,,,,,,,
23/12/2020,2025-12.csv,,,,,,,,,,,,,,,,,,
19/09/2022,2025-12.csv,,,,,,,,,,,,,,,,,,
19/08/2020,2025-12.csv,,,,,,,,,,,,,,,,,,
18/09/2019,2025-12.csv,,,,,,,,,,,,,,,,,,
18/09/2019,2025-12.csv,,,,,,,,,,,,,,,,,,
06/09/2022,2025-12.csv,,,,,,,,,,,,,,,,,,
16/08/2021,2025-12.csv,,,,,,,,,,,,,,,,,,
22/01/2019,2025-12.csv,,,,,,,,,,,,,,,,,,
18/03/2021,2025-12.csv,,,,,,,,,,,,,,,,,,
21/10/2021,2025-12.csv,,,,,,,,,,,,,,,,,,
25/02/2022,2025-12.csv,,,,,,,,,,,,,,,,,,
20/03/2023,2025-12.csv,,,,,,,,,,,,,,,,,,
21/01/2021,2025-12.csv,,,,,,,,,,,,,,,,,,
26/11/2021,2025-12.csv,,,,,,,,,,,,,,,,,,
21/03/2022,2025-12.csv,,,,,,,,,,,,,,,,,,
19/07/2021,2025-12.csv,,,,,,,,,,,,,,,,,,
22/01/2021,2025-12.csv,,,,,,,,,,,,,,,,,,
09/11/2022,2025-12.csv,,,,,,,,,,,,,,,,,,
23/02/2022,2025-12.csv,,,,,,,,,,,,,,,,,,
22/01/2019,2025-12.csv,,,,,,,,,,,,,,,,,,
06/12/2018,2025-12.csv,,,,,,,,,,,,,,,,,,
31/03/2022,2025-12.csv,,,,,,,,,,,,,,,,,,
11/02/2021,2025-12.csv,,,,,,,,,,,,,,,,,,
24/03/2018,2025-12.csv,,,,,,,,,,,,,,,,,,
28/02/2022,2025-12.csv,,,,,,,,,,,,,,,,,,
04/03/2020,2025-12.csv,,,,,,,,,,,,,,,,,,
11/03/2022,2025-12.csv,,,,,,,,,,,,,,,,,,
21/01/2021,2025-12.csv,,,,,,,,,,,,,,,,,,
30/03/2022,2025-12.csv,,,,,,,,,,,,,,,,,,
08/02/2022,2025-12.csv,,,,,,,,,,,,,,,,,,
11/02/2022,2025-12.csv,,,,,,,,,,,,,,,,,,
05/03/2021,2025-12.csv,,,,,,,,,,,,,,,,,,
13/10/2016,2025-12.csv,,,,,,,,,,,,,,,,,,
24/03/2021,2025-12.csv,,,,,,,,,,,,,,,,,,
,2025-12.csv,,,,,,,,,,,,,,,,,,
24/12/2021,2025-12.csv,,,,,,,,,,,,,,,,,,
04/03/2022,2025-12.csv,,,,,,,,,,,,,,,,,,
13/07/2021,2025-12.csv,,,,,,,,,,,,,,,,,,
25/02/2022,2025-12.csv,,,,,,,,,,,,,,,,,,
24/08/2023,2025-12.csv,,,,,,,,,,,,,,,,,,
29/03/2023,2025-12.csv,,,,,,,,,,,,,,,,,,
20/10/2021,2025-12.csv,,,,,,,,,,,,,,,,,,
02/03/2021,2025-12.csv,,,,,,,,,,,,,,,,,,
07/10/2021,2025-12.csv,,,,,,,,,,,,,,,,,,
05/10/2021,2025-12.csv,,,,,,,,,,,,,,,,,,
13/07/2021,2025-12.csv,,,,,,,,,,,,,,,,,,
18/01/2018,2025-12.csv,,,,,,,,,,,,,,,,,,
21/02/2023,2025-12.csv,,,,,,,,,,,,,,,,,,
15/02/2023,2025-12.csv,,,,,,,,,,,,,,,,,,
24/02/2023,2025-12.csv,,,,,,,,,,,,,,,,,,
18/03/2021,2025-12.csv,,,,,,,,,,,,,,,,,,
11/03/2021,2025-12.csv,,,,,,,,,,,,,,,,,,
23/06/2022,2025-12.csv,,,,,,,,,,,,,,,,,,
03/01/2023,2025-12.csv,,,,,,,,,,,,,,,,,,
18/02/2022,2025-12.csv,,,,,,,,,,,,,,,,,,
03/01/2023,2025-12.csv,,,,,,,,,,,,,,,,,,
22/06/2022,2025-12.csv,,,,,,,,,,,,,,,,,,
03/01/2023,2025-12.csv,,,,,,,,,,,,,,,,,,
12/12/2022,2025-12.csv,,,,,,,,,,,,,,,,,,
15/02/2023,2025-12.csv,,,,,,,,,,,,,,,,,,
04/02/2022,2025-12.csv,,,,,,,,,,,,,,,,,,
30/07/2020,2025-12.csv,,,,,,,,,,,,,,,,,,
24/06/2021,2025-12.csv,,,,,,,,,,,,,,,,,,
10/02/2021,2025-12.csv,,,,,,,,,,,,,,,,,,
31/03/2021,2025-12.csv,,,,,,,,,,,,,,,,,,
30/03/2021,2025-12.csv,,,,,,,,,,,,,,,,,,
27/09/2022,2025-12.csv,,,,,,,,,,,,,,,,,,
29/12/2021,2025-12.csv,,,,,,,,,,,,,,,,,,
12/11/2021,2025-12.csv,,,,,,,,,,,,,,,,,,
20/01/2022,2025-12.csv,,,,,,,,,,,,,,,,,,
20/12/2021,2025-12.csv,,,,,,,,,,,,,,,,,,
26/08/2021,2025-12.csv,,,,,,,,,,,,,,,,,,
03/09/2021,2025-12.csv,,,,,,,,,,,,,,,,,,
29/12/2021,2025-12.csv,,,,,,,,,,,,,,,,,,
11/03/2020,2025-12.csv,,,,,,,,,,,,,,,,,,
11/02/2021,2025-12.csv,,,,,,,,,,,,,,,,,,
08/06/2021,2025-12.csv,,,,,,,,,,,,,,,,,,
07/01/2022,2025-12.csv,,,,,,,,,,,,,,,,,,
03/06/2021,2025-12.csv,,,,,,,,,,,,,,,,,,
10/02/2021,2025-12.csv,,,,,,,,,,,,,,,,,,
14/10/2020,2025-12.csv,,,,,,,,,,,,,,,,,,
02/06/2020,2025-12.csv,,,,,,,,,,,,,,,,,,
27/12/2021,2025-12.csv,,,,,,,,,,,,,,,,,,
05/03/2021,2025-12.csv,,,,,,,,,,,,,,,,,,
19/05/2020,2025-12.csv,,,,,,,,,,,,,,,,,,
22/12/2021,2025-12.csv,,,,,,,,,,,,,,,,,,
22/12/2021,2025-12.csv,,,,,,,,,,,,,,,,,,
09/11/2021,2025-12.csv,,,,,,,,,,,,,,,,,,
10/02/2021,2025-12.csv,,,,,,,,,,,,,,,,,,
24/02/2022,2025-12.csv,,,,,,,,,,,,,,,,,,
10/02/2021,2025-12.csv,,,,,,,,,,,,,,,,,,
28/01/2021,2025-12.csv,,,,,,,,,,,,,,,,,,
03/08/2020,2025-12.csv,,,,,,,,,,,,,,,,,,
24/06/2021,2025-12.csv,,,,,,,,,,,,,,,,,,
10/02/2021,2025-12.csv,,,,,,,,,,,,,,,,,,
10/02/2021,2025-12.csv,,,,,,,,,,,,,,,,,,
31/03/2021,2025-12.csv,,,,,,,,,,,,,,,,,,
24/03/2022,2025-12.csv,,,,,,,,,,,,,,,,,,
24/03/2022,2025-12.csv,,,,,,,,,,,,,,,,,,
28/04/2022,2025-12.csv,,,,,,,,,,,,,,,,,,
03/08/2022,2025-12.csv,,,,,,,,,,,,,,,,,,
05/05/2020,2025-12.csv,,,,,,,,,,,,,,,,,,
05/05/2020,2025-12.csv,,,,,,,,,,,,,,,,,,
05/05/2020,2025-12.csv,,,,,,,,,,,,,,,,,,
05/05/2020,2025-12.csv,,,,,,,,,,,,,,,,,,
11/02/2021,2025-12.csv,,,,,,,,,,,,,,,,,,
31/12/2020,2025-12.csv,,,,,,,,,,,,,,,,,,
11/08/2020,2025-12.csv,,,,,,,,,,,,,,,,,,
31/03/2016,2025-12.csv,,,,,,,,,,,,,,,,,,
18/08/2022,2025-12.csv,,,,,,,,,,,,,,,,,,
,2025-12.csv,,,,,,,,,,,,,,,,,,
09/09/2020,2025-12.csv,,,,,,,,,,,,,,,,,,
27/12/2019,2025-12.csv,,,,,,,,,,,,,,,,,,
10/11/2021,2025-12.csv,,,,,,,,,,,,,,,,,,
17/01/2022,2025-12.csv,,,,,,,,,,,,,,,,,,
04/01/2021,2025-12.csv,,,,,,,,,,,,,,,,,,
13/12/2022,2025-12.csv,,,,,,,,,,,,,,,,,,
30/03/2020,2025-12.csv,,,,,,,,,,,,,,,,,,
10/12/2019,2025-12.csv,,,,,,,,,,,,,,,,,,
01/01/2021,2025-12.csv,,,,,,,,,,,,,,,,,,
08/09/2020,2025-12.csv,,,,,,,,,,,,,,,,,,
27/03/2018,2025-12.csv,,,,,,,,,,,,,,,,,,
31/03/2022,2025-12.csv,,,,,,,,,,,,,,,,,,
19/02/2021,2025-12.csv,,,,,,,,,,,,,,,,,,
23/11/2020,2025-12.csv,,,,,,,,,,,,,,,,,,
21/10/2020,2025-12.csv,,,,,,,,,,,,,,,,,,
08/01/2021,2025-12.csv,,,,,,,,,,,,,,,,,,
08/12/2020,2025-12.csv,,,,,,,,,,,,,,,,,,
16/03/2022,2025-12.csv,,,,,,,,,,,,,,,,,,
17/08/2010,2025-12.csv,,,,,,,,,,,,,,,,,,
02/12/2020,2025-12.csv,,,,,,,,,,,,,,,,,,
27/03/2018,2025-12.csv,,,,,,,,,,,,,,,,,,
03/02/2022,2025-12.csv,,,,,,,,,,,,,,,,,,
27/11/2014,2025-12.csv,,,,,,,,,,,,,,,,,,
25/02/2021,2025-12.csv,,,,,,,,,,,,,,,,,,
03/02/2021,2025-12.csv,,,,,,,,,,,,,,,,,,
09/08/2018,2025-12.csv,,,,,,,,,,,,,,,,,,
,2025-12.csv,,,,,,,,,,,,,,,,,,
09/07/2020,2025-12.csv,,,,,,,,,,,,,,,,,,
07/10/2020,2025-12.csv,,,,,,,,,,,,,,,,,,
25/06/2020,2025-12.csv,,,,,,,,,,,,,,,,,,
29/06/2020,2025-12.csv,,,,,,,,,,,,,,,,,,
02/02/2021,2025-12.csv,,,,,,,,,,,,,,,,,,
30/03/2021,2025-12.csv,,,,,,,,,,,,,,,,,,
30/03/2021,2025-12.csv,,,,,,,,,,,,,,,,,,
20/03/2017,2025-12.csv,,,,,,,,,,,,,,,,,,
17/03/2020,2025-12.csv,,,,,,,,,,,,,,,,,,
07/12/2023,2025-12.csv,,,,,,,,,,,,,,,,,,
07/12/2023,2025-12.csv,,,,,,,,,,,,,,,,,,
30/03/2021,2025-12.csv,,,,,,,,,,,,,,,,,,
09/09/2021,2025-12.csv,,,,,,,,,,,,,,,,,,
13/09/2021,2025-12.csv,,,,,,,,,,,,,,,,,,
31/03/2022,2025-12.csv,,,,,,,,,,,,,,,,,,
07/12/2021,2025-12.csv,,,,,,,,,,,,,,,,,,
26/02/2018,2025-12.csv,,,,,,,,,,,,,,,,,,
16/03/2023,2025-12.csv,,,,,,,,,,,,,,,,,,
11/02/2021,2025-12.csv,,,,,,,,,,,,,,,,,,
01/03/2019,2025-12.csv,,,,,,,,,,,,,,,,,,
11/03/2020,2025-12.csv,,,,,,,,,,,,,,,,,,
22/03/2018,2025-12.csv,,,,,,,,,,,,,,,,,,
31/03/2021,2025-12.csv,,,,,,,,,,,,,,,,,,
31/07/2020,2025-12.csv,,,,,,,,,,,,,,,,,,
07/07/2020,2025-12.csv,,,,,,,,,,,,,,,,,,
31/07/2020,2025-12.csv,,,,,,,,,,,,,,,,,,
07/07/2020,2025-12.csv,,,,,,,,,,,,,,,,,,
07/03/2023,2025-12.csv,,,,,,,,,,,,,,,,,,
13/03/2023,2025-12.csv,,,,,,,,,,,,,,,,,,
28/06/2021,2025-12.csv,,,,,,,,,,,,,,,,,,
30/03/2021,2025-12.csv,,,,,,,,,,,,,,,,,,
07/03/2023,2025-12.csv,,,,,,,,,,,,,,,,,,
09/09/2021,2025-12.csv,,,,,,,,,,,,,,,,,,
07/09/2021,2025-12.csv,,,,,,,,,,,,,,,,,,
25/01/2017,2025-12.csv,,,,,,,,,,,,,,,,,,
07/10/2020,2025-12.csv,,,,,,,,,,,,,,,,,,
18/01/2021,2025-12.csv,,,,,,,,,,,,,,,,,,
31/03/2021,2025-12.csv,,,,,,,,,,,,,,,,,,
11/03/2023,2025-12.csv,,,,,,,,,,,,,,,,,,
30/12/2021,2025-12.csv,,,,,,,,,,,,,,,,,,
22/03/2018,2025-12.csv,,,,,,,,,,,,,,,,,,
06/05/2019,2025-12.csv,,,,,,,,,,,,,,,,,,
08/05/2018,2025-12.csv,,,,,,,,,,,,,,,,,,
06/01/2022,2025-12.csv,,,,,,,,,,,,,,,,,,
08/01/2022,2025-12.csv,,,,,,,,,,,,,,,,,,
16/03/2023,2025-12.csv,,,,,,,,,,,,,,,,,,
22/03/2023,2025-12.csv,,,,,,,,,,,,,,,,,,
09/03/2018,2025-12.csv,,,,,,,,,,,,,,,,,,
16/02/2017,2025-12.csv,,,,,,,,,,,,,,,,,,
06/09/2021,2025-12.csv,,,,,,,,,,,,,,,,,,
11/07/2018,2025-12.csv,,,,,,,,,,,,,,,,,,
05/01/2024,2025-12.csv,,,,,,,,,,,,,,,,,,
12/02/2019,2025-12.csv,,,,,,,,,,,,,,,,,,
20/09/2018,2025-12.csv,,,,,,,,,,,,,,,,,,
22/03/2018,2025-12.csv,,,,,,,,,,,,,,,,,,
22/03/2018,2025-12.csv,,,,,,,,,,,,,,,,,,
18/01/2021,2025-12.csv,,,,,,,,,,,,,,,,,,
15/02/2017,2025-12.csv,,,,,,,,,,,,,,,,,,
15/02/2017,2025-12.csv,,,,,,,,,,,,,,,,,,
12/01/2016,2025-12.csv,,,,,,,,,,,,,,,,,,
04/01/2016,2025-12.csv,,,,,,,,,,,,,,,,,,
13/12/2022,2025-12.csv,,,,,,,,,,,,,,,,,,
17/02/2022,2025-12.csv,,,,,,,,,,,,,,,,,,
31/03/2021,2025-12.csv,,,,,,,,,,,,,,,,,,
30/03/2023,2025-12.csv,,,,,,,,,,,,,,,,,,
22/02/2022,2025-12.csv,,,,,,,,,,,,,,,,,,
09/02/2022,2025-12.csv,,,,,,,,,,,,,,,,,,
21/03/2022,2025-12.csv,,,,,,,,,,,,,,,,,,
20/01/2022,2025-12.csv,,,,,,,,,,,,,,,,,,
31/08/2020,2025-12.csv,,,,,,,,,,,,,,,,,,
07/10/2022,2025-12.csv,,,,,,,,,,,,,,,,,,
14/10/2022,2025-12.csv,,,,,,,,,,,,,,,,,,
12/10/2022,2025-12.csv,,,,,,,,,,,,,,,,,,
30/03/2022,2025-12.csv,,,,,,,,,,,,,,,,,,
15/11/2021,2025-12.csv,,,,,,,,,,,,,,,,,,
14/02/2023,2025-12.csv,,,,,,,,,,,,,,,,,,
31/03/2021,2025-12.csv,,,,,,,,,,,,,,,,,,
18/01/2018,2025-12.csv,,,,,,,,,,,,,,,,,,
15/02/2023,2025-12.csv,,,,,,,,,,,,,,,,,,
04/03/2022,2025-12.csv,,,,,,,,,,,,,,,,,,
30/03/2021,2025-12.csv,,,,,,,,,,,,,,,,,,
15/07/2022,2025-12.csv,,,,,,,,,,,,,,,,,,
06/03/2019,2025-12.csv,,,,,,,,,,,,,,,,,,
06/03/2019,2025-12.csv,,,,,,,,,,,,,,,,,,
30/03/2022,2025-12.csv,,,,,,,,,,,,,,,,,,
01/03/2023,2025-12.csv,,,,,,,,,,,,,,,,,,
30/03/2022,2025-12.csv,,,,,,,,,,,,,,,,,,
09/09/2021,2025-12.csv,,,,,,,,,,,,,,,,,,
17/07/2020,2025-12.csv,,,,,,,,,,,,,,,,,,
15/03/2023,2025-12.csv,,,,,,,,,,,,,,,,,,
15/03/2023,2025-12.csv,,,,,,,,,,,,,,,,,,
29/03/2022,2025-12.csv,,,,,,,,,,,,,,,,,,
12/08/2016,2025-12.csv,,,,,,,,,,,,,,,,,,
20/07/2021,2025-12.csv,,,,,,,,,,,,,,,,,,
29/03/2023,2025-12.csv,,,,,,,,,,,,,,,,,,
10/10/2022,2025-12.csv,,,,,,,,,,,,,,,,,,
31/03/2022,2025-12.csv,,,,,,,,,,,,,,,,,,
01/01/2023,2025-12.csv,,,,,,,,,,,,,,,,,,
10/10/2022,2025-12.csv,,,,,,,,,,,,,,,,,,
27/03/2018,2025-12.csv,,,,,,,,,,,,,,,,,,
25/04/2023,2025-12.csv,,,,,,,,,,,,,,,,,,
27/09/2021,2025-12.csv,,,,,,,,,,,,,,,,,,
28/11/2022,2025-12.csv,,,,,,,,,,,,,,,,,,
30/03/2022,2025-12.csv,,,,,,,,,,,,,,,,,,
22/12/2021,2025-12.csv,,,,,,,,,,,,,,,,,,
18/10/2021,2025-12.csv,,,,,,,,,,,,,,,,,,
24/03/2022,2025-12.csv,,,,,,,,,,,,,,,,,,
09/03/2018,2025-12.csv,,,,,,,,,,,,,,,,,,
08/05/2022,2025-12.csv,,,,,,,,,,,,,,,,,,
16/06/2022,2025-12.csv,,,,,,,,,,,,,,,,,,
27/03/2018,2025-12.csv,,,,,,,,,,,,,,,,,,
20/12/2022,2025-12.csv,,,,,,,,,,,,,,,,,,
17/12/2020,2025-12.csv,,,,,,,,,,,,,,,,,,
15/01/2021,2025-12.csv,,,,,,,,,,,,,,,,,,
23/12/2020,2025-12.csv,,,,,,,,,,,,,,,,,,
23/12/2020,2025-12.csv,,,,,,,,,,,,,,,,,,
23/12/2020,2025-12.csv,,,,,,,,,,,,,,,,,,
23/12/2020,2025-12.csv,,,,,,,,,,,,,,,,,,
04/03/2021,2025-12.csv,,,,,,,,,,,,,,,,,,
04/03/2021,2025-12.csv,,,,,,,,,,,,,,,,,,
13/12/2021,2025-12.csv,,,,,,,,,,,,,,,,,,
07/10/2021,2025-12.csv,,,,,,,,,,,,,,,,,,
03/09/2021,2025-12.csv,,,,,,,,,,,,,,,,,,
25/11/2019,2025-12.csv,,,,,,,,,,,,,,,,,,
25/11/2019,2025-12.csv,,,,,,,,,,,,,,,,,,
03/07/2020,2025-12.csv,,,,,,,,,,,,,,,,,,
08/09/2020,2025-12.csv,,,,,,,,,,,,,,,,,,
08/09/2020,2025-12.csv,,,,,,,,,,,,,,,,,,
25/11/2019,2025-12.csv,,,,,,,,,,,,,,,,,,
25/11/2019,2025-12.csv,,,,,,,,,,,,,,,,,,
01/10/2019,2025-12.csv,,,,,,,,,,,,,,,,,,
01/10/2019,2025-12.csv,,,,,,,,,,,,,,,,,,
05/09/2022,2025-12.csv,,,,,,,,,,,,,,,,,,
31/03/2021,2025-12.csv,,,,,,,,,,,,,,,,,,
21/03/2022,2025-12.csv,,,,,,,,,,,,,,,,,,
22/11/2021,2025-12.csv,,,,,,,,,,,,,,,,,,
20/12/2021,2025-12.csv,,,,,,,,,,,,,,,,,,
03/07/2020,2025-12.csv,,,,,,,,,,,,,,,,,,
03/02/2020,2025-12.csv,,,,,,,,,,,,,,,,,,
16/03/2022,2025-12.csv,,,,,,,,,,,,,,,,,,
23/11/2021,2025-12.csv,,,,,,,,,,,,,,,,,,
08/09/2020,2025-12.csv,,,,,,,,,,,,,,,,,,
22/12/2022,2025-12.csv,,,,,,,,,,,,,,,,,,
29/06/2022,2025-12.csv,,,,,,,,,,,,,,,,,,
29/06/2022,2025-12.csv,,,,,,,,,,,,,,,,,,
31/03/2021,2025-12.csv,,,,,,,,,,,,,,,,,,
11/01/2022,2025-12.csv,,,,,,,,,,,,,,,,,,
22/12/2015,2025-12.csv,,,,,,,,,,,,,,,,,,
21/01/2014,2025-12.csv,,,,,,,,,,,,,,,,,,
25/01/2019,2025-12.csv,,,,,,,,,,,,,,,,,,
16/03/2022,2025-12.csv,,,,,,,,,,,,,,,,,,
24/01/2017,2025-12.csv,,,,,,,,,,,,,,,,,,
29/09/2020,2025-12.csv,,,,,,,,,,,,,,,,,,
07/10/2021,2025-12.csv,,,,,,,,,,,,,,,,,,
19/09/2022,2025-12.csv,,,,,,,,,,,,,,,,,,
02/02/2023,2025-12.csv,,,,,,,,,,,,,,,,,,
30/03/2022,2025-12.csv,,,,,,,,,,,,,,,,,,
18/09/2022,2025-12.csv,,,,,,,,,,,,,,,,,,
17/09/2021,2025-12.csv,,,,,,,,,,,,,,,,,,
08/01/2022,2025-12.csv,,,,,,,,,,,,,,,,,,
08/11/2021,2025-12.csv,,,,,,,,,,,,,,,,,,
08/08/2021,2025-12.csv,,,,,,,,,,,,,,,,,,
09/01/2024,2025-12.csv,,,,,,,,,,,,,,,,,,
09/01/2024,2025-12.csv,,,,,,,,,,,,,,,,,,
09/01/2024,2025-12.csv,,,,,,,,,,,,,,,,,,
11/02/2021,2025-12.csv,,,,,,,,,,,,,,,,,,
11/02/2021,2025-12.csv,,,,,,,,,,,,,,,,,,
04/03/2022,2025-12.csv,,,,,,,,,,,,,,,,,,
04/03/2022,2025-12.csv,,,,,,,,,,,,,,,,,,
27/02/2024,2025-12.csv,,,,,,,,,,,,,,,,,,
24/01/2022,2025-12.csv,,,,,,,,,,,,,,,,,,
09/02/2022,2025-12.csv,,,,,,,,,,,,,,,,,,
08/03/2021,2025-12.csv,,,,,,,,,,,,,,,,,,
03/03/2021,2025-12.csv,,,,,,,,,,,,,,,,,,
01/09/2020,2025-12.csv,,,,,,,,,,,,,,,,,,
13/07/2020,2025-12.csv,,,,,,,,,,,,,,,,,,
13/07/2020,2025-12.csv,,,,,,,,,,,,,,,,,,
13/07/2020,2025-12.csv,,,,,,,,,,,,,,,,,,
13/07/2020,2025-12.csv,,,,,,,,,,,,,,,,,,
11/03/2022,2025-12.csv,,,,,,,,,,,,,,,,,,
31/01/2022,2025-12.csv,,,,,,,,,,,,,,,,,,
01/01/2020,2025-12.csv,,,,,,,,,,,,,,,,,,
31/03/2022,2025-12.csv,,,,,,,,,,,,,,,,,,
14/03/2018,2025-12.csv,,,,,,,,,,,,,,,,,,
01/02/2016,2025-12.csv,,,,,,,,,,,,,,,,,,
22/01/2019,2025-12.csv,,,,,,,,,,,,,,,,,,
17/03/2016,2025-12.csv,,,,,,,,,,,,,,,,,,
08/08/2018,2025-12.csv,,,,,,,,,,,,,,,,,,
31/03/2021,2025-12.csv,,,,,,,,,,,,,,,,,,
25/09/2018,2025-12.csv,,,,,,,,,,,,,,,,,,
22/01/2021,2025-12.csv,,,,,,,,,,,,,,,,,,
22/01/2021,2025-12.csv,,,,,,,,,,,,,,,,,,
23/11/2020,2025-12.csv,,,,,,,,,,,,,,,,,,
07/12/2020,2025-12.csv,,,,,,,,,,,,,,,,,,
,2025-12.csv,,,,,,,,,,,,,,,,,,
22/06/2022,2025-12.csv,,,,,,,,,,,,,,,,,,
08/06/2021,2025-12.csv,,,,,,,,,,,,,,,,,,
14/03/2023,2025-12.csv,,,,,,,,,,,,,,,,,,
,2025-12.csv,,,,,,,,,,,,,,,,,,
27/02/2017,2025-12.csv,,,,,,,,,,,,,,,,,,
05/01/2023,2025-12.csv,,,,,,,,,,,,,,,,,,
20/12/2018,2025-12.csv,,,,,,,,,,,,,,,,,,
25/01/2017,2025-12.csv,,,,,,,,,,,,,,,,,,
11/05/2020,2025-12.csv,,,,,,,,,,,,,,,,,,
05/07/2017,2025-12.csv,,,,,,,,,,,,,,,,,,
31/03/2016,2025-12.csv,,,,,,,,,,,,,,,,,,
01/03/2017,2025-12.csv,,,,,,,,,,,,,,,,,,
27/03/2018,2025-12.csv,,,,,,,,,,,,,,,,,,
22/12/2021,2025-12.csv,,,,,,,,,,,,,,,,,,
20/03/2018,2025-12.csv,,,,,,,,,,,,,,,,,,
12/04/2022,2025-12.csv,,,,,,,,,,,,,,,,,,
09/02/2022,2025-12.csv,,,,,,,,,,,,,,,,,,
01/03/2018,2025-12.csv,,,,,,,,,,,,,,,,,,
15/03/2018,2025-12.csv,,,,,,,,,,,,,,,,,,
26/10/2016,2025-12.csv,,,,,,,,,,,,,,,,,,
13/03/2018,2025-12.csv,,,,,,,,,,,,,,,,,,
24/03/2022,2025-12.csv,,,,,,,,,,,,,,,,,,
29/03/2022,2025-12.csv,,,,,,,,,,,,,,,,,,
09/07/2020,2025-12.csv,,,,,,,,,,,,,,,,,,
22/03/2022,2025-12.csv,,,,,,,,,,,,,,,,,,
23/03/2022,2025-12.csv,,,,,,,,,,,,,,,,,,
14/03/2018,2025-12.csv,,,,,,,,,,,,,,,,,,
31/03/2021,2025-12.csv,,,,,,,,,,,,,,,,,,
20/02/2020,2025-12.csv,,,,,,,,,,,,,,,,,,
31/03/2021,2025-12.csv,,,,,,,,,,,,,,,,,,
30/03/2023,2025-12.csv,,,,,,,,,,,,,,,,,,
27/03/2023,2025-12.csv,,,,,,,,,,,,,,,,,,
27/03/2023,2025-12.csv,,,,,,,,,,,,,,,,,,
21/09/2021,2025-12.csv,,,,,,,,,,,,,,,,,,
18/03/2020,2025-12.csv,,,,,,,,,,,,,,,,,,
22/12/2021,2025-12.csv,,,,,,,,,,,,,,,,,,
01/03/2023,2025-12.csv,,,,,,,,,,,,,,,,,,
28/12/2021,2025-12.csv,,,,,,,,,,,,,,,,,,
11/03/2022,2025-12.csv,,,,,,,,,,,,,,,,,,
02/11/2016,2025-12.csv,,,,,,,,,,,,,,,,,,
13/08/2020,2025-12.csv,,,,,,,,,,,,,,,,,,
22/03/2017,2025-12.csv,,,,,,,,,,,,,,,,,,
26/02/2020,2025-12.csv,,,,,,,,,,,,,,,,,,
24/02/2022,2025-12.csv,,,,,,,,,,,,,,,,,,
10/08/2016,2025-12.csv,,,,,,,,,,,,,,,,,,
05/01/2022,2025-12.csv,,,,,,,,,,,,,,,,,,
16/02/2023,2025-12.csv,,,,,,,,,,,,,,,,,,
08/01/2022,2025-12.csv,,,,,,,,,,,,,,,,,,
26/03/2021,2025-12.csv,,,,,,,,,,,,,,,,,,
20/03/2018,2025-12.csv,,,,,,,,,,,,,,,,,,
26/02/2018,2025-12.csv,,,,,,,,,,,,,,,,,,
27/01/2022,2025-12.csv,,,,,,,,,,,,,,,,,,
22/03/2022,2025-12.csv,,,,,,,,,,,,,,,,,,
28/03/2017,2025-12.csv,,,,,,,,,,,,,,,,,,
18/03/2020,2025-12.csv,,,,,,,,,,,,,,,,,,
11/08/2020,2025-12.csv,,,,,,,,,,,,,,,,,,
14/08/2020,2025-12.csv,,,,,,,,,,,,,,,,,,
18/04/2020,2025-12.csv,,,,,,,,,,,,,,,,,,
18/04/2020,2025-12.csv,,,,,,,,,,,,,,,,,,
18/04/2020,2025-12.csv,,,,,,,,,,,,,,,,,,
18/04/2020,2025-12.csv,,,,,,,,,,,,,,,,,,
10/08/2020,2025-12.csv,,,,,,,,,,,,,,,,,,
11/08/2020,2025-12.csv,,,,,,,,,,,,,,,,,,
24/08/2020,2025-12.csv,,,,,,,,,,,,,,,,,,
17/03/2022,2025-12.csv,,,,,,,,,,,,,,,,,,
28/06/2017,2025-12.csv,,,,,,,,,,,,,,,,,,
02/03/2015,2025-12.csv,,,,,,,,,,,,,,,,,,
17/04/2020,2025-12.csv,,,,,,,,,,,,,,,,,,
02/01/2014,2025-12.csv,,,,,,,,,,,,,,,,,,
20/02/2023,2025-12.csv,,,,,,,,,,,,,,,,,,
25/03/2022,2025-12.csv,,,,,,,,,,,,,,,,,,
25/03/2022,2025-12.csv,,,,,,,,,,,,,,,,,,
18/03/2020,2025-12.csv,,,,,,,,,,,,,,,,,,
15/02/2017,2025-12.csv,,,,,,,,,,,,,,,,,,
18/02/2020,2025-12.csv,,,,,,,,,,,,,,,,,,
18/02/2020,2025-12.csv,,,,,,,,,,,,,,,,,,
20/02/2017,2025-12.csv,,,,,,,,,,,,,,,,,,
25/01/2017,2025-12.csv,,,,,,,,,,,,,,,,,,
01/03/2018,2025-12.csv,,,,,,,,,,,,,,,,,,
01/02/2016,2025-12.csv,,,,,,,,,,,,,,,,,,
17/02/2017,2025-12.csv,,,,,,,,,,,,,,,,,,
,2025-12.csv,,,,,,,,,,,,,,,,,,
01/02/2016,2025-12.csv,,,,,,,,,,,,,,,,,,
,2025-12.csv,,,,,,,,,,,,,,,,,,
20/01/2020,2025-12.csv,,,,,,,,,,,,,,,,,,
20/12/2017,2025-12.csv,,,,,,,,,,,,,,,,,,
08/11/2017,2025-12.csv,,,,,,,,,,,,,,,,,,
31/03/2021,2025-12.csv,,,,,,,,,,,,,,,,,,
24/03/2023,2025-12.csv,,,,,,,,,,,,,,,,,,
30/03/2023,2025-12.csv,,,,,,,,,,,,,,,,,,
23/02/2018,2025-12.csv,,,,,,,,,,,,,,,,,,
06/09/2021,2025-12.csv,,,,,,,,,,,,,,,,,,
07/11/2017,2025-12.csv,,,,,,,,,,,,,,,,,,
24/08/2020,2025-12.csv,,,,,,,,,,,,,,,,,,
17/04/2020,2025-12.csv,,,,,,,,,,,,,,,,,,
24/08/2020,2025-12.csv,,,,,,,,,,,,,,,,,,
01/02/2019,2025-12.csv,,,,,,,,,,,,,,,,,,
30/09/2022,2025-12.csv,,,,,,,,,,,,,,,,,,
22/12/2020,2025-12.csv,,,,,,,,,,,,,,,,,,
12/03/2020,2025-12.csv,,,,,,,,,,,,,,,,,,
07/02/2022,2025-12.csv,,,,,,,,,,,,,,,,,,
14/07/2020,2025-12.csv,,,,,,,,,,,,,,,,,,
14/07/2020,2025-12.csv,,,,,,,,,,,,,,,,,,
21/09/2021,2025-12.csv,,,,,,,,,,,,,,,,,,
14/03/2018,2025-12.csv,,,,,,,,,,,,,,,,,,
14/02/2023,2025-12.csv,,,,,,,,,,,,,,,,,,
12/03/2021,2025-12.csv,,,,,,,,,,,,,,,,,,
31/03/2021,2025-12.csv,,,,,,,,,,,,,,,,,,
15/03/2022,2025-12.csv,,,,,,,,,,,,,,,,,,
12/01/2022,2025-12.csv,,,,,,,,,,,,,,,,,,
31/03/2021,2025-12.csv,,,,,,,,,,,,,,,,,,
06/12/2021,2025-12.csv,,,,,,,,,,,,,,,,,,
08/03/2022,2025-12.csv,,,,,,,,,,,,,,,,,,
11/03/2022,2025-12.csv,,,,,,,,,,,,,,,,,,
24/12/2021,2025-12.csv,,,,,,,,,,,,,,,,,,
30/07/2020,2025-12.csv,,,,,,,,,,,,,,,,,,
19/02/2018,2025-12.csv,,,,,,,,,,,,,,,,,,
19/06/2020,2025-12.csv,,,,,,,,,,,,,,,,,,
06/06/2020,2025-12.csv,,,,,,,,,,,,,,,,,,
27/05/2021,2025-12.csv,,,,,,,,,,,,,,,,,,
18/05/2021,2025-12.csv,,,,,,,,,,,,,,,,,,
24/06/2021,2025-12.csv,,,,,,,,,,,,,,,,,,
03/09/2021,2025-12.csv,,,,,,,,,,,,,,,,,,
26/12/2017,2025-12.csv,,,,,,,,,,,,,,,,,,
11/12/2023,2025-12.csv,,,,,,,,,,,,,,,,,,
30/03/2020,2025-12.csv,,,,,,,,,,,,,,,,,,
30/03/2021,2025-12.csv,,,,,,,,,,,,,,,,,,
26/02/2018,2025-12.csv,,,,,,,,,,,,,,,,,,
31/03/2022,2025-12.csv,,,,,,,,,,,,,,,,,,
31/03/2021,2025-12.csv,,,,,,,,,,,,,,,,,,
31/03/2021,2025-12.csv,,,,,,,,,,,,,,,,,,
31/03/2021,2025-12.csv,,,,,,,,,,,,,,,,,,
31/03/2023,2025-12.csv,,,,,,,,,,,,,,,,,,
31/03/2023,2025-12.csv,,,,,,,,,,,,,,,,,,
29/03/2023,2025-12.csv,,,,,,,,,,,,,,,,,,
31/03/2021,2025-12.csv,,,,,,,,,,,,,,,,,,
11/03/2022,2025-12.csv,,,,,,,,,,,,,,,,,,
16/03/2022,2025-12.csv,,,,,,,,,,,,,,,,,,
05/01/2022,2025-12.csv,,,,,,,,,,,,,,,,,,
31/03/2022,2025-12.csv,,,,,,,,,,,,,,,,,,
19/01/2018,2025-12.csv,,,,,,,,,,,,,,,,,,
21/01/2022,2025-12.csv,,,,,,,,,,,,,,,,,,
24/01/2022,2025-12.csv,,,,,,,,,,,,,,,,,,
24/03/2022,2025-12.csv,,,,,,,,,,,,,,,,,,
07/03/2022,2025-12.csv,,,,,,,,,,,,,,,,,,
31/03/2022,2025-12.csv,,,,,,,,,,,,,,,,,,
17/03/2022,2025-12.csv,,,,,,,,,,,,,,,,,,
30/09/2019,2025-12.csv,,,,,,,,,,,,,,,,,,
30/09/2019,2025-12.csv,,,,,,,,,,,,,,,,,,
30/09/2019,2025-12.csv,,,,,,,,,,,,,,,,,,
30/09/2019,2025-12.csv,,,,,,,,,,,,,,,,,,
30/09/2019,2025-12.csv,,,,,,,,,,,,,,,,,,
30/09/2019,2025-12.csv,,,,,,,,,,,,,,,,,,
23/06/2020,2025-12.csv,,,,,,,,,,,,,,,,,,
19/02/2021,2025-12.csv,,,,,,,,,,,,,,,,,,
13/01/2022,2025-12.csv,,,,,,,,,,,,,,,,,,
31/03/2021,2025-12.csv,,,,,,,,,,,,,,,,,,
02/09/2021,2025-12.csv,,,,,,,,,,,,,,,,,,
16/12/2022,2025-12.csv,,,,,,,,,,,,,,,,,,
16/12/2022,2025-12.csv,,,,,,,,,,,,,,,,,,
16/12/2022,2025-12.csv,,,,,,,,,,,,,,,,,,
09/02/2022,2025-12.csv,,,,,,,,,,,,,,,,,,
03/12/2021,2025-12.csv,,,,,,,,,,,,,,,,,,
13/12/2021,2025-12.csv,,,,,,,,,,,,,,,,,,
03/01/2023,2025-12.csv,,,,,,,,,,,,,,,,,,
18/01/2022,2025-12.csv,,,,,,,,,,,,,,,,,,
20/01/2022,2025-12.csv,,,,,,,,,,,,,,,,,,
10/02/2017,2025-12.csv,,,,,,,,,,,,,,,,,,
18/06/2020,2025-12.csv,,,,,,,,,,,,,,,,,,
31/03/2021,2025-12.csv,,,,,,,,,,,,,,,,,,
27/04/2020,2025-12.csv,,,,,,,,,,,,,,,,,,
27/04/2020,2025-12.csv,,,,,,,,,,,,,,,,,,
14/02/2020,2025-12.csv,,,,,,,,,,,,,,,,,,
30/03/2022,2025-12.csv,,,,,,,,,,,,,,,,,,
06/10/2016,2025-12.csv,,,,,,,,,,,,,,,,,,
12/01/2022,2025-12.csv,,,,,,,,,,,,,,,,,,
24/01/2022,2025-12.csv,,,,,,,,,,,,,,,,,,
30/03/2022,2025-12.csv,,,,,,,,,,,,,,,,,,
31/03/2021,2025-12.csv,,,,,,,,,,,,,,,,,,
01/12/2022,2025-12.csv,,,,,,,,,,,,,,,,,,
31/03/2022,2025-12.csv,,,,,,,,,,,,,,,,,,
30/03/2022,2025-12.csv,,,,,,,,,,,,,,,,,,
23/03/2022,2025-12.csv,,,,,,,,,,,,,,,,,,
31/03/2020,2025-12.csv,,,,,,,,,,,,,,,,,,
31/03/2022,2025-12.csv,,,,,,,,,,,,,,,,,,
31/03/2022,2025-12.csv,,,,,,,,,,,,,,,,,,
20/01/2017,2025-12.csv,,,,,,,,,,,,,,,,,,
30/03/2017,2025-12.csv,,,,,,,,,,,,,,,,,,
20/01/2017,2025-12.csv,,,,,,,,,,,,,,,,,,
03/03/2022,2025-12.csv,,,,,,,,,,,,,,,,,,
06/10/2016,2025-12.csv,,,,,,,,,,,,,,,,,,
12/09/2022,2025-12.csv,,,,,,,,,,,,,,,,,,
30/03/2021,2025-12.csv,,,,,,,,,,,,,,,,,,
04/01/2023,2025-12.csv,,,,,,,,,,,,,,,,,,
13/03/2020,2025-12.csv,,,,,,,,,,,,,,,,,,
13/03/2020,2025-12.csv,,,,,,,,,,,,,,,,,,
30/03/2021,2025-12.csv,,,,,,,,,,,,,,,,,,
11/03/2022,2025-12.csv,,,,,,,,,,,,,,,,,,
09/09/2021,2025-12.csv,,,,,,,,,,,,,,,,,,
05/01/2023,2025-12.csv,,,,,,,,,,,,,,,,,,
31/03/2023,2025-12.csv,,,,,,,,,,,,,,,,,,
03/01/2023,2025-12.csv,,,,,,,,,,,,,,,,,,
07/03/2023,2025-12.csv,,,,,,,,,,,,,,,,,,
27/03/2023,2025-12.csv,,,,,,,,,,,,,,,,,,
31/03/2022,2025-12.csv,,,,,,,,,,,,,,,,,,
30/11/2022,2025-12.csv,,,,,,,,,,,,,,,,,,
01/02/2018,2025-12.csv,,,,,,,,,,,,,,,,,,
23/05/2022,2025-12.csv,,,,,,,,,,,,,,,,,,
21/10/2022,2025-12.csv,,,,,,,,,,,,,,,,,,
31/12/2023,2025-12.csv,,,,,,,,,,,,,,,,,,
30/09/2021,2025-12.csv,,,,,,,,,,,,,,,,,,
31/12/2019,2025-12.csv,,,,,,,,,,,,,,,,,,
30/11/2020,2025-12.csv,,,,,,,,,,,,,,,,,,
01/01/2022,2025-12.csv,,,,,,,,,,,,,,,,,,
,2025-12.csv,,,,,,,,,,,,,,,,,,
28/11/2014,2025-12.csv,,,,,,,,,,,,,,,,,,
09/07/2024,2025-12.csv,,,,,,,,,,,,,,,,,,
30/03/2015,2025-12.csv,,,,,,,,,,,,,,,,,,
10/11/2015,2025-12.csv,,,,,,,,,,,,,,,,,,
11/09/2023,2025-12.csv,,,,,,,,,,,,,,,,,,
15/11/2023,2025-12.csv,,,,,,,,,,,,,,,,,,
30/11/2023,2025-12.csv,,,,,,,,,,,,,,,,,,
31/10/2023,2025-12.csv,,,,,,,,,,,,,,,,,,
20/01/2025,2025-12.csv,,,,,,,,,,,,,,,,,,
26/07/2024,2025-12.csv,,,,,,,,,,,,,,,,,,
28/03/2024,2025-12.csv,,,,,,,,,,,,,,,,,,
11/07/2024,2025-12.csv,,,,,,,,,,,,,,,,,,
09/08/2023,2025-12.csv,,,,,,,,,,,,,,,,,,
,2025-12.csv,,,,,,,,,,,,,,,,,,
20/01/2025,2025-12.csv,,,,,,,,,,,,,,,,,,
20/01/2025,2025-12.csv,,,,,,,,,,,,,,,,,,
16/11/2024,2025-12.csv,,,,,,,,,,,,,,,,,,
09/09/2024,2025-12.csv,,,,,,,,,,,,,,,,,,
13/12/2019,2025-12.csv,,,,,,,,,,,,,,,,,,
01/11/2020,2025-12.csv,,,,,,,,,,,,,,,,,,
,2025-12.csv,,,,,,,,,,,,,,,,,,
19/07/2017,2025-12.csv,,,,,,,,,,,,,,,,,,
27/04/2022,2025-12.csv,,,,,,,,,,,,,,,,,,
,2025-12.csv,,,,,,,,,,,,,,,,,,
31/05/2023,2025-12.csv,,,,,,,,,,,,,,,,,,
19/03/2020,2025-12.csv,,,,,,,,,,,,,,,,,,
08/05/2023,2025-12.csv,,,,,,,,,,,,,,,,,,
17/11/2021,2025-12.csv,,,,,,,,,,,,,,,,,,
19/09/2019,2025-12.csv,,,,,,,,,,,,,,,,,,
09/12/2020,2025-12.csv,,,,,,,,,,,,,,,,,,
27/07/2022,2025-12.csv,,,,,,,,,,,,,,,,,,
09/10/2014,2025-12.csv,,,,,,,,,,,,,,,,,,
22/02/2019,2025-12.csv,,,,,,,,,,,,,,,,,,
28/08/2024,2025-12.csv,,,,,,,,,,,,,,,,,,
21/03/2025,2025-12.csv,,,,,,,,,,,,,,,,,,
01/05/2023,2025-12.csv,,,,,,,,,,,,,,,,,,
24/03/2025,2025-12.csv,,,,,,,,,,,,,,,,,,
08/10/2025,2025-12.csv,,,,,,,,,,,,,,,,,,
24/02/2025,2025-12.csv,,,,,,,,,,,,,,,,,,
15/10/2024,2025-12.csv,,,,,,,,,,,,,,,,,,
18/02/2025,2025-12.csv,,,,,,,,,,,,,,,,,,
18/02/2025,2025-12.csv,,,,,,,,,,,,,,,,,,
14/10/2014,2025-12.csv,,,,,,,,,,,,,,,,,,
02/09/2024,2025-12.csv,,,,,,,,,,,,,,,,,,
25/11/2024,2025-12.csv,,,,,,,,,,,,,,,,,,
07/06/2024,2025-12.csv,,,,,,,,,,,,,,,,,,
24/02/2012,2025-12.csv,,,,,,,,,,,,,,,,,,
16/10/2025,2025-12.csv,,,,,,,,,,,,,,,,,,
17/10/2025,2025-12.csv,,,,,,,,,,,,,,,,,,
,2025-12.csv,,,,,,,,,,,,,,,,,,
04/08/2025,2025-12.csv,,,,,,,,,,,,,,,,,,
01/12/2014,2025-12.csv,,,,,,,,,,,,,,,,,,
07/11/2024,2025-12.csv,,,,,,,,,,,,,,,,,,
18/03/2025,2025-12.csv,,,,,,,,,,,,,,,,,,
24/03/2025,2025-12.csv,,,,,,,,,,,,,,,,,,
16/01/2025,2025-12.csv,,,,,,,,,,,,,,,,,,
13/01/2022,2025-12.csv,,,,,,,,,,,,,,,,,,
21/03/2023,2025-12.csv,,,,,,,,,,,,,,,,,,
15/07/2024,2025-12.csv,,,,,,,,,,,,,,,,,,
09/02/2024,2025-12.csv,,,,,,,,,,,,,,,,,,
21/03/2025,2025-12.csv,,,,,,,,,,,,,,,,,,
26/12/2023,2025-12.csv,,,,,,,,,,,,,,,,,,
27/09/2023,2025-12.csv,,,,,,,,,,,,,,,,,,
09/02/2024,2025-12.csv,,,,,,,,,,,,,,,,,,
26/12/2023,2025-12.csv,,,,,,,,,,,,,,,,,,
04/06/2025,2025-12.csv,,,,,,,,,,,,,,,,,,
30/05/2024,2025-12.csv,,,,,,,,,,,,,,,,,,
01/11/2023,2025-12.csv,,,,,,,,,,,,,,,,,,
01/07/2023,2025-12.csv,,,,,,,,,,,,,,,,,,
15/10/2024,2025-12.csv,,,,,,,,,,,,,,,,,,
19/11/2024,2025-12.csv,,,,,,,,,,,,,,,,,,
07/11/2024,2025-12.csv,,,,,,,,,,,,,,,,,,
27/12/2023,2025-12.csv,,,,,,,,,,,,,,,,,,
27/12/2023,2025-12.csv,,,,,,,,,,,,,,,,,,
15/10/2024,2025-12.csv,,,,,,,,,,,,,,,,,,
19/08/2024,2025-12.csv,,,,,,,,,,,,,,,,,,
22/08/2024,2025-12.csv,,,,,,,,,,,,,,,,,,
19/08/2024,2025-12.csv,,,,,,,,,,,,,,,,,,
23/08/2024,2025-12.csv,,,,,,,,,,,,,,,,,,
12/11/2024,2025-12.csv,,,,,,,,,,,,,,,,,,
12/11/2024,2025-12.csv,,,,,,,,,,,,,,,,,,
30/12/2024,2025-12.csv,,,,,,,,,,,,,,,,,,
27/09/2023,2025-12.csv,,,,,,,,,,,,,,,,,,
26/10/2023,2025-12.csv,,,,,,,,,,,,,,,,,,
30/10/2023,2025-12.csv,,,,,,,,,,,,,,,,,,
01/11/2023,2025-12.csv,,,,,,,,,,,,,,,,,,
01/12/2021,2025-12.csv,,,,,,,,,,,,,,,,,,
01/12/2022,2025-12.csv,,,,,,,,,,,,,,,,,,
23/08/2024,2025-12.csv,,,,,,,,,,,,,,,,,,
24/03/2025,2025-12.csv,,,,,,,,,,,,,,,,,,
23/11/2022,2025-12.csv,,,,,,,,,,,,,,,,,,
10/12/2024,2025-12.csv,,,,,,,,,,,,,,,,,,
24/09/2025,2025-12.csv,,,,,,,,,,,,,,,,,,
27/03/2025,2025-12.csv,,,,,,,,,,,,,,,,,,
30/08/2024,2025-12.csv,,,,,,,,,,,,,,,,,,
10/01/2025,2025-12.csv,,,,,,,,,,,,,,,,,,
27/05/2019,2025-12.csv,,,,,,,,,,,,,,,,,,
17/11/2014,2025-12.csv,,,,,,,,,,,,,,,,,,
09/03/2019,2025-12.csv,,,,,,,,,,,,,,,,,,
30/11/2018,2025-12.csv,,,,,,,,,,,,,,,,,,
18/10/2024,2025-12.csv,,,,,,,,,,,,,,,,,,
07/06/2021,2025-12.csv,,,,,,,,,,,,,,,,,,
21/02/2014,2025-12.csv,,,,,,,,,,,,,,,,,,
28/03/2024,2025-12.csv,,,,,,,,,,,,,,,,,,
03/01/2025,2025-12.csv,,,,,,,,,,,,,,,,,,
07/03/2019,2025-12.csv,,,,,,,,,,,,,,,,,,
04/07/2019,2025-12.csv,,,,,,,,,,,,,,,,,,
30/11/2018,2025-12.csv,,,,,,,,,,,,,,,,,,
24/04/2018,2025-12.csv,,,,,,,,,,,,,,,,,,
27/05/2019,2025-12.csv,,,,,,,,,,,,,,,,,,
21/11/2022,2025-12.csv,,,,,,,,,,,,,,,,,,
18/07/2013,2025-12.csv,,,,,,,,,,,,,,,,,,
29/12/2022,2025-12.csv,,,,,,,,,,,,,,,,,,
26/04/2018,2025-12.csv,,,,,,,,,,,,,,,,,,
27/02/2019,2025-12.csv,,,,,,,,,,,,,,,,,,
23/10/2023,2025-12.csv,,,,,,,,,,,,,,,,,,
04/09/2024,2025-12.csv,,,,,,,,,,,,,,,,,,
16/07/2025,2025-12.csv,,,,,,,,,,,,,,,,,,
16/12/2025,2025-12.csv,,,,,,,,,,,,,,,,,,
09/03/2019,2025-12.csv,,,,,,,,,,,,,,,,,,
04/09/2024,2025-12.csv,,,,,,,,,,,,,,,,,,
06/05/2020,2025-12.csv,,,,,,,,,,,,,,,,,,
12/10/2017,2025-12.csv,,,,,,,,,,,,,,,,,,
10/05/2018,2025-12.csv,,,,,,,,,,,,,,,,,,
06/05/2020,2025-12.csv,,,,,,,,,,,,,,,,,,
11/08/2017,2025-12.csv,,,,,,,,,,,,,,,,,,
11/08/2017,2025-12.csv,,,,,,,,,,,,,,,,,,
08/03/2010,2025-12.csv,,,,,,,,,,,,,,,,,,
08/03/2010,2025-12.csv,,,,,,,,,,,,,,,,,,
18/11/2016,2025-12.csv,,,,,,,,,,,,,,,,,,
02/02/2017,2025-12.csv,,,,,,,,,,,,,,,,,,
15/12/2015,2025-12.csv,,,,,,,,,,,,,,,,,,
02/02/2017,2025-12.csv,,,,,,,,,,,,,,,,,,
02/02/2017,2025-12.csv,,,,,,,,,,,,,,,,,,
21/12/2016,2025-12.csv,,,,,,,,,,,,,,,,,,
18/10/2018,2025-12.csv,,,,,,,,,,,,,,,,,,
18/11/2016,2025-12.csv,,,,,,,,,,,,,,,,,,
15/03/2017,2025-12.csv,,,,,,,,,,,,,,,,,,
15/03/2017,2025-12.csv,,,,,,,,,,,,,,,,,,
08/07/2016,2025-12.csv,,,,,,,,,,,,,,,,,,
18/11/2016,2025-12.csv,,,,,,,,,,,,,,,,,,
18/11/2016,2025-12.csv,,,,,,,,,,,,,,,,,,
18/11/2016,2025-12.csv,,,,,,,,,,,,,,,,,,
15/03/2017,2025-12.csv,,,,,,,,,,,,,,,,,,
02/02/2017,2025-12.csv,,,,,,,,,,,,,,,,,,
13/11/2015,2025-12.csv,,,,,,,,,,,,,,,,,,
15/03/2017,2025-12.csv,,,,,,,,,,,,,,,,,,
15/03/2017,2025-12.csv,,,,,,,,,,,,,,,,,,
26/05/2016,2025-12.csv,,,,,,,,,,,,,,,,,,
15/03/2017,2025-12.csv,,,,,,,,,,,,,,,,,,
18/08/2020,2025-12.csv,,,,,,,,,,,,,,,,,,
22/07/2020,2025-12.csv,,,,,,,,,,,,,,,,,,
01/04/2009,2025-12.csv,,,,,,,,,,,,,,,,,,
01/04/2007,2025-12.csv,,,,,,,,,,,,,,,,,,
01/04/2008,2025-12.csv,,,,,,,,,,,,,,,,,,
10/05/2002,2025-12.csv,,,,,,,,,,,,,,,,,,
01/04/1996,2025-12.csv,,,,,,,,,,,,,,,,,,
01/04/2017,2025-12.csv,,,,,,,,,,,,,,,,,,
01/04/2008,2025-12.csv,,,,,,,,,,,,,,,,,,
01/04/2005,2025-12.csv,,,,,,,,,,,,,,,,,,
01/04/2005,2025-12.csv,,,,,,,,,,,,,,,,,,
01/04/1997,2025-12.csv,,,,,,,,,,,,,,,,,,
01/04/2006,2025-12.csv,,,,,,,,,,,,,,,,,,
31/10/2023,2025-12.csv,,,,,,,,,,,,,,,,,,
01/04/2017,2025-12.csv,,,,,,,,,,,,,,,,,,
01/04/2003,2025-12.csv,,,,,,,,,,,,,,,,,,
01/04/2008,2025-12.csv,,,,,,,,,,,,,,,,,,
01/04/2009,2025-12.csv,,,,,,,,,,,,,,,,,,
01/04/2008,2025-12.csv,,,,,,,,,,,,,,,,,,
01/04/2008,2025-12.csv,,,,,,,,,,,,,,,,,,
01/04/2007,2025-12.csv,,,,,,,,,,,,,,,,,,
01/04/2009,2025-12.csv,,,,,,,,,,,,,,,,,,
01/08/2017,2025-12.csv,,,,,,,,,,,,,,,,,,
01/04/2017,2025-12.csv,,,,,,,,,,,,,,,,,,
20/01/2009,2025-12.csv,,,,,,,,,,,,,,,,,,
01/04/2007,2025-12.csv,,,,,,,,,,,,,,,,,,
01/04/2017,2025-12.csv,,,,,,,,,,,,,,,,,,
01/04/2007,2025-12.csv,,,,,,,,,,,,,,,,,,
03/02/2016,2025-12.csv,,,,,,,,,,,,,,,,,,
01/04/2005,2025-12.csv,,,,,,,,,,,,,,,,,,
01/04/2017,2025-12.csv,,,,,,,,,,,,,,,,,,
01/04/1996,2025-12.csv,,,,,,,,,,,,,,,,,,
01/04/2017,2025-12.csv,,,,,,,,,,,,,,,,,,
08/02/2010,2025-12.csv,,,,,,,,,,,,,,,,,,
01/04/2005,2025-12.csv,,,,,,,,,,,,,,,,,,
01/04/2011,2025-12.csv,,,,,,,,,,,,,,,,,,
01/04/2017,2025-12.csv,,,,,,,,,,,,,,,,,,
01/04/1997,2025-12.csv,,,,,,,,,,,,,,,,,,
01/04/2014,2025-12.csv,,,,,,,,,,,,,,,,,,
01/04/2017,2025-12.csv,,,,,,,,,,,,,,,,,,
01/04/1996,2025-12.csv,,,,,,,,,,,,,,,,,,
,2025-07.csv,505345.1,,,,,,,,,,,,,,,,,
,2025-07.csv,53891.88,,,,,,,,,,,,,,,,,
,2025-07.csv,186037.3,,,,,,,,,,,,,,,,,
,2025-07.csv,49396.47,,,,,,,,,,,,,,,,,
,2025-07.csv,143185.74,,,,,,,,,,,,,,,,,
,2025-07.csv,152917.99,,,,,,,,,,,,,,,,,
,2025-07.csv,8277.36,,,,,,,,,,,,,,,,,
,2025-07.csv,5883.97,,,,,,,,,,,,,,,,,
,2025-07.csv,158062.15,,,,,,,,,,,,,,,,,
,2025-07.csv,7759.53,,,,,,,,,,,,,,,,,
,2025-07.csv,90143.76,,,,,,,,,,,,,,,,,
,2025-07.csv,71833.18,,,,,,,,,,,,,,,,,
,2025-07.csv,6978.99,,,,,,,,,,,,,,,,,
,2025-07.csv,1690.56,,,,,,,,,,,,,,,,,
,2025-07.csv,6106.21,,,,,,,,,,,,,,,,,
,2025-07.csv,53119.45,,,,,,,,,,,,,,,,,
,2025-07.csv,1812.05,,,,,,,,,,,,,,,,,
,2025-07.csv,2704.56,,,,,,,,,,,,,,,,,
,2025-07.csv,596.8,,,,,,,,,,,,,,,,,
,2025-07.csv,4957.35,,,,,,,,,,,,,,,,,
Sanction Date,2025-10.csv,,,,,,,,,,,,,,,,,,
01/11/2021,2025-10.csv,,,,,,,,,,,,,,,,,,
01/12/2022,2025-10.csv,,,,,,,,,,,,,,,,,,
27/12/2018,2025-10.csv,,,,,,,,,,,,,,,,,,
01/06/2023,2025-10.csv,,,,,,,,,,,,,,,,,,
01/06/2023,2025-10.csv,,,,,,,,,,,,,,,,,,
01/03/2023,2025-10.csv,,,,,,,,,,,,,,,,,,
01/06/2023,2025-10.csv,,,,,,,,,,,,,,,,,,
17/06/2020,2025-10.csv,,,,,,,,,,,,,,,,,,
01/05/2022,2025-10.csv,,,,,,,,,,,,,,,,,,
,2025-10.csv,,,,,,,,,,,,,,,,,,
01/07/2022,2025-10.csv,,,,,,,,,,,,,,,,,,
27/07/2018,2025-10.csv,,,,,,,,,,,,,,,,,,
01/06/2023,2025-10.csv,,,,,,,,,,,,,,,,,,
14/06/2022,2025-10.csv,,,,,,,,,,,,,,,,,,
01/07/2024,2025-10.csv,,,,,,,,,,,,,,,,,,
01/07/2024,2025-10.csv,,,,,,,,,,,,,,,,,,
01/08/2024,2025-10.csv,,,,,,,,,,,,,,,,,,
28/08/2024,2025-10.csv,,,,,,,,,,,,,,,,,,
01/06/2024,2025-10.csv,,,,,,,,,,,,,,,,,,
01/11/2017,2025-10.csv,,,,,,,,,,,,,,,,,,
01/12/2016,2025-10.csv,,,,,,,,,,,,,,,,,,
01/06/2018,2025-10.csv,,,,,,,,,,,,,,,,,,
14/05/2018,2025-10.csv,,,,,,,,,,,,,,,,,,
01/04/2023,2025-10.csv,,,,,,,,,,,,,,,,,,
,2025-10.csv,,,,,,,,,,,,,,,,,,
01/11/2023,2025-10.csv,,,,,,,,,,,,,,,,,,
25/07/2016,2025-10.csv,,,,,,,,,,,,,,,,,,
08/12/2015,2025-10.csv,,,,,,,,,,,,,,,,,,
31/10/2015,2025-10.csv,,,,,,,,,,,,,,,,,,
16/11/2018,2025-10.csv,,,,,,,,,,,,,,,,,,
05/03/2016,2025-10.csv,,,,,,,,,,,,,,,,,,
10/09/2024,2025-10.csv,,,,,,,,,,,,,,,,,,
04/01/2023,2025-10.csv,,,,,,,,,,,,,,,,,,
19/09/2022,2025-10.csv,,,,,,,,,,,,,,,,,,
22/09/2018,2025-10.csv,,,,,,,,,,,,,,,,,,
12/08/2015,2025-10.csv,,,,,,,,,,,,,,,,,,
04/02/2015,2025-10.csv,,,,,,,,,,,,,,,,,,
25/07/2015,2025-10.csv,,,,,,,,,,,,,,,,,,
26/04/2024,2025-10.csv,,,,,,,,,,,,,,,,,,
19/04/2023,2025-10.csv,,,,,,,,,,,,,,,,,,
12/06/2020,2025-10.csv,,,,,,,,,,,,,,,,,,
16/12/2022,2025-10.csv,,,,,,,,,,,,,,,,,,
04/08/2020,2025-10.csv,,,,,,,,,,,,,,,,,,
07/05/2014,2025-10.csv,,,,,,,,,,,,,,,,,,
12/11/2018,2025-10.csv,,,,,,,,,,,,,,,,,,
11/02/2020,2025-10.csv,,,,,,,,,,,,,,,,,,
26/03/2024,2025-10.csv,,,,,,,,,,,,,,,,,,
25/08/2020,2025-10.csv,,,,,,,,,,,,,,,,,,
22/07/2019,2025-10.csv,,,,,,,,,,,,,,,,,,
26/03/2024,2025-10.csv,,,,,,,,,,,,,,,,,,
10/08/2021,2025-10.csv,,,,,,,,,,,,,,,,,,
04/08/2020,2025-10.csv,,,,,,,,,,,,,,,,,,
16/12/2013,2025-10.csv,,,,,,,,,,,,,,,,,,
11/08/2018,2025-10.csv,,,,,,,,,,,,,,,,,,
29/12/2023,2025-10.csv,,,,,,,,,,,,,,,,,,
12/02/2019,2025-10.csv,,,,,,,,,,,,,,,,,,
11/02/2020,2025-10.csv,,,,,,,,,,,,,,,,,,
24/12/2020,2025-10.csv,,,,,,,,,,,,,,,,,,
11/02/2020,2025-10.csv,,,,,,,,,,,,,,,,,,
10/05/2021,2025-10.csv,,,,,,,,,,,,,,,,,,
11/11/2020,2025-10.csv,,,,,,,,,,,,,,,,,,
18/01/2021,2025-10.csv,,,,,,,,,,,,,,,,,,
28/10/2023,2025-10.csv,,,,,,,,,,,,,,,,,,
31/08/2019,2025-10.csv,,,,,,,,,,,,,,,,,,
08/08/2023,2025-10.csv,,,,,,,,,,,,,,,,,,
05/03/2016,2025-10.csv,,,,,,,,,,,,,,,,,,
23/03/2021,2025-10.csv,,,,,,,,,,,,,,,,,,
01/07/2019,2025-10.csv,,,,,,,,,,,,,,,,,,
23/04/2021,2025-10.csv,,,,,,,,,,,,,,,,,,
01/07/2021,2025-10.csv,,,,,,,,,,,,,,,,,,
25/04/2022,2025-10.csv,,,,,,,,,,,,,,,,,,
07/11/2022,2025-10.csv,,,,,,,,,,,,,,,,,,
10/08/2022,2025-10.csv,,,,,,,,,,,,,,,,,,
01/08/2017,2025-10.csv,,,,,,,,,,,,,,,,,,
19/04/2023,2025-10.csv,,,,,,,,,,,,,,,,,,
22/05/2018,2025-10.csv,,,,,,,,,,,,,,,,,,
29/12/2023,2025-10.csv,,,,,,,,,,,,,,,,,,
27/05/2020,2025-10.csv,,,,,,,,,,,,,,,,,,
03/02/2020,2025-10.csv,,,,,,,,,,,,,,,,,,
01/12/2021,2025-10.csv,,,,,,,,,,,,,,,,,,
16/04/2020,2025-10.csv,,,,,,,,,,,,,,,,,,
25/08/2020,2025-10.csv,,,,,,,,,,,,,,,,,,
30/01/2024,2025-10.csv,,,,,,,,,,,,,,,,,,
01/03/2017,2025-10.csv,,,,,,,,,,,,,,,,,,
19/08/2017,2025-10.csv,,,,,,,,,,,,,,,,,,
01/03/2016,2025-10.csv,,,,,,,,,,,,,,,,,,
17/12/2014,2025-10.csv,,,,,,,,,,,,,,,,,,
24/01/2022,2025-10.csv,,,,,,,,,,,,,,,,,,
29/01/2023,2025-10.csv,,,,,,,,,,,,,,,,,,
25/06/2021,2025-10.csv,,,,,,,,,,,,,,,,,,
05/06/2024,2025-10.csv,,,,,,,,,,,,,,,,,,
28/01/2023,2025-10.csv,,,,,,,,,,,,,,,,,,
24/01/2022,2025-10.csv,,,,,,,,,,,,,,,,,,
04/08/2020,2025-10.csv,,,,,,,,,,,,,,,,,,
29/11/2024,2025-10.csv,,,,,,,,,,,,,,,,,,
24/05/2018,2025-10.csv,,,,,,,,,,,,,,,,,,
14/06/2022,2025-10.csv,,,,,,,,,,,,,,,,,,
13/01/2025,2025-10.csv,,,,,,,,,,,,,,,,,,
12/08/2009,2025-10.csv,,,,,,,,,,,,,,,,,,
11/11/2020,2025-10.csv,,,,,,,,,,,,,,,,,,
12/08/2011,2025-10.csv,,,,,,,,,,,,,,,,,,
14/02/2011,2025-10.csv,,,,,,,,,,,,,,,,,,
05/06/2024,2025-10.csv,,,,,,,,,,,,,,,,,,
01/03/2020,2025-10.csv,,,,,,,,,,,,,,,,,,
11/08/2018,2025-10.csv,,,,,,,,,,,,,,,,,,
25/05/2019,2025-10.csv,,,,,,,,,,,,,,,,,,
11/11/2020,2025-10.csv,,,,,,,,,,,,,,,,,,
27/08/2016,2025-10.csv,,,,,,,,,,,,,,,,,,
12/07/2021,2025-10.csv,,,,,,,,,,,,,,,,,,
10/03/2016,2025-10.csv,,,,,,,,,,,,,,,,,,
29/11/2024,2025-10.csv,,,,,,,,,,,,,,,,,,
31/01/2023,2025-10.csv,,,,,,,,,,,,,,,,,,
14/10/2022,2025-10.csv,,,,,,,,,,,,,,,,,,
24/12/2020,2025-10.csv,,,,,,,,,,,,,,,,,,
23/12/2009,2025-10.csv,,,,,,,,,,,,,,,,,,
01/11/2015,2025-10.csv,,,,,,,,,,,,,,,,,,
22/07/2019,2025-10.csv,,,,,,,,,,,,,,,,,,
25/06/2025,2025-10.csv,,,,,,,,,,,,,,,,,,
04/08/2020,2025-10.csv,,,,,,,,,,,,,,,,,,
02/02/2017,2025-10.csv,,,,,,,,,,,,,,,,,,
04/11/2022,2025-10.csv,,,,,,,,,,,,,,,,,,
28/12/2021,2025-10.csv,,,,,,,,,,,,,,,,,,
26/03/2024,2025-10.csv,,,,,,,,,,,,,,,,,,
31/01/2022,2025-10.csv,,,,,,,,,,,,,,,,,,
04/08/2020,2025-10.csv,,,,,,,,,,,,,,,,,,
29/07/2022,2025-10.csv,,,,,,,,,,,,,,,,,,
16/04/2020,2025-10.csv,,,,,,,,,,,,,,,,,,
02/02/2021,2025-10.csv,,,,,,,,,,,,,,,,,,
22/05/2018,2025-10.csv,,,,,,,,,,,,,,,,,,
05/05/2022,2025-10.csv,,,,,,,,,,,,,,,,,,
04/05/2020,2025-10.csv,,,,,,,,,,,,,,,,,,
28/07/2021,2025-10.csv,,,,,,,,,,,,,,,,,,
29/05/2021,2025-10.csv,,,,,,,,,,,,,,,,,,
04/11/2020,2025-10.csv,,,,,,,,,,,,,,,,,,
04/11/2019,2025-10.csv,,,,,,,,,,,,,,,,,,
05/07/2022,2025-10.csv,,,,,,,,,,,,,,,,,,
31/01/2023,2025-10.csv,,,,,,,,,,,,,,,,,,
28/11/2022,2025-10.csv,,,,,,,,,,,,,,,,,,
16/11/2018,2025-10.csv,,,,,,,,,,,,,,,,,,
29/07/2022,2025-10.csv,,,,,,,,,,,,,,,,,,
01/10/2020,2025-10.csv,,,,,,,,,,,,,,,,,,
29/01/2024,2025-10.csv,,,,,,,,,,,,,,,,,,
01/02/2019,2025-10.csv,,,,,,,,,,,,,,,,,,
10/07/2016,2025-10.csv,,,,,,,,,,,,,,,,,,
21/01/2022,2025-10.csv,,,,,,,,,,,,,,,,,,
19/03/2024,2025-10.csv,,,,,,,,,,,,,,,,,,
16/04/2019,2025-10.csv,,,,,,,,,,,,,,,,,,
29/09/2022,2025-10.csv,,,,,,,,,,,,,,,,,,
22/07/2022,2025-10.csv,,,,,,,,,,,,,,,,,,
01/08/2021,2025-10.csv,,,,,,,,,,,,,,,,,,
22/06/2020,2025-10.csv,,,,,,,,,,,,,,,,,,
30/06/2020,2025-10.csv,,,,,,,,,,,,,,,,,,
17/09/2009,2025-10.csv,,,,,,,,,,,,,,,,,,
01/08/2024,2025-10.csv,,,,,,,,,,,,,,,,,,
01/03/2019,2025-10.csv,,,,,,,,,,,,,,,,,,
01/07/2017,2025-10.csv,,,,,,,,,,,,,,,,,,
17/09/2009,2025-10.csv,,,,,,,,,,,,,,,,,,
18/09/2019,2025-10.csv,,,,,,,,,,,,,,,,,,
28/12/2020,2025-10.csv,,,,,,,,,,,,,,,,,,
10/03/2021,2025-10.csv,,,,,,,,,,,,,,,,,,
01/10/2019,2025-10.csv,,,,,,,,,,,,,,,,,,
17/09/2009,2025-10.csv,,,,,,,,,,,,,,,,,,
29/09/2022,2025-10.csv,,,,,,,,,,,,,,,,,,
01/08/2020,2025-10.csv,,,,,,,,,,,,,,,,,,
30/09/2024,2025-10.csv,,,,,,,,,,,,,,,,,,
17/09/2009,2025-10.csv,,,,,,,,,,,,,,,,,,
17/09/2009,2025-10.csv,,,,,,,,,,,,,,,,,,
12/02/2024,2025-10.csv,,,,,,,,,,,,,,,,,,
17/09/2018,2025-10.csv,,,,,,,,,,,,,,,,,,
25/06/2018,2025-10.csv,,,,,,,,,,,,,,,,,,
29/09/2022,2025-10.csv,,,,,,,,,,,,,,,,,,
28/03/2023,2025-10.csv,,,,,,,,,,,,,,,,,,
24/10/2018,2025-10.csv,,,,,,,,,,,,,,,,,,
17/09/2009,2025-10.csv,,,,,,,,,,,,,,,,,,
27/12/2023,2025-10.csv,,,,,,,,,,,,,,,,,,
29/05/2019,2025-10.csv,,,,,,,,,,,,,,,,,,
,2025-10.csv,,,,,,,,,,,,,,,,,,
21/07/2022,2025-10.csv,,,,,,,,,,,,,,,,,,
05/08/2023,2025-10.csv,,,,,,,,,,,,,,,,,,
21/07/2022,2025-10.csv,,,,,,,,,,,,,,,,,,
01/08/2023,2025-10.csv,,,,,,,,,,,,,,,,,,
27/07/2016,2025-10.csv,,,,,,,,,,,,,,,,,,
25/01/2017,2025-10.csv,,,,,,,,,,,,,,,,,,
11/12/2024,2025-10.csv,,,,,,,,,,,,,,,,,,
11/12/2024,2025-10.csv,,,,,,,,,,,,,,,,,,
,2025-10.csv,,,,,,,,,,,,,,,,,,
26/03/2021,2025-10.csv,,,,,,,,,,,,,,,,,,
04/10/2021,2025-10.csv,,,,,,,,,,,,,,,,,,
08/03/2019,2025-10.csv,,,,,,,,,,,,,,,,,,
01/10/2020,2025-10.csv,,,,,,,,,,,,,,,,,,
27/02/2023,2025-10.csv,,,,,,,,,,,,,,,,,,
25/06/2019,2025-10.csv,,,,,,,,,,,,,,,,,,
07/03/2019,2025-10.csv,,,,,,,,,,,,,,,,,,
08/03/2019,2025-10.csv,,,,,,,,,,,,,,,,,,
28/04/2023,2025-10.csv,,,,,,,,,,,,,,,,,,
10/05/2022,2025-10.csv,,,,,,,,,,,,,,,,,,
29/08/2023,2025-10.csv,,,,,,,,,,,,,,,,,,
20/11/2020,2025-10.csv,,,,,,,,,,,,,,,,,,
28/10/2014,2025-10.csv,,,,,,,,,,,,,,,,,,
11/07/2017,2025-10.csv,,,,,,,,,,,,,,,,,,
30/01/2023,2025-10.csv,,,,,,,,,,,,,,,,,,
09/10/2014,2025-10.csv,,,,,,,,,,,,,,,,,,
30/03/2021,2025-10.csv,,,,,,,,,,,,,,,,,,
11/02/2021,2025-10.csv,,,,,,,,,,,,,,,,,,
01/03/2024,2025-10.csv,,,,,,,,,,,,,,,,,,
19/09/2024,2025-10.csv,,,,,,,,,,,,,,,,,,
09/09/2003,2025-10.csv,,,,,,,,,,,,,,,,,,
12/01/2023,2025-10.csv,,,,,,,,,,,,,,,,,,
25/08/2022,2025-10.csv,,,,,,,,,,,,,,,,,,
,2025-10.csv,,,,,,,,,,,,,,,,,,
08/03/2019,2025-10.csv,,,,,,,,,,,,,,,,,,
08/07/2006,2025-10.csv,,,,,,,,,,,,,,,,,,
21/08/2008,2025-10.csv,,,,,,,,,,,,,,,,,,
27/06/2017,2025-10.csv,,,,,,,,,,,,,,,,,,
28/08/2024,2025-10.csv,,,,,,,,,,,,,,,,,,
30/03/2023,2025-10.csv,,,,,,,,,,,,,,,,,,
31/01/2022,2025-10.csv,,,,,,,,,,,,,,,,,,
28/06/2022,2025-10.csv,,,,,,,,,,,,,,,,,,
29/09/2022,2025-10.csv,,,,,,,,,,,,,,,,,,
31/12/2018,2025-10.csv,,,,,,,,,,,,,,,,,,
31/01/2022,2025-10.csv,,,,,,,,,,,,,,,,,,
09/11/2012,2025-10.csv,,,,,,,,,,,,,,,,,,
20/12/2021,2025-10.csv,,,,,,,,,,,,,,,,,,
28/01/2019,2025-10.csv,,,,,,,,,,,,,,,,,,
07/12/2023,2025-10.csv,,,,,,,,,,,,,,,,,,
09/10/2017,2025-10.csv,,,,,,,,,,,,,,,,,,
01/04/2023,2025-10.csv,,,,,,,,,,,,,,,,,,
29/03/2023,2025-10.csv,,,,,,,,,,,,,,,,,,
12/09/2019,2025-10.csv,,,,,,,,,,,,,,,,,,
17/12/2018,2025-10.csv,,,,,,,,,,,,,,,,,,
10/01/2019,2025-10.csv,,,,,,,,,,,,,,,,,,
08/12/2023,2025-10.csv,,,,,,,,,,,,,,,,,,
18/06/2022,2025-10.csv,,,,,,,,,,,,,,,,,,
13/06/2019,2025-10.csv,,,,,,,,,,,,,,,,,,
16/07/2019,2025-10.csv,,,,,,,,,,,,,,,,,,
10/12/2010,2025-10.csv,,,,,,,,,,,,,,,,,,
13/09/2019,2025-10.csv,,,,,,,,,,,,,,,,,,
18/02/2015,2025-10.csv,,,,,,,,,,,,,,,,,,
18/02/2015,2025-10.csv,,,,,,,,,,,,,,,,,,
24/05/2018,2025-10.csv,,,,,,,,,,,,,,,,,,
28/10/2013,2025-10.csv,,,,,,,,,,,,,,,,,,
06/12/2017,2025-10.csv,,,,,,,,,,,,,,,,,,
22/02/2021,2025-10.csv,,,,,,,,,,,,,,,,,,
22/02/2021,2025-10.csv,,,,,,,,,,,,,,,,,,
28/11/2017,2025-10.csv,,,,,,,,,,,,,,,,,,
26/08/2022,2025-10.csv,,,,,,,,,,,,,,,,,,
,2025-10.csv,,,,,,,,,,,,,,,,,,
13/08/2019,2025-10.csv,,,,,,,,,,,,,,,,,,
18/10/2024,2025-10.csv,,,,,,,,,,,,,,,,,,
,2025-10.csv,,,,,,,,,,,,,,,,,,
03/01/2018,2025-10.csv,,,,,,,,,,,,,,,,,,
27/09/2017,2025-10.csv,,,,,,,,,,,,,,,,,,
,2025-10.csv,,,,,,,,,,,,,,,,,,
21/04/2017,2025-10.csv,,,,,,,,,,,,,,,,,,
30/09/2011,2025-10.csv,,,,,,,,,,,,,,,,,,
14/05/2018,2025-10.csv,,,,,,,,,,,,,,,,,,
16/12/2022,2025-10.csv,,,,,,,,,,,,,,,,,,
11/11/2017,2025-10.csv,,,,,,,,,,,,,,,,,,
12/02/2022,2025-10.csv,,,,,,,,,,,,,,,,,,
,2025-10.csv,,,,,,,,,,,,,,,,,,
12/08/2021,2025-10.csv,,,,,,,,,,,,,,,,,,
19/05/2020,2025-10.csv,,,,,,,,,,,,,,,,,,
08/04/2021,2025-10.csv,,,,,,,,,,,,,,,,,,
22/08/2022,2025-10.csv,,,,,,,,,,,,,,,,,,
18/08/2023,2025-10.csv,,,,,,,,,,,,,,,,,,
06/04/2022,2025-10.csv,,,,,,,,,,,,,,,,,,
30/01/2020,2025-10.csv,,,,,,,,,,,,,,,,,,
18/09/2023,2025-10.csv,,,,,,,,,,,,,,,,,,
28/06/2022,2025-10.csv,,,,,,,,,,,,,,,,,,
26/02/2021,2025-10.csv,,,,,,,,,,,,,,,,,,
03/09/2021,2025-10.csv,,,,,,,,,,,,,,,,,,
14/06/2022,2025-10.csv,,,,,,,,,,,,,,,,,,
17/06/2022,2025-10.csv,,,,,,,,,,,,,,,,,,
13/01/2006,2025-10.csv,,,,,,,,,,,,,,,,,,
15/03/2022,2025-10.csv,,,,,,,,,,,,,,,,,,
23/03/2022,2025-10.csv,,,,,,,,,,,,,,,,,,
15/03/2022,2025-10.csv,,,,,,,,,,,,,,,,,,
15/03/2022,2025-10.csv,,,,,,,,,,,,,,,,,,
29/03/2022,2025-10.csv,,,,,,,,,,,,,,,,,,
21/12/2022,2025-10.csv,,,,,,,,,,,,,,,,,,
21/12/2022,2025-10.csv,,,,,,,,,,,,,,,,,,
21/12/2022,2025-10.csv,,,,,,,,,,,,,,,,,,
21/12/2022,2025-10.csv,,,,,,,,,,,,,,,,,,
21/12/2022,2025-10.csv,,,,,,,,,,,,,,,,,,
21/12/2022,2025-10.csv,,,,,,,,,,,,,,,,,,
21/01/2022,2025-10.csv,,,,,,,,,,,,,,,,,,
19/04/2022,2025-10.csv,,,,,,,,,,,,,,,,,,
29/12/2020,2025-10.csv,,,,,,,,,,,,,,,,,,
25/05/2022,2025-10.csv,,,,,,,,,,,,,,,,,,
08/03/2022,2025-10.csv,,,,,,,,,,,,,,,,,,
21/04/2021,2025-10.csv,,,,,,,,,,,,,,,,,,
29/06/2022,2025-10.csv,,,,,,,,,,,,,,,,,,
05/08/2021,2025-10.csv,,,,,,,,,,,,,,,,,,
21/04/2021,2025-10.csv,,,,,,,,,,,,,,,,,,
22/03/2024,2025-10.csv,,,,,,,,,,,,,,,,,,
21/11/2019,2025-10.csv,,,,,,,,,,,,,,,,,,
10/01/2018,2025-10.csv,,,,,,,,,,,,,,,,,,
03/03/2020,2025-10.csv,,,,,,,,,,,,,,,,,,
01/03/2017,2025-10.csv,,,,,,,,,,,,,,,,,,
15/05/2023,2025-10.csv,,,,,,,,,,,,,,,,,,
12/07/2023,2025-10.csv,,,,,,,,,,,,,,,,,,
19/05/2021,2025-10.csv,,,,,,,,,,,,,,,,,,
09/11/2022,2025-10.csv,,,,,,,,,,,,,,,,,,
19/06/2024,2025-10.csv,,,,,,,,,,,,,,,,,,
23/09/2021,2025-10.csv,,,,,,,,,,,,,,,,,,
27/06/2019,2025-10.csv,,,,,,,,,,,,,,,,,,
31/01/2022,2025-10.csv,,,,,,,,,,,,,,,,,,
01/03/2023,2025-10.csv,,,,,,,,,,,,,,,,,,
22/12/2020,2025-10.csv,,,,,,,,,,,,,,,,,,
31/01/2022,2025-10.csv,,,,,,,,,,,,,,,,,,
26/05/2023,2025-10.csv,,,,,,,,,,,,,,,,,,
31/07/2020,2025-10.csv,,,,,,,,,,,,,,,,,,
30/08/2022,2025-10.csv,,,,,,,,,,,,,,,,,,
28/03/2016,2025-10.csv,,,,,,,,,,,,,,,,,,
22/06/2009,2025-10.csv,,,,,,,,,,,,,,,,,,
09/02/2023,2025-10.csv,,,,,,,,,,,,,,,,,,
22/01/2024,2025-10.csv,,,,,,,,,,,,,,,,,,
22/12/2015,2025-10.csv,,,,,,,,,,,,,,,,,,
16/12/2024,2025-10.csv,,,,,,,,,,,,,,,,,,
07/07/2011,2025-10.csv,,,,,,,,,,,,,,,,,,
29/06/2022,2025-10.csv,,,,,,,,,,,,,,,,,,
15/06/2020,2025-10.csv,,,,,,,,,,,,,,,,,,
01/04/2020,2025-10.csv,,,,,,,,,,,,,,,,,,
27/07/2020,2025-10.csv,,,,,,,,,,,,,,,,,,
01/07/2021,2025-10.csv,,,,,,,,,,,,,,,,,,
10/11/2022,2025-10.csv,,,,,,,,,,,,,,,,,,
21/09/2020,2025-10.csv,,,,,,,,,,,,,,,,,,
27/01/2023,2025-10.csv,,,,,,,,,,,,,,,,,,
15/05/2023,2025-10.csv,,,,,,,,,,,,,,,,,,
16/03/2022,2025-10.csv,,,,,,,,,,,,,,,,,,
12/04/2023,2025-10.csv,,,,,,,,,,,,,,,,,,
30/10/2023,2025-10.csv,,,,,,,,,,,,,,,,,,
05/03/2019,2025-10.csv,,,,,,,,,,,,,,,,,,
05/09/2024,2025-10.csv,,,,,,,,,,,,,,,,,,
20/06/2024,2025-10.csv,,,,,,,,,,,,,,,,,,
23/04/2021,2025-10.csv,,,,,,,,,,,,,,,,,,
23/02/2017,2025-10.csv,,,,,,,,,,,,,,,,,,
13/08/2021,2025-10.csv,,,,,,,,,,,,,,,,,,
01/03/2023,2025-10.csv,,,,,,,,,,,,,,,,,,
27/05/2022,2025-10.csv,,,,,,,,,,,,,,,,,,
19/04/2022,2025-10.csv,,,,,,,,,,,,,,,,,,
30/11/2022,2025-10.csv,,,,,,,,,,,,,,,,,,
31/01/2022,2025-10.csv,,,,,,,,,,,,,,,,,,
27/10/2023,2025-10.csv,,,,,,,,,,,,,,,,,,
19/12/2023,2025-10.csv,,,,,,,,,,,,,,,,,,
21/06/2021,2025-10.csv,,,,,,,,,,,,,,,,,,
11/09/2024,2025-10.csv,,,,,,,,,,,,,,,,,,
22/05/2018,2025-10.csv,,,,,,,,,,,,,,,,,,
27/02/2018,2025-10.csv,,,,,,,,,,,,,,,,,,
19/04/2023,2025-10.csv,,,,,,,,,,,,,,,,,,
11/04/2023,2025-10.csv,,,,,,,,,,,,,,,,,,
11/07/2013,2025-10.csv,,,,,,,,,,,,,,,,,,
12/09/2022,2025-10.csv,,,,,,,,,,,,,,,,,,
03/10/2024,2025-10.csv,,,,,,,,,,,,,,,,,,
14/09/2015,2025-10.csv,,,,,,,,,,,,,,,,,,
30/05/2017,2025-10.csv,,,,,,,,,,,,,,,,,,
07/03/2016,2025-10.csv,,,,,,,,,,,,,,,,,,
04/09/2015,2025-10.csv,,,,,,,,,,,,,,,,,,
30/09/2022,2025-10.csv,,,,,,,,,,,,,,,,,,
30/09/2022,2025-10.csv,,,,,,,,,,,,,,,,,,
15/09/2022,2025-10.csv,,,,,,,,,,,,,,,,,,
03/02/2023,2025-10.csv,,,,,,,,,,,,,,,,,,
08/12/2022,2025-10.csv,,,,,,,,,,,,,,,,,,
12/09/2022,2025-10.csv,,,,,,,,,,,,,,,,,,
20/04/2017,2025-10.csv,,,,,,,,,,,,,,,,,,
01/05/2022,2025-10.csv,,,,,,,,,,,,,,,,,,
01/06/2022,2025-10.csv,,,,,,,,,,,,,,,,,,
01/01/1999,2025-10.csv,,,,,,,,,,,,,,,,,,
19/02/2024,2025-10.csv,,,,,,,,,,,,,,,,,,
01/04/2019,2025-10.csv,,,,,,,,,,,,,,,,,,
01/04/2019,2025-10.csv,,,,,,,,,,,,,,,,,,
31/03/2013,2025-10.csv,,,,,,,,,,,,,,,,,,
25/10/2023,2025-10.csv,,,,,,,,,,,,,,,,,,
29/06/2018,2025-10.csv,,,,,,,,,,,,,,,,,,
25/05/2023,2025-10.csv,,,,,,,,,,,,,,,,,,
25/10/2024,2025-10.csv,,,,,,,,,,,,,,,,,,
19/08/2024,2025-10.csv,,,,,,,,,,,,,,,,,,
04/10/2013,2025-10.csv,,,,,,,,,,,,,,,,,,
03/10/2018,2025-10.csv,,,,,,,,,,,,,,,,,,
01/04/2019,2025-10.csv,,,,,,,,,,,,,,,,,,
20/02/2018,2025-10.csv,,,,,,,,,,,,,,,,,,
19/08/2024,2025-10.csv,,,,,,,,,,,,,,,,,,
01/01/2019,2025-10.csv,,,,,,,,,,,,,,,,,,
31/03/2016,2025-10.csv,,,,,,,,,,,,,,,,,,
15/03/2010,2025-10.csv,,,,,,,,,,,,,,,,,,
07/10/2022,2025-10.csv,,,,,,,,,,,,,,,,,,
07/09/2020,2025-10.csv,,,,,,,,,,,,,,,,,,
05/10/2015,2025-10.csv,,,,,,,,,,,,,,,,,,
11/07/2020,2025-10.csv,,,,,,,,,,,,,,,,,,
31/03/2009,2025-10.csv,,,,,,,,,,,,,,,,,,
01/03/2018,2025-10.csv,,,,,,,,,,,,,,,,,,
01/02/2023,2025-10.csv,,,,,,,,,,,,,,,,,,
01/06/2022,2025-10.csv,,,,,,,,,,,,,,,,,,
01/09/2019,2025-10.csv,,,,,,,,,,,,,,,,,,
30/01/2014,2025-10.csv,,,,,,,,,,,,,,,,,,
19/08/2024,2025-10.csv,,,,,,,,,,,,,,,,,,
10/11/2017,2025-10.csv,,,,,,,,,,,,,,,,,,
15/02/2018,2025-10.csv,,,,,,,,,,,,,,,,,,
31/03/2013,2025-10.csv,,,,,,,,,,,,,,,,,,
19/11/2008,2025-10.csv,,,,,,,,,,,,,,,,,,
25/08/2023,2025-10.csv,,,,,,,,,,,,,,,,,,
05/12/2017,2025-10.csv,,,,,,,,,,,,,,,,,,
29/12/2010,2025-10.csv,,,,,,,,,,,,,,,,,,
07/06/2024,2025-10.csv,,,,,,,,,,,,,,,,,,
01/03/2019,2025-10.csv,,,,,,,,,,,,,,,,,,
31/05/2022,2025-10.csv,,,,,,,,,,,,,,,,,,
11/11/2022,2025-10.csv,,,,,,,,,,,,,,,,,,
,2025-10.csv,,,,,,,,,,,,,,,,,,
15/07/2009,2025-10.csv,,,,,,,,,,,,,,,,,,
01/11/2021,2025-10.csv,,,,,,,,,,,,,,,,,,
28/02/2008,2025-10.csv,,,,,,,,,,,,,,,,,,
01/01/2023,2025-10.csv,,,,,,,,,,,,,,,,,,
23/08/2023,2025-10.csv,,,,,,,,,,,,,,,,,,
31/03/2022,2025-10.csv,,,,,,,,,,,,,,,,,,
31/01/2019,2025-10.csv,,,,,,,,,,,,,,,,,,
26/08/2015,2025-10.csv,,,,,,,,,,,,,,,,,,
30/01/2025,2025-10.csv,,,,,,,,,,,,,,,,,,
28/08/2023,2025-10.csv,,,,,,,,,,,,,,,,,,
29/03/2023,2025-10.csv,,,,,,,,,,,,,,,,,,
19/02/2024,2025-10.csv,,,,,,,,,,,,,,,,,,
25/08/2023,2025-10.csv,,,,,,,,,,,,,,,,,,
06/12/2023,2025-10.csv,,,,,,,,,,,,,,,,,,
21/11/2022,2025-10.csv,,,,,,,,,,,,,,,,,,
04/10/2017,2025-10.csv,,,,,,,,,,,,,,,,,,
25/08/2023,2025-10.csv,,,,,,,,,,,,,,,,,,
31/03/2016,2025-10.csv,,,,,,,,,,,,,,,,,,
31/03/2016,2025-10.csv,,,,,,,,,,,,,,,,,,
20/02/2013,2025-10.csv,,,,,,,,,,,,,,,,,,
08/12/2015,2025-10.csv,,,,,,,,,,,,,,,,,,
02/09/2016,2025-10.csv,,,,,,,,,,,,,,,,,,
01/12/2019,2025-10.csv,,,,,,,,,,,,,,,,,,
15/03/2010,2025-10.csv,,,,,,,,,,,,,,,,,,
03/04/2023,2025-10.csv,,,,,,,,,,,,,,,,,,
19/08/2002,2025-10.csv,,,,,,,,,,,,,,,,,,
11/04/2023,2025-10.csv,,,,,,,,,,,,,,,,,,
01/04/2013,2025-10.csv,,,,,,,,,,,,,,,,,,
01/07/2011,2025-10.csv,,,,,,,,,,,,,,,,,,
05/04/2014,2025-10.csv,,,,,,,,,,,,,,,,,,
01/07/2018,2025-10.csv,,,,,,,,,,,,,,,,,,
29/01/2018,2025-10.csv,,,,,,,,,,,,,,,,,,
09/04/2025,2025-10.csv,,,,,,,,,,,,,,,,,,
01/03/2023,2025-10.csv,,,,,,,,,,,,,,,,,,
25/08/2023,2025-10.csv,,,,,,,,,,,,,,,,,,
01/04/2019,2025-10.csv,,,,,,,,,,,,,,,,,,
27/07/2023,2025-10.csv,,,,,,,,,,,,,,,,,,
31/03/2017,2025-10.csv,,,,,,,,,,,,,,,,,,
30/09/2020,2025-10.csv,,,,,,,,,,,,,,,,,,
31/03/2011,2025-10.csv,,,,,,,,,,,,,,,,,,
05/10/2007,2025-10.csv,,,,,,,,,,,,,,,,,,
13/09/2018,2025-10.csv,,,,,,,,,,,,,,,,,,
31/03/2010,2025-10.csv,,,,,,,,,,,,,,,,,,
20/07/2015,2025-10.csv,,,,,,,,,,,,,,,,,,
01/04/2014,2025-10.csv,,,,,,,,,,,,,,,,,,
21/08/2019,2025-10.csv,,,,,,,,,,,,,,,,,,
02/09/2016,2025-10.csv,,,,,,,,,,,,,,,,,,
08/12/2015,2025-10.csv,,,,,,,,,,,,,,,,,,
01/11/2018,2025-10.csv,,,,,,,,,,,,,,,,,,
10/11/2017,2025-10.csv,,,,,,,,,,,,,,,,,,
18/11/2015,2025-10.csv,,,,,,,,,,,,,,,,,,
21/08/2015,2025-10.csv,,,,,,,,,,,,,,,,,,
,2025-10.csv,,,,,,,,,,,,,,,,,,
18/02/2018,2025-10.csv,,,,,,,,,,,,,,,,,,
04/07/2017,2025-10.csv,,,,,,,,,,,,,,,,,,
14/03/2023,2025-10.csv,,,,,,,,,,,,,,,,,,
14/03/2023,2025-10.csv,,,,,,,,,,,,,,,,,,
30/09/2016,2025-10.csv,,,,,,,,,,,,,,,,,,
01/03/2018,2025-10.csv,,,,,,,,,,,,,,,,,,
08/09/2016,2025-10.csv,,,,,,,,,,,,,,,,,,
31/03/2013,2025-10.csv,,,,,,,,,,,,,,,,,,
28/06/2010,2025-10.csv,,,,,,,,,,,,,,,,,,
05/03/2010,2025-10.csv,,,,,,,,,,,,,,,,,,
27/01/2014,2025-10.csv,,,,,,,,,,,,,,,,,,
28/07/2015,2025-10.csv,,,,,,,,,,,,,,,,,,
01/08/2022,2025-10.csv,,,,,,,,,,,,,,,,,,
02/06/2016,2025-10.csv,,,,,,,,,,,,,,,,,,
31/03/2016,2025-10.csv,,,,,,,,,,,,,,,,,,
19/09/2017,2025-10.csv,,,,,,,,,,,,,,,,,,
31/03/2013,2025-10.csv,,,,,,,,,,,,,,,,,,
20/04/2019,2025-10.csv,,,,,,,,,,,,,,,,,,
05/09/2016,2025-10.csv,,,,,,,,,,,,,,,,,,
11/04/2025,2025-10.csv,,,,,,,,,,,,,,,,,,
05/03/2016,2025-10.csv,,,,,,,,,,,,,,,,,,
13/09/2018,2025-10.csv,,,,,,,,,,,,,,,,,,
31/03/1994,2025-10.csv,,,,,,,,,,,,,,,,,,
04/11/2004,2025-10.csv,,,,,,,,,,,,,,,,,,
08/12/2015,2025-10.csv,,,,,,,,,,,,,,,,,,
14/07/2023,2025-10.csv,,,,,,,,,,,,,,,,,,
31/03/2009,2025-10.csv,,,,,,,,,,,,,,,,,,
03/04/2023,2025-10.csv,,,,,,,,,,,,,,,,,,
01/01/2014,2025-10.csv,,,,,,,,,,,,,,,,,,
16/05/2016,2025-10.csv,,,,,,,,,,,,,,,,,,
22/03/2017,2025-10.csv,,,,,,,,,,,,,,,,,,
24/01/2007,2025-10.csv,,,,,,,,,,,,,,,,,,
27/08/2021,2025-10.csv,,,,,,,,,,,,,,,,,,
01/03/2019,2025-10.csv,,,,,,,,,,,,,,,,,,
19/02/2024,2025-10.csv,,,,,,,,,,,,,,,,,,
19/02/2024,2025-10.csv,,,,,,,,,,,,,,,,,,
12/09/2022,2025-10.csv,,,,,,,,,,,,,,,,,,
01/09/2022,2025-10.csv,,,,,,,,,,,,,,,,,,
16/07/2016,2025-10.csv,,,,,,,,,,,,,,,,,,
13/09/2018,2025-10.csv,,,,,,,,,,,,,,,,,,
01/04/2012,2025-10.csv,,,,,,,,,,,,,,,,,,
11/12/2015,2025-10.csv,,,,,,,,,,,,,,,,,,
17/01/2017,2025-10.csv,,,,,,,,,,,,,,,,,,
01/09/2012,2025-10.csv,,,,,,,,,,,,,,,,,,
08/12/2015,2025-10.csv,,,,,,,,,,,,,,,,,,
25/08/2023,2025-10.csv,,,,,,,,,,,,,,,,,,
25/09/2019,2025-10.csv,,,,,,,,,,,,,,,,,,
01/04/2019,2025-10.csv,,,,,,,,,,,,,,,,,,
09/05/2008,2025-10.csv,,,,,,,,,,,,,,,,,,
30/11/2016,2025-10.csv,,,,,,,,,,,,,,,,,,
31/03/2015,2025-10.csv,,,,,,,,,,,,,,,,,,
09/02/2011,2025-10.csv,,,,,,,,,,,,,,,,,,
01/03/2018,2025-10.csv,,,,,,,,,,,,,,,,,,
17/05/2022,2025-10.csv,,,,,,,,,,,,,,,,,,
31/03/2012,2025-10.csv,,,,,,,,,,,,,,,,,,
24/07/2008,2025-10.csv,,,,,,,,,,,,,,,,,,
01/10/2019,2025-10.csv,,,,,,,,,,,,,,,,,,
31/03/1983,2025-10.csv,,,,,,,,,,,,,,,,,,
07/03/2019,2025-10.csv,,,,,,,,,,,,,,,,,,
10/03/2019,2025-10.csv,,,,,,,,,,,,,,,,,,
,2025-10.csv,,,,,,,,,,,,,,,,,,
04/07/2017,2025-10.csv,,,,,,,,,,,,,,,,,,
17/10/2022,2025-10.csv,,,,,,,,,,,,,,,,,,
01/02/2023,2025-10.csv,,,,,,,,,,,,,,,,,,
01/09/2019,2025-10.csv,,,,,,,,,,,,,,,,,,
01/09/2019,2025-10.csv,,,,,,,,,,,,,,,,,,
19/06/2012,2025-10.csv,,,,,,,,,,,,,,,,,,
31/03/2008,2025-10.csv,,,,,,,,,,,,,,,,,,
01/04/2017,2025-10.csv,,,,,,,,,,,,,,,,,,
07/10/2021,2025-10.csv,,,,,,,,,,,,,,,,,,
02/11/2010,2025-10.csv,,,,,,,,,,,,,,,,,,
01/06/2020,2025-10.csv,,,,,,,,,,,,,,,,,,
26/08/2022,2025-10.csv,,,,,,,,,,,,,,,,,,
31/08/2023,2025-10.csv,,,,,,,,,,,,,,,,,,
01/04/2019,2025-10.csv,,,,,,,,,,,,,,,,,,
29/06/2018,2025-10.csv,,,,,,,,,,,,,,,,,,
01/05/2022,2025-10.csv,,,,,,,,,,,,,,,,,,
15/11/2007,2025-10.csv,,,,,,,,,,,,,,,,,,
30/05/2017,2025-10.csv,,,,,,,,,,,,,,,,,,
31/03/2014,2025-10.csv,,,,,,,,,,,,,,,,,,
08/04/2025,2025-10.csv,,,,,,,,,,,,,,,,,,
21/11/2022,2025-10.csv,,,,,,,,,,,,,,,,,,
08/08/2022,2025-10.csv,,,,,,,,,,,,,,,,,,
01/01/2016,2025-10.csv,,,,,,,,,,,,,,,,,,
10/06/2016,2025-10.csv,,,,,,,,,,,,,,,,,,
13/02/2024,2025-10.csv,,,,,,,,,,,,,,,,,,
01/02/2023,2025-10.csv,,,,,,,,,,,,,,,,,,
24/11/2024,2025-10.csv,,,,,,,,,,,,,,,,,,
01/07/2016,2025-10.csv,,,,,,,,,,,,,,,,,,
07/10/2021,2025-10.csv,,,,,,,,,,,,,,,,,,
08/09/2016,2025-10.csv,,,,,,,,,,,,,,,,,,
31/03/2001,2025-10.csv,,,,,,,,,,,,,,,,,,
31/03/2016,2025-10.csv,,,,,,,,,,,,,,,,,,
19/10/2015,2025-10.csv,,,,,,,,,,,,,,,,,,
01/04/2008,2025-10.csv,,,,,,,,,,,,,,,,,,
31/03/2008,2025-10.csv,,,,,,,,,,,,,,,,,,
01/10/2019,2025-10.csv,,,,,,,,,,,,,,,,,,
24/01/2023,2025-10.csv,,,,,,,,,,,,,,,,,,
25/05/2022,2025-10.csv,,,,,,,,,,,,,,,,,,
28/04/2023,2025-10.csv,,,,,,,,,,,,,,,,,,
24/01/2023,2025-10.csv,,,,,,,,,,,,,,,,,,
01/04/2016,2025-10.csv,,,,,,,,,,,,,,,,,,
01/02/2023,2025-10.csv,,,,,,,,,,,,,,,,,,
10/11/2016,2025-10.csv,,,,,,,,,,,,,,,,,,
19/01/2023,2025-10.csv,,,,,,,,,,,,,,,,,,
24/01/2024,2025-10.csv,,,,,,,,,,,,,,,,,,
01/03/2018,2025-10.csv,,,,,,,,,,,,,,,,,,
02/08/2019,2025-10.csv,,,,,,,,,,,,,,,,,,
10/08/2017,2025-10.csv,,,,,,,,,,,,,,,,,,
15/12/2023,2025-10.csv,,,,,,,,,,,,,,,,,,
18/11/2015,2025-10.csv,,,,,,,,,,,,,,,,,,
03/02/2023,2025-10.csv,,,,,,,,,,,,,,,,,,
01/05/2022,2025-10.csv,,,,,,,,,,,,,,,,,,
11/09/2024,2025-10.csv,,,,,,,,,,,,,,,,,,
01/11/2015,2025-10.csv,,,,,,,,,,,,,,,,,,
19/02/2024,2025-10.csv,,,,,,,,,,,,,,,,,,
01/12/2022,2025-10.csv,,,,,,,,,,,,,,,,,,
,2025-10.csv,,,,,,,,,,,,,,,,,,
19/09/2019,2025-10.csv,,,,,,,,,,,,,,,,,,
30/10/2009,2025-10.csv,,,,,,,,,,,,,,,,,,
29/08/2018,2025-10.csv,,,,,,,,,,,,,,,,,,
01/10/2019,2025-10.csv,,,,,,,,,,,,,,,,,,
06/10/2022,2025-10.csv,,,,,,,,,,,,,,,,,,
31/03/2004,2025-10.csv,,,,,,,,,,,,,,,,,,
31/03/2001,2025-10.csv,,,,,,,,,,,,,,,,,,
21/07/2022,2025-10.csv,,,,,,,,,,,,,,,,,,
16/09/2016,2025-10.csv,,,,,,,,,,,,,,,,,,
24/11/2016,2025-10.csv,,,,,,,,,,,,,,,,,,
21/07/2008,2025-10.csv,,,,,,,,,,,,,,,,,,
17/04/2025,2025-10.csv,,,,,,,,,,,,,,,,,,
20/04/2020,2025-10.csv,,,,,,,,,,,,,,,,,,
28/08/2017,2025-10.csv,,,,,,,,,,,,,,,,,,
29/10/2013,2025-10.csv,,,,,,,,,,,,,,,,,,
22/04/2016,2025-10.csv,,,,,,,,,,,,,,,,,,
24/08/2016,2025-10.csv,,,,,,,,,,,,,,,,,,
10/06/2016,2025-10.csv,,,,,,,,,,,,,,,,,,
10/06/2016,2025-10.csv,,,,,,,,,,,,,,,,,,
17/05/2017,2025-10.csv,,,,,,,,,,,,,,,,,,
20/12/2017,2025-10.csv,,,,,,,,,,,,,,,,,,
28/02/2008,2025-10.csv,,,,,,,,,,,,,,,,,,
25/08/2023,2025-10.csv,,,,,,,,,,,,,,,,,,
01/06/2020,2025-10.csv,,,,,,,,,,,,,,,,,,
01/12/2019,2025-10.csv,,,,,,,,,,,,,,,,,,
12/06/2018,2025-10.csv,,,,,,,,,,,,,,,,,,
01/04/2019,2025-10.csv,,,,,,,,,,,,,,,,,,
30/12/2020,2025-10.csv,,,,,,,,,,,,,,,,,,
30/12/2020,2025-10.csv,,,,,,,,,,,,,,,,,,
07/11/2019,2025-10.csv,,,,,,,,,,,,,,,,,,
19/07/2021,2025-10.csv,,,,,,,,,,,,,,,,,,
05/07/2016,2025-10.csv,,,,,,,,,,,,,,,,,,
29/02/2016,2025-10.csv,,,,,,,,,,,,,,,,,,
,2025-10.csv,,,,,,,,,,,,,,,,,,
25/04/2018,2025-10.csv,,,,,,,,,,,,,,,,,,
,2025-10.csv,,,,,,,,,,,,,,,,,,
23/05/2022,2025-10.csv,,,,,,,,,,,,,,,,,,
21/10/2022,2025-10.csv,,,,,,,,,,,,,,,,,,
,2025-10.csv,,,,,,,,,,,,,,,,,,
30/09/2021,2025-10.csv,,,,,,,,,,,,,,,,,,
,2025-10.csv,,,,,,,,,,,,,,,,,,
,2025-10.csv,,,,,,,,,,,,,,,,,,
,2025-10.csv,,,,,,,,,,,,,,,,,,
,2025-10.csv,,,,,,,,,,,,,,,,,,
28/11/2014,2025-10.csv,,,,,,,,,,,,,,,,,,
21/01/2022,2025-10.csv,,,,,,,,,,,,,,,,,,
09/07/2024,2025-10.csv,,,,,,,,,,,,,,,,,,
30/03/2015,2025-10.csv,,,,,,,,,,,,,,,,,,
10/11/2015,2025-10.csv,,,,,,,,,,,,,,,,,,
11/09/2023,2025-10.csv,,,,,,,,,,,,,,,,,,
15/11/2023,2025-10.csv,,,,,,,,,,,,,,,,,,
30/11/2023,2025-10.csv,,,,,,,,,,,,,,,,,,
31/10/2023,2025-10.csv,,,,,,,,,,,,,,,,,,
20/01/2025,2025-10.csv,,,,,,,,,,,,,,,,,,
26/07/2024,2025-10.csv,,,,,,,,,,,,,,,,,,
28/03/2024,2025-10.csv,,,,,,,,,,,,,,,,,,
11/07/2024,2025-10.csv,,,,,,,,,,,,,,,,,,
09/08/2023,2025-10.csv,,,,,,,,,,,,,,,,,,
,2025-10.csv,,,,,,,,,,,,,,,,,,
20/01/2025,2025-10.csv,,,,,,,,,,,,,,,,,,
20/01/2025,2025-10.csv,,,,,,,,,,,,,,,,,,
16/11/2024,2025-10.csv,,,,,,,,,,,,,,,,,,
09/09/2024,2025-10.csv,,,,,,,,,,,,,,,,,,
13/12/2019,2025-10.csv,,,,,,,,,,,,,,,,,,
01/11/2020,2025-10.csv,,,,,,,,,,,,,,,,,,
,2025-10.csv,,,,,,,,,,,,,,,,,,
19/07/2017,2025-10.csv,,,,,,,,,,,,,,,,,,
27/04/2022,2025-10.csv,,,,,,,,,,,,,,,,,,
,2025-10.csv,,,,,,,,,,,,,,,,,,
31/05/2023,2025-10.csv,,,,,,,,,,,,,,,,,,
16/02/2024,2025-10.csv,,,,,,,,,,,,,,,,,,
19/03/2020,2025-10.csv,,,,,,,,,,,,,,,,,,
08/05/2023,2025-10.csv,,,,,,,,,,,,,,,,,,
17/11/2021,2025-10.csv,,,,,,,,,,,,,,,,,,
19/09/2019,2025-10.csv,,,,,,,,,,,,,,,,,,
09/12/2020,2025-10.csv,,,,,,,,,,,,,,,,,,
27/07/2022,2025-10.csv,,,,,,,,,,,,,,,,,,
09/10/2014,2025-10.csv,,,,,,,,,,,,,,,,,,
22/02/2019,2025-10.csv,,,,,,,,,,,,,,,,,,
28/08/2024,2025-10.csv,,,,,,,,,,,,,,,,,,
21/03/2025,2025-10.csv,,,,,,,,,,,,,,,,,,
01/05/2023,2025-10.csv,,,,,,,,,,,,,,,,,,
24/03/2025,2025-10.csv,,,,,,,,,,,,,,,,,,
08/10/2025,2025-10.csv,,,,,,,,,,,,,,,,,,
24/02/2025,2025-10.csv,,,,,,,,,,,,,,,,,,
15/10/2024,2025-10.csv,,,,,,,,,,,,,,,,,,
18/02/2025,2025-10.csv,,,,,,,,,,,,,,,,,,
18/02/2025,2025-10.csv,,,,,,,,,,,,,,,,,,
14/10/2014,2025-10.csv,,,,,,,,,,,,,,,,,,
02/09/2024,2025-10.csv,,,,,,,,,,,,,,,,,,
25/11/2024,2025-10.csv,,,,,,,,,,,,,,,,,,
21/03/2023,2025-10.csv,,,,,,,,,,,,,,,,,,
07/06/2024,2025-10.csv,,,,,,,,,,,,,,,,,,
24/02/2012,2025-10.csv,,,,,,,,,,,,,,,,,,
,2025-10.csv,,,,,,,,,,,,,,,,,,
04/08/2025,2025-10.csv,,,,,,,,,,,,,,,,,,
01/12/2014,2025-10.csv,,,,,,,,,,,,,,,,,,
07/11/2024,2025-10.csv,,,,,,,,,,,,,,,,,,
18/03/2025,2025-10.csv,,,,,,,,,,,,,,,,,,
24/03/2025,2025-10.csv,,,,,,,,,,,,,,,,,,
16/01/2025,2025-10.csv,,,,,,,,,,,,,,,,,,
13/01/2022,2025-10.csv,,,,,,,,,,,,,,,,,,
21/03/2023,2025-10.csv,,,,,,,,,,,,,,,,,,
21/03/2023,2025-10.csv,,,,,,,,,,,,,,,,,,
15/07/2024,2025-10.csv,,,,,,,,,,,,,,,,,,
09/02/2024,2025-10.csv,,,,,,,,,,,,,,,,,,
21/03/2025,2025-10.csv,,,,,,,,,,,,,,,,,,
26/12/2023,2025-10.csv,,,,,,,,,,,,,,,,,,
27/09/2023,2025-10.csv,,,,,,,,,,,,,,,,,,
09/02/2024,2025-10.csv,,,,,,,,,,,,,,,,,,
26/12/2023,2025-10.csv,,,,,,,,,,,,,,,,,,
04/06/2025,2025-10.csv,,,,,,,,,,,,,,,,,,
01/02/2022,2025-10.csv,,,,,,,,,,,,,,,,,,
30/05/2024,2025-10.csv,,,,,,,,,,,,,,,,,,
01/11/2023,2025-10.csv,,,,,,,,,,,,,,,,,,
01/07/2023,2025-10.csv,,,,,,,,,,,,,,,,,,
15/10/2024,2025-10.csv,,,,,,,,,,,,,,,,,,
19/11/2024,2025-10.csv,,,,,,,,,,,,,,,,,,
07/11/2024,2025-10.csv,,,,,,,,,,,,,,,,,,
27/12/2023,2025-10.csv,,,,,,,,,,,,,,,,,,
27/12/2023,2025-10.csv,,,,,,,,,,,,,,,,,,
15/10/2024,2025-10.csv,,,,,,,,,,,,,,,,,,
19/08/2024,2025-10.csv,,,,,,,,,,,,,,,,,,
22/08/2024,2025-10.csv,,,,,,,,,,,,,,,,,,
19/08/2024,2025-10.csv,,,,,,,,,,,,,,,,,,
23/08/2024,2025-10.csv,,,,,,,,,,,,,,,,,,
12/11/2024,2025-10.csv,,,,,,,,,,,,,,,,,,
12/11/2024,2025-10.csv,,,,,,,,,,,,,,,,,,
30/12/2024,2025-10.csv,,,,,,,,,,,,,,,,,,
27/09/2023,2025-10.csv,,,,,,,,,,,,,,,,,,
26/10/2023,2025-10.csv,,,,,,,,,,,,,,,,,,
30/10/2023,2025-10.csv,,,,,,,,,,,,,,,,,,
01/11/2023,2025-10.csv,,,,,,,,,,,,,,,,,,
01/12/2021,2025-10.csv,,,,,,,,,,,,,,,,,,
01/12/2022,2025-10.csv,,,,,,,,,,,,,,,,,,
24/03/2025,2025-10.csv,,,,,,,,,,,,,,,,,,
23/11/2022,2025-10.csv,,,,,,,,,,,,,,,,,,
01/03/2022,2025-10.csv,,,,,,,,,,,,,,,,,,
10/12/2024,2025-10.csv,,,,,,,,,,,,,,,,,,
24/09/2025,2025-10.csv,,,,,,,,,,,,,,,,,,
27/03/2025,2025-10.csv,,,,,,,,,,,,,,,,,,
30/08/2024,2025-10.csv,,,,,,,,,,,,,,,,,,
11/05/2022,2025-10.csv,,,,,,,,,,,,,,,,,,
01/02/2022,2025-10.csv,,,,,,,,,,,,,,,,,,
28/03/2023,2025-10.csv,,,,,,,,,,,,,,,,,,
10/01/2025,2025-10.csv,,,,,,,,,,,,,,,,,,
01/02/2023,2025-10.csv,,,,,,,,,,,,,,,,,,
27/05/2019,2025-10.csv,,,,,,,,,,,,,,,,,,
17/11/2014,2025-10.csv,,,,,,,,,,,,,,,,,,
09/03/2019,2025-10.csv,,,,,,,,,,,,,,,,,,
30/11/2018,2025-10.csv,,,,,,,,,,,,,,,,,,
07/06/2021,2025-10.csv,,,,,,,,,,,,,,,,,,
21/02/2014,2025-10.csv,,,,,,,,,,,,,,,,,,
28/03/2024,2025-10.csv,,,,,,,,,,,,,,,,,,
03/01/2025,2025-10.csv,,,,,,,,,,,,,,,,,,
07/03/2019,2025-10.csv,,,,,,,,,,,,,,,,,,
04/07/2019,2025-10.csv,,,,,,,,,,,,,,,,,,
30/11/2018,2025-10.csv,,,,,,,,,,,,,,,,,,
24/04/2018,2025-10.csv,,,,,,,,,,,,,,,,,,
27/05/2019,2025-10.csv,,,,,,,,,,,,,,,,,,
21/11/2022,2025-10.csv,,,,,,,,,,,,,,,,,,
18/07/2013,2025-10.csv,,,,,,,,,,,,,,,,,,
29/12/2022,2025-10.csv,,,,,,,,,,,,,,,,,,
26/04/2018,2025-10.csv,,,,,,,,,,,,,,,,,,
27/02/2019,2025-10.csv,,,,,,,,,,,,,,,,,,
23/10/2023,2025-10.csv,,,,,,,,,,,,,,,,,,
04/09/2024,2025-10.csv,,,,,,,,,,,,,,,,,,
09/03/2019,2025-10.csv,,,,,,,,,,,,,,,,,,
04/09/2024,2025-10.csv,,,,,,,,,,,,,,,,,,
06/05/2020,2025-10.csv,,,,,,,,,,,,,,,,,,
12/10/2017,2025-10.csv,,,,,,,,,,,,,,,,,,
10/05/2018,2025-10.csv,,,,,,,,,,,,,,,,,,
06/05/2020,2025-10.csv,,,,,,,,,,,,,,,,,,
11/08/2017,2025-10.csv,,,,,,,,,,,,,,,,,,
11/08/2017,2025-10.csv,,,,,,,,,,,,,,,,,,
08/03/2010,2025-10.csv,,,,,,,,,,,,,,,,,,
08/03/2010,2025-10.csv,,,,,,,,,,,,,,,,,,
18/11/2016,2025-10.csv,,,,,,,,,,,,,,,,,,
02/02/2017,2025-10.csv,,,,,,,,,,,,,,,,,,
15/12/2015,2025-10.csv,,,,,,,,,,,,,,,,,,
02/02/2017,2025-10.csv,,,,,,,,,,,,,,,,,,
23/02/2016,2025-10.csv,,,,,,,,,,,,,,,,,,
02/02/2017,2025-10.csv,,,,,,,,,,,,,,,,,,
21/12/2016,2025-10.csv,,,,,,,,,,,,,,,,,,
18/10/2018,2025-10.csv,,,,,,,,,,,,,,,,,,
18/11/2016,2025-10.csv,,,,,,,,,,,,,,,,,,
15/03/2017,2025-10.csv,,,,,,,,,,,,,,,,,,
15/03/2017,2025-10.csv,,,,,,,,,,,,,,,,,,
08/07/2016,2025-10.csv,,,,,,,,,,,,,,,,,,
18/11/2016,2025-10.csv,,,,,,,,,,,,,,,,,,
18/11/2016,2025-10.csv,,,,,,,,,,,,,,,,,,
10/12/2015,2025-10.csv,,,,,,,,,,,,,,,,,,
18/11/2016,2025-10.csv,,,,,,,,,,,,,,,,,,
15/03/2017,2025-10.csv,,,,,,,,,,,,,,,,,,
02/02/2017,2025-10.csv,,,,,,,,,,,,,,,,,,
13/11/2015,2025-10.csv,,,,,,,,,,,,,,,,,,
15/03/2017,2025-10.csv,,,,,,,,,,,,,,,,,,
15/03/2017,2025-10.csv,,,,,,,,,,,,,,,,,,
26/05/2016,2025-10.csv,,,,,,,,,,,,,,,,,,
15/03/2017,2025-10.csv,,,,,,,,,,,,,,,,,,
18/08/2020,2025-10.csv,,,,,,,,,,,,,,,,,,
22/07/2020,2025-10.csv,,,,,,,,,,,,,,,,,,
01/04/2009,2025-10.csv,,,,,,,,,,,,,,,,,,
01/04/2007,2025-10.csv,,,,,,,,,,,,,,,,,,
01/04/2008,2025-10.csv,,,,,,,,,,,,,,,,,,
10/05/2002,2025-10.csv,,,,,,,,,,,,,,,,,,
01/04/1996,2025-10.csv,,,,,,,,,,,,,,,,,,
01/04/2017,2025-10.csv,,,,,,,,,,,,,,,,,,
01/04/2008,2025-10.csv,,,,,,,,,,,,,,,,,,
01/04/2005,2025-10.csv,,,,,,,,,,,,,,,,,,
01/04/2005,2025-10.csv,,,,,,,,,,,,,,,,,,
01/04/1997,2025-10.csv,,,,,,,,,,,,,,,,,,
01/04/2006,2025-10.csv,,,,,,,,,,,,,,,,,,
31/10/2023,2025-10.csv,,,,,,,,,,,,,,,,,,
01/04/2017,2025-10.csv,,,,,,,,,,,,,,,,,,
01/04/2003,2025-10.csv,,,,,,,,,,,,,,,,,,
01/04/2008,2025-10.csv,,,,,,,,,,,,,,,,,,
01/04/2009,2025-10.csv,,,,,,,,,,,,,,,,,,
01/04/2008,2025-10.csv,,,,,,,,,,,,,,,,,,
01/04/2008,2025-10.csv,,,,,,,,,,,,,,,,,,
01/04/2007,2025-10.csv,,,,,,,,,,,,,,,,,,
01/04/2009,2025-10.csv,,,,,,,,,,,,,,,,,,
01/08/2017,2025-10.csv,,,,,,,,,,,,,,,,,,
01/04/2017,2025-10.csv,,,,,,,,,,,,,,,,,,
20/01/2009,2025-10.csv,,,,,,,,,,,,,,,,,,
01/04/2007,2025-10.csv,,,,,,,,,,,,,,,,,,
01/04/2017,2025-10.csv,,,,,,,,,,,,,,,,,,
01/04/2007,2025-10.csv,,,,,,,,,,,,,,,,,,
03/02/2016,2025-10.csv,,,,,,,,,,,,,,,,,,
01/04/2005,2025-10.csv,,,,,,,,,,,,,,,,,,
01/04/2017,2025-10.csv,,,,,,,,,,,,,,,,,,
01/04/1996,2025-10.csv,,,,,,,,,,,,,,,,,,
01/04/2017,2025-10.csv,,,,,,,,,,,,,,,,,,
08/02/2010,2025-10.csv,,,,,,,,,,,,,,,,,,
01/04/2005,2025-10.csv,,,,,,,,,,,,,,,,,,
01/04/2011,2025-10.csv,,,,,,,,,,,,,,,,,,
01/04/2017,2025-10.csv,,,,,,,,,,,,,,,,,,
01/04/1997,2025-10.csv,,,,,,,,,,,,,,,,,,
01/04/2014,2025-10.csv,,,,,,,,,,,,,,,,,,
01/04/2017,2025-10.csv,,,,,,,,,,,,,,,,,,
01/04/1996,2025-10.csv,,,,,,,,,,,,,,,,,,
,2026-07.csv,,"Expenditure (Cumm.)
(in Cr)",,,,,,,,,,,,,,,,
,2026-07.csv,,435.31,,,,,,,,,,,,,,,,
,2026-07.csv,,83.68,,,,,,,,,,,,,,,,
,2026-07.csv,,0,,,,,,,,,,,,,,,,
,2026-07.csv,,562.13,,,,,,,,,,,,,,,,
,2026-07.csv,,223.41,,,,,,,,,,,,,,,,
,2026-07.csv,,502,,,,,,,,,,,,,,,,
,2026-07.csv,,83.16,,,,,,,,,,,,,,,,
,2026-07.csv,,1.79,,,,,,,,,,,,,,,,
,2026-07.csv,,1002.73,,,,,,,,,,,,,,,,
,2026-07.csv,,0,,,,,,,,,,,,,,,,
,2026-07.csv,,70.37,,,,,,,,,,,,,,,,
,2026-07.csv,,743.46,,,,,,,,,,,,,,,,
,2026-07.csv,,512.55,,,,,,,,,,,,,,,,
,2026-07.csv,,8504.21,,,,,,,,,,,,,,,,
,2026-07.csv,,8722.82,,,,,,,,,,,,,,,,
,2026-07.csv,,455.95,,,,,,,,,,,,,,,,
,2026-07.csv,,1953.58,,,,,,,,,,,,,,,,
,2026-07.csv,,3.43,,,,,,,,,,,,,,,,
,2026-07.csv,,112.17,,,,,,,,,,,,,,,,
,2026-07.csv,,382.47,,,,,,,,,,,,,,,,
,2026-07.csv,,69.85,,,,,,,,,,,,,,,,
,2026-07.csv,,41.17,,,,,,,,,,,,,,,,
,2026-07.csv,,105.07,,,,,,,,,,,,,,,,
,2026-07.csv,,2268.62,,,,,,,,,,,,,,,,
,2026-07.csv,,175.59,,,,,,,,,,,,,,,,
,2026-07.csv,,237.61,,,,,,,,,,,,,,,,
,2026-07.csv,,577.32,,,,,,,,,,,,,,,,
,2026-07.csv,,1062.32,,,,,,,,,,,,,,,,
,2026-07.csv,,879.15,,,,,,,,,,,,,,,,
,2026-07.csv,,624.78,,,,,,,,,,,,,,,,
,2026-07.csv,,971.47,,,,,,,,,,,,,,,,
,2026-07.csv,,4491.08,,,,,,,,,,,,,,,,
,2026-07.csv,,620.15,,,,,,,,,,,,,,,,
,2026-07.csv,,814.02,,,,,,,,,,,,,,,,
,2026-07.csv,,2270.96,,,,,,,,,,,,,,,,
,2026-07.csv,,3123.2,,,,,,,,,,,,,,,,
,2026-07.csv,,33192,,,,,,,,,,,,,,,,
,2026-07.csv,,649.52,,,,,,,,,,,,,,,,
,2026-07.csv,,17.03,,,,,,,,,,,,,,,,
,2026-07.csv,,772.12,,,,,,,,,,,,,,,,
,2026-07.csv,,456.48,,,,,,,,,,,,,,,,
,2026-07.csv,,5023.49,,,,,,,,,,,,,,,,
,2026-07.csv,,1432.45,,,,,,,,,,,,,,,,
,2026-07.csv,,118.97,,,,,,,,,,,,,,,,
,2026-07.csv,,325.09,,,,,,,,,,,,,,,,
,2026-07.csv,,1039.65,,,,,,,,,,,,,,,,
,2026-07.csv,,2299.77,,,,,,,,,,,,,,,,
,2026-07.csv,,598.34,,,,,,,,,,,,,,,,
,2026-07.csv,,85.34,,,,,,,,,,,,,,,,
,2026-07.csv,,14.78,,,,,,,,,,,,,,,,
,2026-07.csv,,186.02,,,,,,,,,,,,,,,,
,2026-07.csv,,1838.82,,,,,,,,,,,,,,,,
,2026-07.csv,,488.71,,,,,,,,,,,,,,,,
,2026-07.csv,,545.34,,,,,,,,,,,,,,,,
,2026-07.csv,,1332.87,,,,,,,,,,,,,,,,
,2026-07.csv,,3543.45,,,,,,,,,,,,,,,,
,2026-07.csv,,1127.73,,,,,,,,,,,,,,,,
,2026-07.csv,,8861.88,,,,,,,,,,,,,,,,
,2026-07.csv,,622.24,,,,,,,,,,,,,,,,
,2026-07.csv,,1291.35,,,,,,,,,,,,,,,,
,2026-07.csv,,276,,,,,,,,,,,,,,,,
,2026-07.csv,,153.96,,,,,,,,,,,,,,,,
,2026-07.csv,,1028.11,,,,,,,,,,,,,,,,
,2026-07.csv,,564.25,,,,,,,,,,,,,,,,
,2026-07.csv,,792,,,,,,,,,,,,,,,,
,2026-07.csv,,98.58,,,,,,,,,,,,,,,,
,2026-07.csv,,88.9,,,,,,,,,,,,,,,,
,2026-07.csv,,963.81,,,,,,,,,,,,,,,,
,2026-07.csv,,1777.54,,,,,,,,,,,,,,,,
,2026-07.csv,,53.97,,,,,,,,,,,,,,,,
,2026-07.csv,,2133.7,,,,,,,,,,,,,,,,
,2026-07.csv,,14370.45,,,,,,,,,,,,,,,,
,2026-07.csv,,624.86,,,,,,,,,,,,,,,,
,2026-07.csv,,792.73,,,,,,,,,,,,,,,,
,2026-07.csv,,1671.24,,,,,,,,,,,,,,,,
,2026-07.csv,,728.08,,,,,,,,,,,,,,,,
,2026-07.csv,,2790.19,,,,,,,,,,,,,,,,
,2026-07.csv,,1267.74,,,,,,,,,,,,,,,,
,2026-07.csv,,3574.21,,,,,,,,,,,,,,,,
,2026-07.csv,,46.39,,,,,,,,,,,,,,,,
,2026-07.csv,,925.7,,,,,,,,,,,,,,,,
,2026-07.csv,,615.69,,,,,,,,,,,,,,,,
,2026-07.csv,,19735.72,,,,,,,,,,,,,,,,
,2026-07.csv,,1607.64,,,,,,,,,,,,,,,,
,2026-07.csv,,1175.82,,,,,,,,,,,,,,,,
,2026-07.csv,,486.53,,,,,,,,,,,,,,,,
,2026-07.csv,,1369.01,,,,,,,,,,,,,,,,
,2026-07.csv,,2535.68,,,,,,,,,,,,,,,,
,2026-07.csv,,770.37,,,,,,,,,,,,,,,,
,2026-07.csv,,1206.36,,,,,,,,,,,,,,,,
,2026-07.csv,,633.57,,,,,,,,,,,,,,,,
,2026-07.csv,,697.64,,,,,,,,,,,,,,,,
,2026-07.csv,,985.35,,,,,,,,,,,,,,,,
,2026-07.csv,,1.97,,,,,,,,,,,,,,,,
,2026-07.csv,,174.66,,,,,,,,,,,,,,,,
,2026-07.csv,,2941.23,,,,,,,,,,,,,,,,
,2026-07.csv,,917.1,,,,,,,,,,,,,,,,
,2026-07.csv,,1716.58,,,,,,,,,,,,,,,,
,2026-07.csv,,1784.77,,,,,,,,,,,,,,,,
,2026-07.csv,,7825.46,,,,,,,,,,,,,,,,
,2026-07.csv,,800.25,,,,,,,,,,,,,,,,
,2026-07.csv,,1018.09,,,,,,,,,,,,,,,,
,2026-07.csv,,132.26,,,,,,,,,,,,,,,,
,2026-07.csv,,170.05,,,,,,,,,,,,,,,,
,2026-07.csv,,0,,,,,,,,,,,,,,,,
,2026-07.csv,,148.93,,,,,,,,,,,,,,,,
,2026-07.csv,,73.91,,,,,,,,,,,,,,,,
,2026-07.csv,,0,,,,,,,,,,,,,,,,
,2026-07.csv,,20691.72,,,,,,,,,,,,,,,,
,2026-07.csv,,134.29,,,,,,,,,,,,,,,,
,2026-07.csv,,42.89,,,,,,,,,,,,,,,,
,2026-07.csv,,26448.07,,,,,,,,,,,,,,,,
,2026-07.csv,,484.52,,,,,,,,,,,,,,,,
,2026-07.csv,,339.65,,,,,,,,,,,,,,,,
,2026-07.csv,,4572.68,,,,,,,,,,,,,,,,
,2026-07.csv,,4921.36,,,,,,,,,,,,,,,,
,2026-07.csv,,1690.73,,,,,,,,,,,,,,,,
,2026-07.csv,,7827.81,,,,,,,,,,,,,,,,
,2026-07.csv,,5832.69,,,,,,,,,,,,,,,,
,2026-07.csv,,8141.52,,,,,,,,,,,,,,,,
,2026-07.csv,,9313.54,,,,,,,,,,,,,,,,
,2026-07.csv,,3948.67,,,,,,,,,,,,,,,,
,2026-07.csv,,1645.11,,,,,,,,,,,,,,,,
,2026-07.csv,,1143.06,,,,,,,,,,,,,,,,
,2026-07.csv,,13731.77,,,,,,,,,,,,,,,,
,2026-07.csv,,1275.68,,,,,,,,,,,,,,,,
,2026-07.csv,,1980.59,,,,,,,,,,,,,,,,
,2026-07.csv,,448.77,,,,,,,,,,,,,,,,
,2026-07.csv,,185.23,,,,,,,,,,,,,,,,
,2026-07.csv,,7031.31,,,,,,,,,,,,,,,,
,2026-07.csv,,0,,,,,,,,,,,,,,,,
,2026-07.csv,,438.57,,,,,,,,,,,,,,,,
,2026-07.csv,,2810.1,,,,,,,,,,,,,,,,
,2026-07.csv,,20411.19,,,,,,,,,,,,,,,,
,2026-07.csv,,1615.38,,,,,,,,,,,,,,,,
,2026-07.csv,,281.24,,,,,,,,,,,,,,,,
,2026-07.csv,,308.35,,,,,,,,,,,,,,,,
,2026-07.csv,,1922.03,,,,,,,,,,,,,,,,
,2026-07.csv,,8870.29,,,,,,,,,,,,,,,,
,2026-07.csv,,601.12,,,,,,,,,,,,,,,,
,2026-07.csv,,1701.47,,,,,,,,,,,,,,,,
,2026-07.csv,,1718.16,,,,,,,,,,,,,,,,
,2026-07.csv,,293.24,,,,,,,,,,,,,,,,
,2026-07.csv,,449.96,,,,,,,,,,,,,,,,
,2026-07.csv,,266.14,,,,,,,,,,,,,,,,
,2026-07.csv,,686.2,,,,,,,,,,,,,,,,
,2026-07.csv,,212.35,,,,,,,,,,,,,,,,
,2026-07.csv,,61.39,,,,,,,,,,,,,,,,
,2026-07.csv,,5577.75,,,,,,,,,,,,,,,,
,2026-07.csv,,418.86,,,,,,,,,,,,,,,,
,2026-07.csv,,2737.7,,,,,,,,,,,,,,,,
,2026-07.csv,,292,,,,,,,,,,,,,,,,
,2026-07.csv,,223.65,,,,,,,,,,,,,,,,
,2026-07.csv,,874.09,,,,,,,,,,,,,,,,
,2026-07.csv,,267.74,,,,,,,,,,,,,,,,
,2026-07.csv,,370.44,,,,,,,,,,,,,,,,
,2026-07.csv,,548.3,,,,,,,,,,,,,,,,
,2026-07.csv,,2229.31,,,,,,,,,,,,,,,,
,2026-07.csv,,399.77,,,,,,,,,,,,,,,,
,2026-07.csv,,1152.21,,,,,,,,,,,,,,,,
,2026-07.csv,,331.85,,,,,,,,,,,,,,,,
,2026-07.csv,,258.65,,,,,,,,,,,,,,,,
,2026-07.csv,,106.28,,,,,,,,,,,,,,,,
,2026-07.csv,,79.45,,,,,,,,,,,,,,,,
,2026-07.csv,,253.97,,,,,,,,,,,,,,,,
,2026-07.csv,,235.01,,,,,,,,,,,,,,,,
,2026-07.csv,,381.13,,,,,,,,,,,,,,,,
,2026-07.csv,,149.34,,,,,,,,,,,,,,,,
,2026-07.csv,,91.42,,,,,,,,,,,,,,,,
,2026-07.csv,,816.16,,,,,,,,,,,,,,,,
,2026-07.csv,,414.97,,,,,,,,,,,,,,,,
,2026-07.csv,,342.36,,,,,,,,,,,,,,,,
,2026-07.csv,,1560.24,,,,,,,,,,,,,,,,
,2026-07.csv,,146.38,,,,,,,,,,,,,,,,
,2026-07.csv,,276.66,,,,,,,,,,,,,,,,
,2026-07.csv,,0,,,,,,,,,,,,,,,,
,2026-07.csv,,5472.13,,,,,,,,,,,,,,,,
,2026-07.csv,,11.86,,,,,,,,,,,,,,,,
,2026-07.csv,,114.73,,,,,,,,,,,,,,,,
,2026-07.csv,,1148.4,,,,,,,,,,,,,,,,
,2026-07.csv,,97.35,,,,,,,,,,,,,,,,
,2026-07.csv,,102.15,,,,,,,,,,,,,,,,
,2026-07.csv,,401.56,,,,,,,,,,,,,,,,
,2026-07.csv,,195.1,,,,,,,,,,,,,,,,
,2026-07.csv,,188.23,,,,,,,,,,,,,,,,
,2026-07.csv,,748.46,,,,,,,,,,,,,,,,
,2026-07.csv,,103.03,,,,,,,,,,,,,,,,
,2026-07.csv,,23.34,,,,,,,,,,,,,,,,
,2026-07.csv,,548.14,,,,,,,,,,,,,,,,
,2026-07.csv,,518.15,,,,,,,,,,,,,,,,
,2026-07.csv,,138.26,,,,,,,,,,,,,,,,
,2026-07.csv,,2229.16,,,,,,,,,,,,,,,,
,2026-07.csv,,2731.29,,,,,,,,,,,,,,,,
,2026-07.csv,,3887.62,,,,,,,,,,,,,,,,
,2026-07.csv,,1258.56,,,,,,,,,,,,,,,,
,2026-07.csv,,3175.79,,,,,,,,,,,,,,,,
,2026-07.csv,,4089.4,,,,,,,,,,,,,,,,
,2026-07.csv,,3840.48,,,,,,,,,,,,,,,,
,2026-07.csv,,286.38,,,,,,,,,,,,,,,,
,2026-07.csv,,15.53,,,,,,,,,,,,,,,,
,2026-07.csv,,55.81,,,,,,,,,,,,,,,,
,2026-07.csv,,426.22,,,,,,,,,,,,,,,,
,2026-07.csv,,51.74,,,,,,,,,,,,,,,,
,2026-07.csv,,116.22,,,,,,,,,,,,,,,,
,2026-07.csv,,340.3,,,,,,,,,,,,,,,,
,2026-07.csv,,16.44,,,,,,,,,,,,,,,,
,2026-07.csv,,80.52,,,,,,,,,,,,,,,,
,2026-07.csv,,31.05,,,,,,,,,,,,,,,,
,2026-07.csv,,244.78,,,,,,,,,,,,,,,,
,2026-07.csv,,176.38,,,,,,,,,,,,,,,,
,2026-07.csv,,169.11,,,,,,,,,,,,,,,,
,2026-07.csv,,240.99,,,,,,,,,,,,,,,,
,2026-07.csv,,242.51,,,,,,,,,,,,,,,,
,2026-07.csv,,271.36,,,,,,,,,,,,,,,,
,2026-07.csv,,153.52,,,,,,,,,,,,,,,,
,2026-07.csv,,87.61,,,,,,,,,,,,,,,,
,2026-07.csv,,12.12,,,,,,,,,,,,,,,,
,2026-07.csv,,132.43,,,,,,,,,,,,,,,,
,2026-07.csv,,25.44,,,,,,,,,,,,,,,,
,2026-07.csv,,169.6,,,,,,,,,,,,,,,,
,2026-07.csv,,294.53,,,,,,,,,,,,,,,,
,2026-07.csv,,336.42,,,,,,,,,,,,,,,,
,2026-07.csv,,326.4,,,,,,,,,,,,,,,,
,2026-07.csv,,592.45,,,,,,,,,,,,,,,,
,2026-07.csv,,167.55,,,,,,,,,,,,,,,,
,2026-07.csv,,543.74,,,,,,,,,,,,,,,,
,2026-07.csv,,0,,,,,,,,,,,,,,,,
,2026-07.csv,,283.56,,,,,,,,,,,,,,,,
,2026-07.csv,,377.82,,,,,,,,,,,,,,,,
,2026-07.csv,,223.6,,,,,,,,,,,,,,,,
,2026-07.csv,,551.3,,,,,,,,,,,,,,,,
,2026-07.csv,,342.26,,,,,,,,,,,,,,,,
,2026-07.csv,,340,,,,,,,,,,,,,,,,
,2026-07.csv,,67.73,,,,,,,,,,,,,,,,
,2026-07.csv,,263.25,,,,,,,,,,,,,,,,
,2026-07.csv,,873.99,,,,,,,,,,,,,,,,
,2026-07.csv,,1307.15,,,,,,,,,,,,,,,,
,2026-07.csv,,96.8,,,,,,,,,,,,,,,,
,2026-07.csv,,132.48,,,,,,,,,,,,,,,,
,2026-07.csv,,91.91,,,,,,,,,,,,,,,,
,2026-07.csv,,193,,,,,,,,,,,,,,,,
,2026-07.csv,,290.4,,,,,,,,,,,,,,,,
,2026-07.csv,,188.72,,,,,,,,,,,,,,,,
,2026-07.csv,,157.9,,,,,,,,,,,,,,,,
,2026-07.csv,,37.19,,,,,,,,,,,,,,,,
,2026-07.csv,,17.9,,,,,,,,,,,,,,,,
,2026-07.csv,,191.14,,,,,,,,,,,,,,,,
,2026-07.csv,,379.69,,,,,,,,,,,,,,,,
,2026-07.csv,,157.01,,,,,,,,,,,,,,,,
,2026-07.csv,,117.2,,,,,,,,,,,,,,,,
,2026-07.csv,,155.37,,,,,,,,,,,,,,,,
,2026-07.csv,,0,,,,,,,,,,,,,,,,
,2026-07.csv,,67.81,,,,,,,,,,,,,,,,
,2026-07.csv,,104.17,,,,,,,,,,,,,,,,
,2026-07.csv,,53.94,,,,,,,,,,,,,,,,
,2026-07.csv,,62.01,,,,,,,,,,,,,,,,
,2026-07.csv,,62.31,,,,,,,,,,,,,,,,
,2026-07.csv,,50.69,,,,,,,,,,,,,,,,
,2026-07.csv,,5.93,,,,,,,,,,,,,,,,
,2026-07.csv,,25.08,,,,,,,,,,,,,,,,
,2026-07.csv,,292.01,,,,,,,,,,,,,,,,
,2026-07.csv,,28.54,,,,,,,,,,,,,,,,
,2026-07.csv,,26.97,,,,,,,,,,,,,,,,
,2026-07.csv,,95.69,,,,,,,,,,,,,,,,
,2026-07.csv,,1901.82,,,,,,,,,,,,,,,,
,2026-07.csv,,1113.5,,,,,,,,,,,,,,,,
,2026-07.csv,,2048.13,,,,,,,,,,,,,,,,
,2026-07.csv,,628.81,,,,,,,,,,,,,,,,
,2026-07.csv,,90.88,,,,,,,,,,,,,,,,
,2026-07.csv,,258.3,,,,,,,,,,,,,,,,
,2026-07.csv,,1121.35,,,,,,,,,,,,,,,,
,2026-07.csv,,1969.77,,,,,,,,,,,,,,,,
,2026-07.csv,,1921.02,,,,,,,,,,,,,,,,
,2026-07.csv,,72.38,,,,,,,,,,,,,,,,
,2026-07.csv,,26.45,,,,,,,,,,,,,,,,
,2026-07.csv,,1673.14,,,,,,,,,,,,,,,,
,2026-07.csv,,2144.7,,,,,,,,,,,,,,,,
,2026-07.csv,,1624.8,,,,,,,,,,,,,,,,
,2026-07.csv,,2978.28,,,,,,,,,,,,,,,,
,2026-07.csv,,22.02,,,,,,,,,,,,,,,,
,2026-07.csv,,50.39,,,,,,,,,,,,,,,,
,2026-07.csv,,112.69,,,,,,,,,,,,,,,,
,2026-07.csv,,105.66,,,,,,,,,,,,,,,,
,2026-07.csv,,89.92,,,,,,,,,,,,,,,,
,2026-07.csv,,50.82,,,,,,,,,,,,,,,,
,2026-07.csv,,491.33,,,,,,,,,,,,,,,,
,2026-07.csv,,304.39,,,,,,,,,,,,,,,,
,2026-07.csv,,201,,,,,,,,,,,,,,,,
,2026-07.csv,,408.69,,,,,,,,,,,,,,,,
,2026-07.csv,,111.94,,,,,,,,,,,,,,,,
,2026-07.csv,,477.14,,,,,,,,,,,,,,,,
,2026-07.csv,,253.41,,,,,,,,,,,,,,,,
,2026-07.csv,,15.72,,,,,,,,,,,,,,,,
,2026-07.csv,,155.23,,,,,,,,,,,,,,,,
,2026-07.csv,,92.02,,,,,,,,,,,,,,,,
,2026-07.csv,,1.55,,,,,,,,,,,,,,,,
,2026-07.csv,,43.16,,,,,,,,,,,,,,,,
,2026-07.csv,,218.26,,,,,,,,,,,,,,,,
,2026-07.csv,,196.82,,,,,,,,,,,,,,,,
,2026-07.csv,,168.91,,,,,,,,,,,,,,,,
,2026-07.csv,,128.49,,,,,,,,,,,,,,,,
,2026-07.csv,,0,,,,,,,,,,,,,,,,
,2026-07.csv,,209.29,,,,,,,,,,,,,,,,
,2026-07.csv,,0,,,,,,,,,,,,,,,,
,2026-07.csv,,692.76,,,,,,,,,,,,,,,,
,2026-07.csv,,9.07,,,,,,,,,,,,,,,,
,2026-07.csv,,2.95,,,,,,,,,,,,,,,,
,2026-07.csv,,11.81,,,,,,,,,,,,,,,,
,2026-07.csv,,477.73,,,,,,,,,,,,,,,,
,2026-07.csv,,284.22,,,,,,,,,,,,,,,,
,2026-07.csv,,461.54,,,,,,,,,,,,,,,,
,2026-07.csv,,16.71,,,,,,,,,,,,,,,,
,2026-07.csv,,85.6,,,,,,,,,,,,,,,,
,2026-07.csv,,20.32,,,,,,,,,,,,,,,,
,2026-07.csv,,570,,,,,,,,,,,,,,,,
,2026-07.csv,,7.31,,,,,,,,,,,,,,,,
,2026-07.csv,,11.7,,,,,,,,,,,,,,,,
,2026-07.csv,,208.64,,,,,,,,,,,,,,,,
,2026-07.csv,,126.67,,,,,,,,,,,,,,,,
,2026-07.csv,,102.04,,,,,,,,,,,,,,,,
,2026-07.csv,,34.79,,,,,,,,,,,,,,,,
,2026-07.csv,,403.34,,,,,,,,,,,,,,,,
,2026-07.csv,,174.61,,,,,,,,,,,,,,,,
,2026-07.csv,,261.82,,,,,,,,,,,,,,,,
,2026-07.csv,,346.46,,,,,,,,,,,,,,,,
,2026-07.csv,,1953.73,,,,,,,,,,,,,,,,
,2026-07.csv,,208.24,,,,,,,,,,,,,,,,
,2026-07.csv,,338.5,,,,,,,,,,,,,,,,
,2026-07.csv,,216.46,,,,,,,,,,,,,,,,
,2026-07.csv,,55.91,,,,,,,,,,,,,,,,
,2026-07.csv,,21.5,,,,,,,,,,,,,,,,
,2026-07.csv,,89.67,,,,,,,,,,,,,,,,
,2026-07.csv,,1152.79,,,,,,,,,,,,,,,,
,2026-07.csv,,200.23,,,,,,,,,,,,,,,,
,2026-07.csv,,1.95,,,,,,,,,,,,,,,,
,2026-07.csv,,242.08,,,,,,,,,,,,,,,,
,2026-07.csv,,962.77,,,,,,,,,,,,,,,,
,2026-07.csv,,560.17,,,,,,,,,,,,,,,,
,2026-07.csv,,327.62,,,,,,,,,,,,,,,,
,2026-07.csv,,348.65,,,,,,,,,,,,,,,,
,2026-07.csv,,91.39,,,,,,,,,,,,,,,,
,2026-07.csv,,31.53,,,,,,,,,,,,,,,,
,2026-07.csv,,314.9,,,,,,,,,,,,,,,,
,2026-07.csv,,629.46,,,,,,,,,,,,,,,,
,2026-07.csv,,70.54,,,,,,,,,,,,,,,,
,2026-07.csv,,28.8,,,,,,,,,,,,,,,,
,2026-07.csv,,154.9,,,,,,,,,,,,,,,,
,2026-07.csv,,3.72,,,,,,,,,,,,,,,,
,2026-07.csv,,32.32,,,,,,,,,,,,,,,,
,2026-07.csv,,61.92,,,,,,,,,,,,,,,,
,2026-07.csv,,894.66,,,,,,,,,,,,,,,,
,2026-07.csv,,552.48,,,,,,,,,,,,,,,,
,2026-07.csv,,1776,,,,,,,,,,,,,,,,
,2026-07.csv,,1508.4,,,,,,,,,,,,,,,,
,2026-07.csv,,1910.55,,,,,,,,,,,,,,,,
,2026-07.csv,,800.48,,,,,,,,,,,,,,,,
,2026-07.csv,,183.23,,,,,,,,,,,,,,,,
,2026-07.csv,,0,,,,,,,,,,,,,,,,
,2026-07.csv,,109.93,,,,,,,,,,,,,,,,
,2026-07.csv,,155,,,,,,,,,,,,,,,,
,2026-07.csv,,174.3,,,,,,,,,,,,,,,,
,2026-07.csv,,53.46,,,,,,,,,,,,,,,,
,2026-07.csv,,99.02,,,,,,,,,,,,,,,,
,2026-07.csv,,442.7,,,,,,,,,,,,,,,,
,2026-07.csv,,322.59,,,,,,,,,,,,,,,,
,2026-07.csv,,190.07,,,,,,,,,,,,,,,,
,2026-07.csv,,0,,,,,,,,,,,,,,,,
,2026-07.csv,,0,,,,,,,,,,,,,,,,
,2026-07.csv,,18.9,,,,,,,,,,,,,,,,
,2026-07.csv,,935.57,,,,,,,,,,,,,,,,
,2026-07.csv,,129.25,,,,,,,,,,,,,,,,
,2026-07.csv,,952.95,,,,,,,,,,,,,,,,
,2026-07.csv,,316.01,,,,,,,,,,,,,,,,
,2026-07.csv,,111.44,,,,,,,,,,,,,,,,
,2026-07.csv,,60.6,,,,,,,,,,,,,,,,
,2026-07.csv,,103.47,,,,,,,,,,,,,,,,
,2026-07.csv,,65.74,,,,,,,,,,,,,,,,
,2026-07.csv,,888.5,,,,,,,,,,,,,,,,
,2026-07.csv,,127.53,,,,,,,,,,,,,,,,
,2026-07.csv,,266.11,,,,,,,,,,,,,,,,
,2026-07.csv,,693.83,,,,,,,,,,,,,,,,
,2026-07.csv,,347.42,,,,,,,,,,,,,,,,
,2026-07.csv,,12.76,,,,,,,,,,,,,,,,
,2026-07.csv,,6.13,,,,,,,,,,,,,,,,
,2026-07.csv,,143.93,,,,,,,,,,,,,,,,
,2026-07.csv,,148,,,,,,,,,,,,,,,,
,2026-07.csv,,0.61,,,,,,,,,,,,,,,,
,2026-07.csv,,180.9,,,,,,,,,,,,,,,,
,2026-07.csv,,98.94,,,,,,,,,,,,,,,,
,2026-07.csv,,847.19,,,,,,,,,,,,,,,,
,2026-07.csv,,138.87,,,,,,,,,,,,,,,,
,2026-07.csv,,333.34,,,,,,,,,,,,,,,,
,2026-07.csv,,2380.8,,,,,,,,,,,,,,,,
,2026-07.csv,,186.21,,,,,,,,,,,,,,,,
,2026-07.csv,,1648.05,,,,,,,,,,,,,,,,
,2026-07.csv,,101.17,,,,,,,,,,,,,,,,
,2026-07.csv,,64.04,,,,,,,,,,,,,,,,
,2026-07.csv,,472.41,,,,,,,,,,,,,,,,
,2026-07.csv,,57.54,,,,,,,,,,,,,,,,
,2026-07.csv,,78.47,,,,,,,,,,,,,,,,
,2026-07.csv,,162.92,,,,,,,,,,,,,,,,
,2026-07.csv,,3.14,,,,,,,,,,,,,,,,
,2026-07.csv,,14.64,,,,,,,,,,,,,,,,
,2026-07.csv,,197.84,,,,,,,,,,,,,,,,
,2026-07.csv,,57.31,,,,,,,,,,,,,,,,
,2026-07.csv,,698,,,,,,,,,,,,,,,,
,2026-07.csv,,492.12,,,,,,,,,,,,,,,,
,2026-07.csv,,188.69,,,,,,,,,,,,,,,,
,2026-07.csv,,376.8,,,,,,,,,,,,,,,,
,2026-07.csv,,520.75,,,,,,,,,,,,,,,,
,2026-07.csv,,338.91,,,,,,,,,,,,,,,,
,2026-07.csv,,356.05,,,,,,,,,,,,,,,,
,2026-07.csv,,39.75,,,,,,,,,,,,,,,,
,2026-07.csv,,2122.95,,,,,,,,,,,,,,,,
,2026-07.csv,,233.77,,,,,,,,,,,,,,,,
,2026-07.csv,,17.45,,,,,,,,,,,,,,,,
,2026-07.csv,,17.23,,,,,,,,,,,,,,,,
,2026-07.csv,,17.06,,,,,,,,,,,,,,,,
,2026-07.csv,,97.45,,,,,,,,,,,,,,,,
,2026-07.csv,,1207.57,,,,,,,,,,,,,,,,
,2026-07.csv,,157.94,,,,,,,,,,,,,,,,
,2026-07.csv,,50.35,,,,,,,,,,,,,,,,
,2026-07.csv,,25.77,,,,,,,,,,,,,,,,
,2026-07.csv,,11.63,,,,,,,,,,,,,,,,
,2026-07.csv,,46.87,,,,,,,,,,,,,,,,
,2026-07.csv,,13.53,,,,,,,,,,,,,,,,
,2026-07.csv,,3.19,,,,,,,,,,,,,,,,
,2026-07.csv,,32.45,,,,,,,,,,,,,,,,
,2026-07.csv,,541.2,,,,,,,,,,,,,,,,
,2026-07.csv,,0.85,,,,,,,,,,,,,,,,
,2026-07.csv,,464.46,,,,,,,,,,,,,,,,
,2026-07.csv,,319.32,,,,,,,,,,,,,,,,
,2026-07.csv,,324.61,,,,,,,,,,,,,,,,
,2026-07.csv,,168.04,,,,,,,,,,,,,,,,
,2026-07.csv,,1.92,,,,,,,,,,,,,,,,
,2026-07.csv,,9.8,,,,,,,,,,,,,,,,
,2026-07.csv,,53.73,,,,,,,,,,,,,,,,
,2026-07.csv,,44.44,,,,,,,,,,,,,,,,
,2026-07.csv,,187.77,,,,,,,,,,,,,,,,
,2026-07.csv,,0,,,,,,,,,,,,,,,,
,2026-07.csv,,0,,,,,,,,,,,,,,,,
,2026-07.csv,,0,,,,,,,,,,,,,,,,
,2026-07.csv,,0,,,,,,,,,,,,,,,,
,2026-07.csv,,345.01,,,,,,,,,,,,,,,,
,2026-07.csv,,0.15,,,,,,,,,,,,,,,,
,2026-07.csv,,184.64,,,,,,,,,,,,,,,,
,2026-07.csv,,209.27,,,,,,,,,,,,,,,,
,2026-07.csv,,0,,,,,,,,,,,,,,,,
,2026-07.csv,,44.18,,,,,,,,,,,,,,,,
,2026-07.csv,,0.32,,,,,,,,,,,,,,,,
,2026-07.csv,,296.5,,,,,,,,,,,,,,,,
,2026-07.csv,,55.29,,,,,,,,,,,,,,,,
,2026-07.csv,,11.13,,,,,,,,,,,,,,,,
,2026-07.csv,,6.79,,,,,,,,,,,,,,,,
,2026-07.csv,,88.48,,,,,,,,,,,,,,,,
,2026-07.csv,,0,,,,,,,,,,,,,,,,
,2026-07.csv,,0,,,,,,,,,,,,,,,,
,2026-07.csv,,0,,,,,,,,,,,,,,,,
,2026-07.csv,,0,,,,,,,,,,,,,,,,
,2026-07.csv,,18.35,,,,,,,,,,,,,,,,
,2026-07.csv,,480.41,,,,,,,,,,,,,,,,
,2026-07.csv,,50.78,,,,,,,,,,,,,,,,
,2026-07.csv,,0,,,,,,,,,,,,,,,,
,2026-07.csv,,6.43,,,,,,,,,,,,,,,,
,2026-07.csv,,304.04,,,,,,,,,,,,,,,,
,2026-07.csv,,7.64,,,,,,,,,,,,,,,,
,2026-07.csv,,131.36,,,,,,,,,,,,,,,,
,2026-07.csv,,52.58,,,,,,,,,,,,,,,,
,2026-07.csv,,53.05,,,,,,,,,,,,,,,,
,2026-07.csv,,33.69,,,,,,,,,,,,,,,,
,2026-07.csv,,0,,,,,,,,,,,,,,,,
,2026-07.csv,,0,,,,,,,,,,,,,,,,
,2026-07.csv,,0,,,,,,,,,,,,,,,,
,2026-07.csv,,114.6,,,,,,,,,,,,,,,,
,2026-07.csv,,59.55,,,,,,,,,,,,,,,,
,2026-07.csv,,20.6,,,,,,,,,,,,,,,,
,2026-07.csv,,210.17,,,,,,,,,,,,,,,,
,2026-07.csv,,528.24,,,,,,,,,,,,,,,,
,2026-07.csv,,232.09,,,,,,,,,,,,,,,,
,2026-07.csv,,0,,,,,,,,,,,,,,,,
,2026-07.csv,,0.93,,,,,,,,,,,,,,,,
,2026-07.csv,,7.54,,,,,,,,,,,,,,,,
,2026-07.csv,,0,,,,,,,,,,,,,,,,
,2026-07.csv,,290.36,,,,,,,,,,,,,,,,
,2026-07.csv,,0.28,,,,,,,,,,,,,,,,
,2026-07.csv,,0,,,,,,,,,,,,,,,,
,2026-07.csv,,0,,,,,,,,,,,,,,,,
,2026-07.csv,,0,,,,,,,,,,,,,,,,
,2026-07.csv,,427.48,,,,,,,,,,,,,,,,
,2026-07.csv,,0.17,,,,,,,,,,,,,,,,
,2026-07.csv,,375.93,,,,,,,,,,,,,,,,
,2026-07.csv,,9.76,,,,,,,,,,,,,,,,
,2026-07.csv,,7.02,,,,,,,,,,,,,,,,
,2026-07.csv,,312.83,,,,,,,,,,,,,,,,
,2026-07.csv,,293.89,,,,,,,,,,,,,,,,
,2026-07.csv,,216.61,,,,,,,,,,,,,,,,
,2026-07.csv,,0,,,,,,,,,,,,,,,,
,2026-07.csv,,126.56,,,,,,,,,,,,,,,,
,2026-07.csv,,75.38,,,,,,,,,,,,,,,,
,2026-07.csv,,41.92,,,,,,,,,,,,,,,,
,2026-07.csv,,105.76,,,,,,,,,,,,,,,,
,2026-07.csv,,0.04,,,,,,,,,,,,,,,,
,2026-07.csv,,108.94,,,,,,,,,,,,,,,,
,2026-07.csv,,426.18,,,,,,,,,,,,,,,,
,2026-07.csv,,0.01,,,,,,,,,,,,,,,,
,2026-07.csv,,1.14,,,,,,,,,,,,,,,,
,2026-07.csv,,0,,,,,,,,,,,,,,,,
,2026-07.csv,,0,,,,,,,,,,,,,,,,
,2026-07.csv,,58.29,,,,,,,,,,,,,,,,
,2026-07.csv,,213.18,,,,,,,,,,,,,,,,
,2026-07.csv,,0,,,,,,,,,,,,,,,,
,2026-07.csv,,24.4,,,,,,,,,,,,,,,,
,2026-07.csv,,190.86,,,,,,,,,,,,,,,,
,2026-07.csv,,158.64,,,,,,,,,,,,,,,,
,2026-07.csv,,248.31,,,,,,,,,,,,,,,,
,2026-07.csv,,0,,,,,,,,,,,,,,,,
,2026-07.csv,,0,,,,,,,,,,,,,,,,
,2026-07.csv,,0,,,,,,,,,,,,,,,,
,2026-07.csv,,103.33,,,,,,,,,,,,,,,,
,2026-07.csv,,141.83,,,,,,,,,,,,,,,,
,2026-07.csv,,249.23,,,,,,,,,,,,,,,,
,2026-07.csv,,175.12,,,,,,,,,,,,,,,,
,2026-07.csv,,20.63,,,,,,,,,,,,,,,,
,2026-07.csv,,115.6,,,,,,,,,,,,,,,,
,2026-07.csv,,91.74,,,,,,,,,,,,,,,,
,2026-07.csv,,111.33,,,,,,,,,,,,,,,,
,2026-07.csv,,172.17,,,,,,,,,,,,,,,,
,2026-07.csv,,25.17,,,,,,,,,,,,,,,,
,2026-07.csv,,2.37,,,,,,,,,,,,,,,,
,2026-07.csv,,0,,,,,,,,,,,,,,,,
,2026-07.csv,,0,,,,,,,,,,,,,,,,
,2026-07.csv,,85.69,,,,,,,,,,,,,,,,
,2026-07.csv,,46.39,,,,,,,,,,,,,,,,
,2026-07.csv,,464.06,,,,,,,,,,,,,,,,
,2026-07.csv,,53,,,,,,,,,,,,,,,,
,2026-07.csv,,83.75,,,,,,,,,,,,,,,,
,2026-07.csv,,76.67,,,,,,,,,,,,,,,,
,2026-07.csv,,92.75,,,,,,,,,,,,,,,,
,2026-07.csv,,11.63,,,,,,,,,,,,,,,,
,2026-07.csv,,200.67,,,,,,,,,,,,,,,,
,2026-07.csv,,164.84,,,,,,,,,,,,,,,,
,2026-07.csv,,0,,,,,,,,,,,,,,,,
,2026-07.csv,,22.63,,,,,,,,,,,,,,,,
,2026-07.csv,,0,,,,,,,,,,,,,,,,
,2026-07.csv,,141.82,,,,,,,,,,,,,,,,
,2026-07.csv,,198.15,,,,,,,,,,,,,,,,
,2026-07.csv,,63.62,,,,,,,,,,,,,,,,
,2026-07.csv,,203.12,,,,,,,,,,,,,,,,
,2026-07.csv,,121.75,,,,,,,,,,,,,,,,
,2026-07.csv,,11.38,,,,,,,,,,,,,,,,
,2026-07.csv,,0,,,,,,,,,,,,,,,,
,2026-07.csv,,0,,,,,,,,,,,,,,,,
,2026-07.csv,,213.12,,,,,,,,,,,,,,,,
,2026-07.csv,,0,,,,,,,,,,,,,,,,
,2026-07.csv,,0,,,,,,,,,,,,,,,,
,2026-07.csv,,0,,,,,,,,,,,,,,,,
,2026-07.csv,,0,,,,,,,,,,,,,,,,
,2026-07.csv,,49.03,,,,,,,,,,,,,,,,
,2026-07.csv,,0,,,,,,,,,,,,,,,,
,2026-07.csv,,0,,,,,,,,,,,,,,,,
,2026-07.csv,,0,,,,,,,,,,,,,,,,
,2026-07.csv,,64.95,,,,,,,,,,,,,,,,
,2026-07.csv,,0,,,,,,,,,,,,,,,,
,2026-07.csv,,0,,,,,,,,,,,,,,,,
,2026-07.csv,,128.55,,,,,,,,,,,,,,,,
,2026-07.csv,,66.96,,,,,,,,,,,,,,,,
,2026-07.csv,,120.57,,,,,,,,,,,,,,,,
,2026-07.csv,,31.42,,,,,,,,,,,,,,,,
,2026-07.csv,,111.48,,,,,,,,,,,,,,,,
,2026-07.csv,,162.16,,,,,,,,,,,,,,,,
,2026-07.csv,,57.23,,,,,,,,,,,,,,,,
,2026-07.csv,,115.38,,,,,,,,,,,,,,,,
,2026-07.csv,,49.78,,,,,,,,,,,,,,,,
,2026-07.csv,,38.69,,,,,,,,,,,,,,,,
,2026-07.csv,,24.29,,,,,,,,,,,,,,,,
,2026-07.csv,,36.36,,,,,,,,,,,,,,,,
,2026-07.csv,,0,,,,,,,,,,,,,,,,
,2026-07.csv,,0,,,,,,,,,,,,,,,,
,2026-07.csv,,203.36,,,,,,,,,,,,,,,,
,2026-07.csv,,155.15,,,,,,,,,,,,,,,,
,2026-07.csv,,0,,,,,,,,,,,,,,,,
,2026-07.csv,,154.25,,,,,,,,,,,,,,,,
,2026-07.csv,,210.11,,,,,,,,,,,,,,,,
,2026-07.csv,,0,,,,,,,,,,,,,,,,
,2026-07.csv,,0,,,,,,,,,,,,,,,,
,2026-07.csv,,0,,,,,,,,,,,,,,,,
,2026-07.csv,,81.45,,,,,,,,,,,,,,,,
,2026-07.csv,,0,,,,,,,,,,,,,,,,
,2026-07.csv,,2.32,,,,,,,,,,,,,,,,
,2026-07.csv,,100.77,,,,,,,,,,,,,,,,
,2026-07.csv,,0,,,,,,,,,,,,,,,,
,2026-07.csv,,8.03,,,,,,,,,,,,,,,,
,2026-07.csv,,185.27,,,,,,,,,,,,,,,,
,2026-07.csv,,32.41,,,,,,,,,,,,,,,,
,2026-07.csv,,74.51,,,,,,,,,,,,,,,,
,2026-07.csv,,152.49,,,,,,,,,,,,,,,,
,2026-07.csv,,304.62,,,,,,,,,,,,,,,,
,2026-07.csv,,333.1,,,,,,,,,,,,,,,,
,2026-07.csv,,72.94,,,,,,,,,,,,,,,,
,2026-07.csv,,60.25,,,,,,,,,,,,,,,,
,2026-07.csv,,0,,,,,,,,,,,,,,,,
,2026-07.csv,,0,,,,,,,,,,,,,,,,
,2026-07.csv,,0,,,,,,,,,,,,,,,,
,2026-07.csv,,168.7,,,,,,,,,,,,,,,,
,2026-07.csv,,620.25,,,,,,,,,,,,,,,,
,2026-07.csv,,125.34,,,,,,,,,,,,,,,,
,2026-07.csv,,304.65,,,,,,,,,,,,,,,,
,2026-07.csv,,421.58,,,,,,,,,,,,,,,,
,2026-07.csv,,41.55,,,,,,,,,,,,,,,,
,2026-07.csv,,217.46,,,,,,,,,,,,,,,,
,2026-07.csv,,142.17,,,,,,,,,,,,,,,,
,2026-07.csv,,8.72,,,,,,,,,,,,,,,,
,2026-07.csv,,80.16,,,,,,,,,,,,,,,,
,2026-07.csv,,0,,,,,,,,,,,,,,,,
,2026-07.csv,,172.89,,,,,,,,,,,,,,,,
,2026-07.csv,,15.13,,,,,,,,,,,,,,,,
,2026-07.csv,,0,,,,,,,,,,,,,,,,
,2026-07.csv,,0.22,,,,,,,,,,,,,,,,
,2026-07.csv,,198.23,,,,,,,,,,,,,,,,
,2026-07.csv,,7.42,,,,,,,,,,,,,,,,
,2026-07.csv,,88.97,,,,,,,,,,,,,,,,
,2026-07.csv,,44.94,,,,,,,,,,,,,,,,
,2026-07.csv,,67.37,,,,,,,,,,,,,,,,
,2026-07.csv,,10.06,,,,,,,,,,,,,,,,
,2026-07.csv,,167.65,,,,,,,,,,,,,,,,
,2026-07.csv,,149.79,,,,,,,,,,,,,,,,
,2026-07.csv,,144.61,,,,,,,,,,,,,,,,
,2026-07.csv,,132.28,,,,,,,,,,,,,,,,
,2026-07.csv,,158.38,,,,,,,,,,,,,,,,
,2026-07.csv,,0,,,,,,,,,,,,,,,,
,2026-07.csv,,0,,,,,,,,,,,,,,,,
,2026-07.csv,,18.32,,,,,,,,,,,,,,,,
,2026-07.csv,,184.83,,,,,,,,,,,,,,,,
,2026-07.csv,,0.38,,,,,,,,,,,,,,,,
,2026-07.csv,,46.69,,,,,,,,,,,,,,,,
,2026-07.csv,,6.15,,,,,,,,,,,,,,,,
,2026-07.csv,,288.23,,,,,,,,,,,,,,,,
,2026-07.csv,,0,,,,,,,,,,,,,,,,
,2026-07.csv,,1.71,,,,,,,,,,,,,,,,
,2026-07.csv,,0,,,,,,,,,,,,,,,,
,2026-07.csv,,7.34,,,,,,,,,,,,,,,,
,2026-07.csv,,0,,,,,,,,,,,,,,,,
,2026-07.csv,,99.7,,,,,,,,,,,,,,,,
,2026-07.csv,,0,,,,,,,,,,,,,,,,
,2026-07.csv,,79.84,,,,,,,,,,,,,,,,
,2026-07.csv,,0,,,,,,,,,,,,,,,,
,2026-07.csv,,28.96,,,,,,,,,,,,,,,,
,2026-07.csv,,0,,,,,,,,,,,,,,,,
,2026-07.csv,,0,,,,,,,,,,,,,,,,
,2026-07.csv,,167.84,,,,,,,,,,,,,,,,
,2026-07.csv,,0,,,,,,,,,,,,,,,,
,2026-07.csv,,0.04,,,,,,,,,,,,,,,,
,2026-07.csv,,134.41,,,,,,,,,,,,,,,,
,2026-07.csv,,270.82,,,,,,,,,,,,,,,,
,2026-07.csv,,38.07,,,,,,,,,,,,,,,,
,2026-07.csv,,98.96,,,,,,,,,,,,,,,,
,2026-07.csv,,208.25,,,,,,,,,,,,,,,,
,2026-07.csv,,0,,,,,,,,,,,,,,,,
,2026-07.csv,,0,,,,,,,,,,,,,,,,
,2026-07.csv,,39.95,,,,,,,,,,,,,,,,
,2026-07.csv,,5.78,,,,,,,,,,,,,,,,
,2026-07.csv,,0,,,,,,,,,,,,,,,,
,2026-07.csv,,0,,,,,,,,,,,,,,,,
,2026-07.csv,,207.08,,,,,,,,,,,,,,,,
,2026-07.csv,,146.04,,,,,,,,,,,,,,,,
,2026-07.csv,,160.08,,,,,,,,,,,,,,,,
,2026-07.csv,,15.68,,,,,,,,,,,,,,,,
,2026-07.csv,,325.77,,,,,,,,,,,,,,,,
,2026-07.csv,,26.64,,,,,,,,,,,,,,,,
,2026-07.csv,,98.95,,,,,,,,,,,,,,,,
,2026-07.csv,,66.04,,,,,,,,,,,,,,,,
,2026-07.csv,,403.48,,,,,,,,,,,,,,,,
,2026-07.csv,,76.12,,,,,,,,,,,,,,,,
,2026-07.csv,,312.4,,,,,,,,,,,,,,,,
,2026-07.csv,,0,,,,,,,,,,,,,,,,
,2026-07.csv,,383.75,,,,,,,,,,,,,,,,
,2026-07.csv,,170.26,,,,,,,,,,,,,,,,
,2026-07.csv,,168.06,,,,,,,,,,,,,,,,
,2026-07.csv,,6.14,,,,,,,,,,,,,,,,
,2026-07.csv,,0,,,,,,,,,,,,,,,,
,2026-07.csv,,112.16,,,,,,,,,,,,,,,,
,2026-07.csv,,132.03,,,,,,,,,,,,,,,,
,2026-07.csv,,112.2,,,,,,,,,,,,,,,,
,2026-07.csv,,298.96,,,,,,,,,,,,,,,,
,2026-07.csv,,160.59,,,,,,,,,,,,,,,,
,2026-07.csv,,0,,,,,,,,,,,,,,,,
,2026-07.csv,,0,,,,,,,,,,,,,,,,
,2026-07.csv,,0,,,,,,,,,,,,,,,,
,2026-07.csv,,0,,,,,,,,,,,,,,,,
,2026-07.csv,,0,,,,,,,,,,,,,,,,
,2026-07.csv,,0,,,,,,,,,,,,,,,,
,2026-07.csv,,0,,,,,,,,,,,,,,,,
,2026-07.csv,,0,,,,,,,,,,,,,,,,
,2026-07.csv,,31.4,,,,,,,,,,,,,,,,
,2026-07.csv,,93.27,,,,,,,,,,,,,,,,
,2026-07.csv,,0,,,,,,,,,,,,,,,,
,2026-07.csv,,0,,,,,,,,,,,,,,,,
,2026-07.csv,,0,,,,,,,,,,,,,,,,
,2026-07.csv,,158.68,,,,,,,,,,,,,,,,
,2026-07.csv,,77.62,,,,,,,,,,,,,,,,
,2026-07.csv,,440.97,,,,,,,,,,,,,,,,
,2026-07.csv,,162,,,,,,,,,,,,,,,,
,2026-07.csv,,160.08,,,,,,,,,,,,,,,,
,2026-07.csv,,590.78,,,,,,,,,,,,,,,,
,2026-07.csv,,622.65,,,,,,,,,,,,,,,,
,2026-07.csv,,0,,,,,,,,,,,,,,,,
,2026-07.csv,,198.34,,,,,,,,,,,,,,,,
,2026-07.csv,,77.84,,,,,,,,,,,,,,,,
,2026-07.csv,,0.43,,,,,,,,,,,,,,,,
,2026-07.csv,,901.52,,,,,,,,,,,,,,,,
,2026-07.csv,,99.13,,,,,,,,,,,,,,,,
,2026-07.csv,,222.43,,,,,,,,,,,,,,,,
,2026-07.csv,,233.93,,,,,,,,,,,,,,,,
,2026-07.csv,,512.79,,,,,,,,,,,,,,,,
,2026-07.csv,,0,,,,,,,,,,,,,,,,
,2026-07.csv,,94.18,,,,,,,,,,,,,,,,
,2026-07.csv,,0.07,,,,,,,,,,,,,,,,
,2026-07.csv,,0,,,,,,,,,,,,,,,,
,2026-07.csv,,522.58,,,,,,,,,,,,,,,,
,2026-07.csv,,0,,,,,,,,,,,,,,,,
,2026-07.csv,,0,,,,,,,,,,,,,,,,
,2026-07.csv,,0,,,,,,,,,,,,,,,,
,2026-07.csv,,0,,,,,,,,,,,,,,,,
,2026-07.csv,,0.83,,,,,,,,,,,,,,,,
,2026-07.csv,,1.2,,,,,,,,,,,,,,,,
,2026-07.csv,,0,,,,,,,,,,,,,,,,
,2026-07.csv,,21.96,,,,,,,,,,,,,,,,
,2026-07.csv,,145.94,,,,,,,,,,,,,,,,
,2026-07.csv,,211.05,,,,,,,,,,,,,,,,
,2026-07.csv,,264.86,,,,,,,,,,,,,,,,
,2026-07.csv,,0,,,,,,,,,,,,,,,,
,2026-07.csv,,0,,,,,,,,,,,,,,,,
,2026-07.csv,,156.4,,,,,,,,,,,,,,,,
,2026-07.csv,,222.2,,,,,,,,,,,,,,,,
,2026-07.csv,,0.13,,,,,,,,,,,,,,,,
,2026-07.csv,,0,,,,,,,,,,,,,,,,
,2026-07.csv,,0,,,,,,,,,,,,,,,,
,2026-07.csv,,632.99,,,,,,,,,,,,,,,,
,2026-07.csv,,505.47,,,,,,,,,,,,,,,,
,2026-07.csv,,962.73,,,,,,,,,,,,,,,,
,2026-07.csv,,435.79,,,,,,,,,,,,,,,,
,2026-07.csv,,199.15,,,,,,,,,,,,,,,,
,2026-07.csv,,163.12,,,,,,,,,,,,,,,,
,2026-07.csv,,209.95,,,,,,,,,,,,,,,,
,2026-07.csv,,102.32,,,,,,,,,,,,,,,,
,2026-07.csv,,128.32,,,,,,,,,,,,,,,,
,2026-07.csv,,201.99,,,,,,,,,,,,,,,,
,2026-07.csv,,120.92,,,,,,,,,,,,,,,,
,2026-07.csv,,176.55,,,,,,,,,,,,,,,,
,2026-07.csv,,0,,,,,,,,,,,,,,,,
,2026-07.csv,,268.18,,,,,,,,,,,,,,,,
,2026-07.csv,,0,,,,,,,,,,,,,,,,
,2026-07.csv,,272.3,,,,,,,,,,,,,,,,
,2026-07.csv,,206.28,,,,,,,,,,,,,,,,
,2026-07.csv,,314.73,,,,,,,,,,,,,,,,
,2026-07.csv,,143.26,,,,,,,,,,,,,,,,
,2026-07.csv,,195,,,,,,,,,,,,,,,,
,2026-07.csv,,140.9,,,,,,,,,,,,,,,,
,2026-07.csv,,128.92,,,,,,,,,,,,,,,,
,2026-07.csv,,225.73,,,,,,,,,,,,,,,,
,2026-07.csv,,173.58,,,,,,,,,,,,,,,,
,2026-07.csv,,205.69,,,,,,,,,,,,,,,,
,2026-07.csv,,339.78,,,,,,,,,,,,,,,,
,2026-07.csv,,185.17,,,,,,,,,,,,,,,,
,2026-07.csv,,135.54,,,,,,,,,,,,,,,,
,2026-07.csv,,158.08,,,,,,,,,,,,,,,,
,2026-07.csv,,186.86,,,,,,,,,,,,,,,,
,2026-07.csv,,178.62,,,,,,,,,,,,,,,,
,2026-07.csv,,1057.72,,,,,,,,,,,,,,,,
,2026-07.csv,,632.2,,,,,,,,,,,,,,,,
,2026-07.csv,,238.01,,,,,,,,,,,,,,,,
,2026-07.csv,,223.99,,,,,,,,,,,,,,,,
,2026-07.csv,,259.85,,,,,,,,,,,,,,,,
,2026-07.csv,,189.39,,,,,,,,,,,,,,,,
,2026-07.csv,,190.01,,,,,,,,,,,,,,,,
,2026-07.csv,,288.34,,,,,,,,,,,,,,,,
,2026-07.csv,,0.11,,,,,,,,,,,,,,,,
,2026-07.csv,,102.62,,,,,,,,,,,,,,,,
,2026-07.csv,,322.98,,,,,,,,,,,,,,,,
,2026-07.csv,,542.85,,,,,,,,,,,,,,,,
,2026-07.csv,,214.64,,,,,,,,,,,,,,,,
,2026-07.csv,,428.13,,,,,,,,,,,,,,,,
,2026-07.csv,,325.89,,,,,,,,,,,,,,,,
,2026-07.csv,,382.67,,,,,,,,,,,,,,,,
,2026-07.csv,,408.21,,,,,,,,,,,,,,,,
,2026-07.csv,,593.79,,,,,,,,,,,,,,,,
,2026-07.csv,,162.71,,,,,,,,,,,,,,,,
,2026-07.csv,,261.02,,,,,,,,,,,,,,,,
,2026-07.csv,,563.39,,,,,,,,,,,,,,,,
,2026-07.csv,,198.28,,,,,,,,,,,,,,,,
,2026-07.csv,,155.44,,,,,,,,,,,,,,,,
,2026-07.csv,,164.85,,,,,,,,,,,,,,,,
,2026-07.csv,,97.93,,,,,,,,,,,,,,,,
,2026-07.csv,,112.41,,,,,,,,,,,,,,,,
,2026-07.csv,,404.6,,,,,,,,,,,,,,,,
,2026-07.csv,,605.43,,,,,,,,,,,,,,,,
,2026-07.csv,,559.51,,,,,,,,,,,,,,,,
,2026-07.csv,,563.52,,,,,,,,,,,,,,,,
,2026-07.csv,,481.81,,,,,,,,,,,,,,,,
,2026-07.csv,,375.87,,,,,,,,,,,,,,,,
,2026-07.csv,,201.13,,,,,,,,,,,,,,,,
,2026-07.csv,,330.13,,,,,,,,,,,,,,,,
,2026-07.csv,,231.08,,,,,,,,,,,,,,,,
,2026-07.csv,,380.59,,,,,,,,,,,,,,,,
,2026-07.csv,,553.89,,,,,,,,,,,,,,,,
,2026-07.csv,,494.49,,,,,,,,,,,,,,,,
,2026-07.csv,,0,,,,,,,,,,,,,,,,
,2026-07.csv,,0,,,,,,,,,,,,,,,,
,2026-07.csv,,0,,,,,,,,,,,,,,,,
,2026-07.csv,,100.25,,,,,,,,,,,,,,,,
,2026-07.csv,,183.24,,,,,,,,,,,,,,,,
,2026-07.csv,,301.86,,,,,,,,,,,,,,,,
,2026-07.csv,,265.36,,,,,,,,,,,,,,,,
,2026-07.csv,,384.6,,,,,,,,,,,,,,,,
,2026-07.csv,,3081.08,,,,,,,,,,,,,,,,
,2026-07.csv,,170.81,,,,,,,,,,,,,,,,
,2026-07.csv,,42.39,,,,,,,,,,,,,,,,
,2026-07.csv,,0,,,,,,,,,,,,,,,,
,2026-07.csv,,243.15,,,,,,,,,,,,,,,,
,2026-07.csv,,125.64,,,,,,,,,,,,,,,,
,2026-07.csv,,525.13,,,,,,,,,,,,,,,,
,2026-07.csv,,547.01,,,,,,,,,,,,,,,,
,2026-07.csv,,67.1,,,,,,,,,,,,,,,,
,2026-07.csv,,278.6,,,,,,,,,,,,,,,,
,2026-07.csv,,257.41,,,,,,,,,,,,,,,,
,2026-07.csv,,287.73,,,,,,,,,,,,,,,,
,2026-07.csv,,842.44,,,,,,,,,,,,,,,,
,2026-07.csv,,100.93,,,,,,,,,,,,,,,,
,2026-07.csv,,0,,,,,,,,,,,,,,,,
,2026-07.csv,,117.83,,,,,,,,,,,,,,,,
,2026-07.csv,,182.21,,,,,,,,,,,,,,,,
,2026-07.csv,,164.66,,,,,,,,,,,,,,,,
,2026-07.csv,,239.96,,,,,,,,,,,,,,,,
,2026-07.csv,,190.27,,,,,,,,,,,,,,,,
,2026-07.csv,,363.03,,,,,,,,,,,,,,,,
,2026-07.csv,,120.09,,,,,,,,,,,,,,,,
,2026-07.csv,,93.19,,,,,,,,,,,,,,,,
,2026-07.csv,,255.45,,,,,,,,,,,,,,,,
,2026-07.csv,,163.15,,,,,,,,,,,,,,,,
,2026-07.csv,,269.64,,,,,,,,,,,,,,,,
,2026-07.csv,,255.52,,,,,,,,,,,,,,,,
,2026-07.csv,,398.19,,,,,,,,,,,,,,,,
,2026-07.csv,,115.21,,,,,,,,,,,,,,,,
,2026-07.csv,,337.19,,,,,,,,,,,,,,,,
,2026-07.csv,,313.34,,,,,,,,,,,,,,,,
,2026-07.csv,,360.06,,,,,,,,,,,,,,,,
,2026-07.csv,,95.54,,,,,,,,,,,,,,,,
,2026-07.csv,,3574.5,,,,,,,,,,,,,,,,
,2026-07.csv,,111.71,,,,,,,,,,,,,,,,
,2026-07.csv,,136.09,,,,,,,,,,,,,,,,
,2026-07.csv,,0,,,,,,,,,,,,,,,,
,2026-07.csv,,190.19,,,,,,,,,,,,,,,,
,2026-07.csv,,462.34,,,,,,,,,,,,,,,,
,2026-07.csv,,310.07,,,,,,,,,,,,,,,,
,2026-07.csv,,340.17,,,,,,,,,,,,,,,,
,2026-07.csv,,357.32,,,,,,,,,,,,,,,,
,2026-07.csv,,332.95,,,,,,,,,,,,,,,,
,2026-07.csv,,101.28,,,,,,,,,,,,,,,,
,2026-07.csv,,173.12,,,,,,,,,,,,,,,,
,2026-07.csv,,127.34,,,,,,,,,,,,,,,,
,2026-07.csv,,268.2,,,,,,,,,,,,,,,,
,2026-07.csv,,70.71,,,,,,,,,,,,,,,,
,2026-07.csv,,418.73,,,,,,,,,,,,,,,,
,2026-07.csv,,261.9,,,,,,,,,,,,,,,,
,2026-07.csv,,255.94,,,,,,,,,,,,,,,,
,2026-07.csv,,156.42,,,,,,,,,,,,,,,,
,2026-07.csv,,1123.4,,,,,,,,,,,,,,,,
,2026-07.csv,,432.62,,,,,,,,,,,,,,,,
,2026-07.csv,,116.66,,,,,,,,,,,,,,,,
,2026-07.csv,,680.44,,,,,,,,,,,,,,,,
,2026-07.csv,,16.71,,,,,,,,,,,,,,,,
,2026-07.csv,,97.88,,,,,,,,,,,,,,,,
,2026-07.csv,,100.4,,,,,,,,,,,,,,,,
,2026-07.csv,,26.82,,,,,,,,,,,,,,,,
,2026-07.csv,,395.19,,,,,,,,,,,,,,,,
,2026-07.csv,,241.77,,,,,,,,,,,,,,,,
,2026-07.csv,,474.96,,,,,,,,,,,,,,,,
,2026-07.csv,,249.71,,,,,,,,,,,,,,,,
,2026-07.csv,,253.63,,,,,,,,,,,,,,,,
,2026-07.csv,,48.26,,,,,,,,,,,,,,,,
,2026-07.csv,,40.17,,,,,,,,,,,,,,,,
,2026-07.csv,,308.85,,,,,,,,,,,,,,,,
,2026-07.csv,,1150.13,,,,,,,,,,,,,,,,
,2026-07.csv,,1530.92,,,,,,,,,,,,,,,,
,2026-07.csv,,1288.32,,,,,,,,,,,,,,,,
,2026-07.csv,,1297.76,,,,,,,,,,,,,,,,
,2026-07.csv,,1546.7,,,,,,,,,,,,,,,,
,2026-07.csv,,235.55,,,,,,,,,,,,,,,,
,2026-07.csv,,1986.56,,,,,,,,,,,,,,,,
,2026-07.csv,,634.55,,,,,,,,,,,,,,,,
,2026-07.csv,,651.95,,,,,,,,,,,,,,,,
,2026-07.csv,,952.69,,,,,,,,,,,,,,,,
,2026-07.csv,,931.24,,,,,,,,,,,,,,,,
,2026-07.csv,,1332.41,,,,,,,,,,,,,,,,
,2026-07.csv,,868.62,,,,,,,,,,,,,,,,
,2026-07.csv,,746.74,,,,,,,,,,,,,,,,
,2026-07.csv,,593,,,,,,,,,,,,,,,,
,2026-07.csv,,360.95,,,,,,,,,,,,,,,,
,2026-07.csv,,54.98,,,,,,,,,,,,,,,,
,2026-07.csv,,987.38,,,,,,,,,,,,,,,,
,2026-07.csv,,1609.72,,,,,,,,,,,,,,,,
,2026-07.csv,,1176.23,,,,,,,,,,,,,,,,
,2026-07.csv,,1508.2,,,,,,,,,,,,,,,,
,2026-07.csv,,1935.88,,,,,,,,,,,,,,,,
,2026-07.csv,,780.61,,,,,,,,,,,,,,,,
,2026-07.csv,,618.22,,,,,,,,,,,,,,,,
,2026-07.csv,,1846.59,,,,,,,,,,,,,,,,
,2026-07.csv,,1016.96,,,,,,,,,,,,,,,,
,2026-07.csv,,1238.6,,,,,,,,,,,,,,,,
,2026-07.csv,,631.2,,,,,,,,,,,,,,,,
,2026-07.csv,,770.81,,,,,,,,,,,,,,,,
,2026-07.csv,,455,,,,,,,,,,,,,,,,
,2026-07.csv,,1125.55,,,,,,,,,,,,,,,,
,2026-07.csv,,1222.79,,,,,,,,,,,,,,,,
,2026-07.csv,,200.31,,,,,,,,,,,,,,,,
,2026-07.csv,,131.79,,,,,,,,,,,,,,,,
,2026-07.csv,,577.62,,,,,,,,,,,,,,,,
,2026-07.csv,,368.63,,,,,,,,,,,,,,,,
,2026-07.csv,,1834.91,,,,,,,,,,,,,,,,
,2026-07.csv,,66.39,,,,,,,,,,,,,,,,
,2026-07.csv,,686.79,,,,,,,,,,,,,,,,
,2026-07.csv,,634.07,,,,,,,,,,,,,,,,
,2026-07.csv,,206.68,,,,,,,,,,,,,,,,
,2026-07.csv,,1183.98,,,,,,,,,,,,,,,,
,2026-07.csv,,744.42,,,,,,,,,,,,,,,,
,2026-07.csv,,1273.5,,,,,,,,,,,,,,,,
,2026-07.csv,,777,,,,,,,,,,,,,,,,
,2026-07.csv,,1294.84,,,,,,,,,,,,,,,,
,2026-07.csv,,613.76,,,,,,,,,,,,,,,,
,2026-07.csv,,134.65,,,,,,,,,,,,,,,,
,2026-07.csv,,783.98,,,,,,,,,,,,,,,,
,2026-07.csv,,55.83,,,,,,,,,,,,,,,,
,2026-07.csv,,43.82,,,,,,,,,,,,,,,,
,2026-07.csv,,643.95,,,,,,,,,,,,,,,,
,2026-07.csv,,1751.26,,,,,,,,,,,,,,,,
,2026-07.csv,,2860.22,,,,,,,,,,,,,,,,
,2026-07.csv,,202.27,,,,,,,,,,,,,,,,
,2026-07.csv,,1694.94,,,,,,,,,,,,,,,,
,2026-07.csv,,0.93,,,,,,,,,,,,,,,,
,2026-07.csv,,67.84,,,,,,,,,,,,,,,,
,2026-07.csv,,266.36,,,,,,,,,,,,,,,,
,2026-07.csv,,479.56,,,,,,,,,,,,,,,,
,2026-07.csv,,284.83,,,,,,,,,,,,,,,,
,2026-07.csv,,54.19,,,,,,,,,,,,,,,,
,2026-07.csv,,252.18,,,,,,,,,,,,,,,,
,2026-07.csv,,1832.29,,,,,,,,,,,,,,,,
,2026-07.csv,,265.02,,,,,,,,,,,,,,,,
,2026-07.csv,,406.09,,,,,,,,,,,,,,,,
,2026-07.csv,,1054.8,,,,,,,,,,,,,,,,
,2026-07.csv,,306.05,,,,,,,,,,,,,,,,
,2026-07.csv,,474.55,,,,,,,,,,,,,,,,
,2026-07.csv,,677.47,,,,,,,,,,,,,,,,
,2026-07.csv,,203.55,,,,,,,,,,,,,,,,
,2026-07.csv,,217.52,,,,,,,,,,,,,,,,
,2026-07.csv,,1252.02,,,,,,,,,,,,,,,,
,2026-07.csv,,629.11,,,,,,,,,,,,,,,,
,2026-07.csv,,574.39,,,,,,,,,,,,,,,,
,2026-07.csv,,696.83,,,,,,,,,,,,,,,,
,2026-07.csv,,211.34,,,,,,,,,,,,,,,,
,2026-07.csv,,903.57,,,,,,,,,,,,,,,,
,2026-07.csv,,28.66,,,,,,,,,,,,,,,,
,2026-07.csv,,1035.52,,,,,,,,,,,,,,,,
,2026-07.csv,,285.67,,,,,,,,,,,,,,,,
,2026-07.csv,,318.53,,,,,,,,,,,,,,,,
,2026-07.csv,,233.7,,,,,,,,,,,,,,,,
,2026-07.csv,,4.77,,,,,,,,,,,,,,,,
,2026-07.csv,,461,,,,,,,,,,,,,,,,
,2026-07.csv,,2376.11,,,,,,,,,,,,,,,,
,2026-07.csv,,1225.85,,,,,,,,,,,,,,,,
,2026-07.csv,,1464.36,,,,,,,,,,,,,,,,
,2026-07.csv,,181.12,,,,,,,,,,,,,,,,
,2026-07.csv,,160.05,,,,,,,,,,,,,,,,
,2026-07.csv,,115.05,,,,,,,,,,,,,,,,
,2026-07.csv,,464.29,,,,,,,,,,,,,,,,
,2026-07.csv,,1063.62,,,,,,,,,,,,,,,,
,2026-07.csv,,1001.18,,,,,,,,,,,,,,,,
,2026-07.csv,,106.91,,,,,,,,,,,,,,,,
,2026-07.csv,,55.3,,,,,,,,,,,,,,,,
,2026-07.csv,,13.82,,,,,,,,,,,,,,,,
,2026-07.csv,,184.17,,,,,,,,,,,,,,,,
,2026-07.csv,,1447.45,,,,,,,,,,,,,,,,
,2026-07.csv,,2020.35,,,,,,,,,,,,,,,,
,2026-07.csv,,2406.73,,,,,,,,,,,,,,,,
,2026-07.csv,,190.46,,,,,,,,,,,,,,,,
,2026-07.csv,,3765.27,,,,,,,,,,,,,,,,
,2026-07.csv,,2592.92,,,,,,,,,,,,,,,,
,2026-07.csv,,3345.3,,,,,,,,,,,,,,,,
,2026-07.csv,,3312.68,,,,,,,,,,,,,,,,
,2026-07.csv,,2178.55,,,,,,,,,,,,,,,,
,2026-07.csv,,1802.58,,,,,,,,,,,,,,,,
,2026-07.csv,,2514.83,,,,,,,,,,,,,,,,
,2026-07.csv,,2858.55,,,,,,,,,,,,,,,,
,2026-07.csv,,2373.2,,,,,,,,,,,,,,,,
,2026-07.csv,,980.14,,,,,,,,,,,,,,,,
,2026-07.csv,,168.21,,,,,,,,,,,,,,,,
,2026-07.csv,,719.18,,,,,,,,,,,,,,,,
,2026-07.csv,,450.59,,,,,,,,,,,,,,,,
,2026-07.csv,,705.48,,,,,,,,,,,,,,,,
,2026-07.csv,,561.75,,,,,,,,,,,,,,,,
,2026-07.csv,,767.83,,,,,,,,,,,,,,,,
,2026-07.csv,,151.99,,,,,,,,,,,,,,,,
,2026-07.csv,,1014.98,,,,,,,,,,,,,,,,
,2026-07.csv,,1442.16,,,,,,,,,,,,,,,,
,2026-07.csv,,195.31,,,,,,,,,,,,,,,,
,2026-07.csv,,150.59,,,,,,,,,,,,,,,,
,2026-07.csv,,824.5,,,,,,,,,,,,,,,,
,2026-07.csv,,835.15,,,,,,,,,,,,,,,,
,2026-07.csv,,556.86,,,,,,,,,,,,,,,,
,2026-07.csv,,141.4,,,,,,,,,,,,,,,,
,2026-07.csv,,26.78,,,,,,,,,,,,,,,,
,2026-07.csv,,76.45,,,,,,,,,,,,,,,,
,2026-07.csv,,387.77,,,,,,,,,,,,,,,,
,2026-07.csv,,1012.1,,,,,,,,,,,,,,,,
,2026-07.csv,,840.31,,,,,,,,,,,,,,,,
,2026-07.csv,,459.49,,,,,,,,,,,,,,,,
,2026-07.csv,,106.39,,,,,,,,,,,,,,,,
,2026-07.csv,,808.62,,,,,,,,,,,,,,,,
,2026-07.csv,,409.35,,,,,,,,,,,,,,,,
,2026-07.csv,,322.92,,,,,,,,,,,,,,,,
,2026-07.csv,,1447.76,,,,,,,,,,,,,,,,
,2026-07.csv,,1470.78,,,,,,,,,,,,,,,,
,2026-07.csv,,1120.45,,,,,,,,,,,,,,,,
,2026-07.csv,,293.4,,,,,,,,,,,,,,,,
,2026-07.csv,,1371.55,,,,,,,,,,,,,,,,
,2026-07.csv,,993.6,,,,,,,,,,,,,,,,
,2026-07.csv,,617.85,,,,,,,,,,,,,,,,
,2026-07.csv,,0.03,,,,,,,,,,,,,,,,
,2026-07.csv,,687.82,,,,,,,,,,,,,,,,
,2026-07.csv,,162.39,,,,,,,,,,,,,,,,
,2026-07.csv,,399.31,,,,,,,,,,,,,,,,
,2026-07.csv,,306.09,,,,,,,,,,,,,,,,
,2026-07.csv,,594.55,,,,,,,,,,,,,,,,
,2026-07.csv,,1503.59,,,,,,,,,,,,,,,,
,2026-07.csv,,199.48,,,,,,,,,,,,,,,,
,2026-07.csv,,126.72,,,,,,,,,,,,,,,,
,2026-07.csv,,179.87,,,,,,,,,,,,,,,,
,2026-07.csv,,113.09,,,,,,,,,,,,,,,,
,2026-07.csv,,434.04,,,,,,,,,,,,,,,,
,2026-07.csv,,385.98,,,,,,,,,,,,,,,,
,2026-07.csv,,518.99,,,,,,,,,,,,,,,,
,2026-07.csv,,193.4,,,,,,,,,,,,,,,,
,2026-07.csv,,312.98,,,,,,,,,,,,,,,,
,2026-07.csv,,574.07,,,,,,,,,,,,,,,,
,2026-07.csv,,53.19,,,,,,,,,,,,,,,,
,2026-07.csv,,169.82,,,,,,,,,,,,,,,,
,2026-07.csv,,715.32,,,,,,,,,,,,,,,,
,2026-07.csv,,757.62,,,,,,,,,,,,,,,,
,2026-07.csv,,489.55,,,,,,,,,,,,,,,,
,2026-07.csv,,1026.67,,,,,,,,,,,,,,,,
,2026-07.csv,,1001.24,,,,,,,,,,,,,,,,
,2026-07.csv,,1088.96,,,,,,,,,,,,,,,,
,2026-07.csv,,703.33,,,,,,,,,,,,,,,,
,2026-07.csv,,849.98,,,,,,,,,,,,,,,,
,2026-07.csv,,520.38,,,,,,,,,,,,,,,,
,2026-07.csv,,552.62,,,,,,,,,,,,,,,,
,2026-07.csv,,363.91,,,,,,,,,,,,,,,,
,2026-07.csv,,500.97,,,,,,,,,,,,,,,,
,2026-07.csv,,105.34,,,,,,,,,,,,,,,,
,2026-07.csv,,590.53,,,,,,,,,,,,,,,,
,2026-07.csv,,250.21,,,,,,,,,,,,,,,,
,2026-07.csv,,837.67,,,,,,,,,,,,,,,,
,2026-07.csv,,688.03,,,,,,,,,,,,,,,,
,2026-07.csv,,113.26,,,,,,,,,,,,,,,,
,2026-07.csv,,1677.19,,,,,,,,,,,,,,,,
,2026-07.csv,,1452,,,,,,,,,,,,,,,,
,2026-07.csv,,106.14,,,,,,,,,,,,,,,,
,2026-07.csv,,241.06,,,,,,,,,,,,,,,,
,2026-07.csv,,4315.21,,,,,,,,,,,,,,,,
,2026-07.csv,,32.83,,,,,,,,,,,,,,,,
,2026-07.csv,,782.54,,,,,,,,,,,,,,,,
,2026-07.csv,,929.02,,,,,,,,,,,,,,,,
,2026-07.csv,,1739.72,,,,,,,,,,,,,,,,
,2026-07.csv,,508.43,,,,,,,,,,,,,,,,
,2026-07.csv,,357.89,,,,,,,,,,,,,,,,
,2026-07.csv,,282.16,,,,,,,,,,,,,,,,
,2026-07.csv,,389.19,,,,,,,,,,,,,,,,
,2026-07.csv,,403.17,,,,,,,,,,,,,,,,
,2026-07.csv,,351.23,,,,,,,,,,,,,,,,
,2026-07.csv,,261.4,,,,,,,,,,,,,,,,
,2026-07.csv,,242.13,,,,,,,,,,,,,,,,
,2026-07.csv,,290.04,,,,,,,,,,,,,,,,
,2026-07.csv,,338.45,,,,,,,,,,,,,,,,
,2026-07.csv,,358.41,,,,,,,,,,,,,,,,
,2026-07.csv,,759.32,,,,,,,,,,,,,,,,
,2026-07.csv,,847.9,,,,,,,,,,,,,,,,
,2026-07.csv,,340.33,,,,,,,,,,,,,,,,
,2026-07.csv,,431.04,,,,,,,,,,,,,,,,
,2026-07.csv,,252.44,,,,,,,,,,,,,,,,
,2026-07.csv,,328.2,,,,,,,,,,,,,,,,
,2026-07.csv,,559.01,,,,,,,,,,,,,,,,
,2026-07.csv,,261.78,,,,,,,,,,,,,,,,
,2026-07.csv,,183.44,,,,,,,,,,,,,,,,
,2026-07.csv,,143.72,,,,,,,,,,,,,,,,
,2026-07.csv,,200.25,,,,,,,,,,,,,,,,
,2026-07.csv,,218.28,,,,,,,,,,,,,,,,
,2026-07.csv,,330.27,,,,,,,,,,,,,,,,
,2026-07.csv,,587.81,,,,,,,,,,,,,,,,
,2026-07.csv,,328.76,,,,,,,,,,,,,,,,
,2026-07.csv,,4.98,,,,,,,,,,,,,,,,
,2026-07.csv,,734.19,,,,,,,,,,,,,,,,
,2026-07.csv,,642.43,,,,,,,,,,,,,,,,
,2026-07.csv,,702.39,,,,,,,,,,,,,,,,
,2026-07.csv,,957.28,,,,,,,,,,,,,,,,
,2026-07.csv,,12.44,,,,,,,,,,,,,,,,
,2026-07.csv,,685.52,,,,,,,,,,,,,,,,
,2026-07.csv,,684.62,,,,,,,,,,,,,,,,
,2026-07.csv,,649.55,,,,,,,,,,,,,,,,
,2026-07.csv,,273.7,,,,,,,,,,,,,,,,
,2026-07.csv,,160.77,,,,,,,,,,,,,,,,
,2026-07.csv,,956.44,,,,,,,,,,,,,,,,
,2026-07.csv,,708.28,,,,,,,,,,,,,,,,
,2026-07.csv,,571.41,,,,,,,,,,,,,,,,
,2026-07.csv,,585.79,,,,,,,,,,,,,,,,
,2026-07.csv,,865.93,,,,,,,,,,,,,,,,
,2026-07.csv,,663.67,,,,,,,,,,,,,,,,
,2026-07.csv,,799.77,,,,,,,,,,,,,,,,
,2026-07.csv,,1272.62,,,,,,,,,,,,,,,,
,2026-07.csv,,298.45,,,,,,,,,,,,,,,,
,2026-07.csv,,310.08,,,,,,,,,,,,,,,,
,2026-07.csv,,240.77,,,,,,,,,,,,,,,,
,2026-07.csv,,405.81,,,,,,,,,,,,,,,,
,2026-07.csv,,5.95,,,,,,,,,,,,,,,,
,2026-07.csv,,1391.6,,,,,,,,,,,,,,,,
,2026-07.csv,,246.42,,,,,,,,,,,,,,,,
,2026-07.csv,,1182.65,,,,,,,,,,,,,,,,
,2026-07.csv,,622.58,,,,,,,,,,,,,,,,
,2026-07.csv,,470.11,,,,,,,,,,,,,,,,
,2026-07.csv,,253.13,,,,,,,,,,,,,,,,
,2026-07.csv,,1162.52,,,,,,,,,,,,,,,,
,2026-07.csv,,556.23,,,,,,,,,,,,,,,,
,2026-07.csv,,837.85,,,,,,,,,,,,,,,,
,2026-07.csv,,550.65,,,,,,,,,,,,,,,,
,2026-07.csv,,635.91,,,,,,,,,,,,,,,,
,2026-07.csv,,595.95,,,,,,,,,,,,,,,,
,2026-07.csv,,455.86,,,,,,,,,,,,,,,,
,2026-07.csv,,913.89,,,,,,,,,,,,,,,,
,2026-07.csv,,395.48,,,,,,,,,,,,,,,,
,2026-07.csv,,1222.67,,,,,,,,,,,,,,,,
,2026-07.csv,,755.88,,,,,,,,,,,,,,,,
,2026-07.csv,,94.08,,,,,,,,,,,,,,,,
,2026-07.csv,,1328.22,,,,,,,,,,,,,,,,
,2026-07.csv,,471.12,,,,,,,,,,,,,,,,
,2026-07.csv,,250.4,,,,,,,,,,,,,,,,
,2026-07.csv,,275.2,,,,,,,,,,,,,,,,
,2026-07.csv,,680.09,,,,,,,,,,,,,,,,
,2026-07.csv,,310.54,,,,,,,,,,,,,,,,
,2026-07.csv,,155.51,,,,,,,,,,,,,,,,
,2026-07.csv,,493.92,,,,,,,,,,,,,,,,
,2026-07.csv,,579.22,,,,,,,,,,,,,,,,
,2026-07.csv,,433.18,,,,,,,,,,,,,,,,
,2026-07.csv,,670.85,,,,,,,,,,,,,,,,
,2026-07.csv,,800.86,,,,,,,,,,,,,,,,
,2026-07.csv,,209.72,,,,,,,,,,,,,,,,
,2026-07.csv,,210.45,,,,,,,,,,,,,,,,
,2026-07.csv,,161.67,,,,,,,,,,,,,,,,
,2026-07.csv,,160.19,,,,,,,,,,,,,,,,
,2026-07.csv,,408.59,,,,,,,,,,,,,,,,
,2026-07.csv,,168.28,,,,,,,,,,,,,,,,
,2026-07.csv,,271.03,,,,,,,,,,,,,,,,
,2026-07.csv,,228.68,,,,,,,,,,,,,,,,
,2026-07.csv,,395.96,,,,,,,,,,,,,,,,
,2026-07.csv,,424.45,,,,,,,,,,,,,,,,
,2026-07.csv,,398.91,,,,,,,,,,,,,,,,
,2026-07.csv,,97.88,,,,,,,,,,,,,,,,
,2026-07.csv,,64.63,,,,,,,,,,,,,,,,
,2026-07.csv,,628.08,,,,,,,,,,,,,,,,
,2026-07.csv,,468.12,,,,,,,,,,,,,,,,
,2026-07.csv,,466.9,,,,,,,,,,,,,,,,
,2026-07.csv,,1131.52,,,,,,,,,,,,,,,,
,2026-07.csv,,419.62,,,,,,,,,,,,,,,,
,2026-07.csv,,253.64,,,,,,,,,,,,,,,,
,2026-07.csv,,1239.53,,,,,,,,,,,,,,,,
,2026-07.csv,,1079.17,,,,,,,,,,,,,,,,
,2026-07.csv,,463.98,,,,,,,,,,,,,,,,
,2026-07.csv,,814.22,,,,,,,,,,,,,,,,
,2026-07.csv,,354.17,,,,,,,,,,,,,,,,
,2026-07.csv,,199.56,,,,,,,,,,,,,,,,
,2026-07.csv,,54.54,,,,,,,,,,,,,,,,
,2026-07.csv,,526.41,,,,,,,,,,,,,,,,
,2026-07.csv,,460.45,,,,,,,,,,,,,,,,
,2026-07.csv,,1210.2,,,,,,,,,,,,,,,,
,2026-07.csv,,1595.37,,,,,,,,,,,,,,,,
,2026-07.csv,,0.09,,,,,,,,,,,,,,,,
,2026-07.csv,,1574.85,,,,,,,,,,,,,,,,
,2026-07.csv,,2883.58,,,,,,,,,,,,,,,,
,2026-07.csv,,182.6,,,,,,,,,,,,,,,,
,2026-07.csv,,192.88,,,,,,,,,,,,,,,,
,2026-07.csv,,519.69,,,,,,,,,,,,,,,,
,2026-07.csv,,369.94,,,,,,,,,,,,,,,,
,2026-07.csv,,390.09,,,,,,,,,,,,,,,,
,2026-07.csv,,914.25,,,,,,,,,,,,,,,,
,2026-07.csv,,1818.91,,,,,,,,,,,,,,,,
,2026-07.csv,,825.2,,,,,,,,,,,,,,,,
,2026-07.csv,,486.09,,,,,,,,,,,,,,,,
,2026-07.csv,,590.99,,,,,,,,,,,,,,,,
,2026-07.csv,,1027.01,,,,,,,,,,,,,,,,
,2026-07.csv,,620.25,,,,,,,,,,,,,,,,
,2026-07.csv,,447.11,,,,,,,,,,,,,,,,
,2026-07.csv,,325.85,,,,,,,,,,,,,,,,
,2026-07.csv,,272.55,,,,,,,,,,,,,,,,
,2026-07.csv,,462.59,,,,,,,,,,,,,,,,
,2026-07.csv,,119.67,,,,,,,,,,,,,,,,
,2026-07.csv,,496.48,,,,,,,,,,,,,,,,
,2026-07.csv,,666.12,,,,,,,,,,,,,,,,
,2026-07.csv,,496.91,,,,,,,,,,,,,,,,
,2026-07.csv,,547.08,,,,,,,,,,,,,,,,
,2026-07.csv,,47.11,,,,,,,,,,,,,,,,
,2026-07.csv,,1447.58,,,,,,,,,,,,,,,,
,2026-07.csv,,775.96,,,,,,,,,,,,,,,,
,2026-07.csv,,286.1,,,,,,,,,,,,,,,,
,2026-07.csv,,42.08,,,,,,,,,,,,,,,,
,2026-07.csv,,1645.24,,,,,,,,,,,,,,,,
,2026-07.csv,,987.35,,,,,,,,,,,,,,,,
,2026-07.csv,,1102.58,,,,,,,,,,,,,,,,
,2026-07.csv,,369.94,,,,,,,,,,,,,,,,
,2026-07.csv,,145.72,,,,,,,,,,,,,,,,
,2026-07.csv,,5.27,,,,,,,,,,,,,,,,
,2026-07.csv,,3455.15,,,,,,,,,,,,,,,,
,2026-07.csv,,1062.67,,,,,,,,,,,,,,,,
,2026-07.csv,,649.83,,,,,,,,,,,,,,,,
,2026-07.csv,,1251.68,,,,,,,,,,,,,,,,
,2026-07.csv,,264.13,,,,,,,,,,,,,,,,
,2026-07.csv,,1111.9,,,,,,,,,,,,,,,,
,2026-07.csv,,934.16,,,,,,,,,,,,,,,,
,2026-07.csv,,1126.22,,,,,,,,,,,,,,,,
,2026-07.csv,,1230.43,,,,,,,,,,,,,,,,
,2026-07.csv,,302.74,,,,,,,,,,,,,,,,
,2026-07.csv,,772.91,,,,,,,,,,,,,,,,
,2026-07.csv,,257.79,,,,,,,,,,,,,,,,
,2026-07.csv,,73.76,,,,,,,,,,,,,,,,
,2026-07.csv,,1652.04,,,,,,,,,,,,,,,,
,2026-07.csv,,369.67,,,,,,,,,,,,,,,,
,2026-07.csv,,1578.15,,,,,,,,,,,,,,,,
,2026-07.csv,,101.06,,,,,,,,,,,,,,,,
,2026-07.csv,,188.68,,,,,,,,,,,,,,,,
,2026-07.csv,,1182.61,,,,,,,,,,,,,,,,
,2026-07.csv,,1505.86,,,,,,,,,,,,,,,,
,2026-07.csv,,1234.06,,,,,,,,,,,,,,,,
,2026-07.csv,,51.17,,,,,,,,,,,,,,,,
,2026-07.csv,,299.77,,,,,,,,,,,,,,,,
,2026-07.csv,,504.03,,,,,,,,,,,,,,,,
,2026-07.csv,,981.64,,,,,,,,,,,,,,,,
,2026-07.csv,,386.34,,,,,,,,,,,,,,,,
,2026-07.csv,,1132.25,,,,,,,,,,,,,,,,
,2026-07.csv,,179.47,,,,,,,,,,,,,,,,
,2026-07.csv,,82.38,,,,,,,,,,,,,,,,
,2026-07.csv,,657.89,,,,,,,,,,,,,,,,
,2026-07.csv,,662.93,,,,,,,,,,,,,,,,
,2026-07.csv,,328.42,,,,,,,,,,,,,,,,
,2026-07.csv,,712.77,,,,,,,,,,,,,,,,
,2026-07.csv,,1181.42,,,,,,,,,,,,,,,,
,2026-07.csv,,37.07,,,,,,,,,,,,,,,,
,2026-07.csv,,826.96,,,,,,,,,,,,,,,,
,2026-07.csv,,110.31,,,,,,,,,,,,,,,,
,2026-07.csv,,431.45,,,,,,,,,,,,,,,,
,2026-07.csv,,871.58,,,,,,,,,,,,,,,,
,2026-07.csv,,1038.65,,,,,,,,,,,,,,,,
,2026-07.csv,,224.06,,,,,,,,,,,,,,,,
,2026-07.csv,,781.51,,,,,,,,,,,,,,,,
,2026-07.csv,,106.04,,,,,,,,,,,,,,,,
,2026-07.csv,,830.06,,,,,,,,,,,,,,,,
,2026-07.csv,,2025.05,,,,,,,,,,,,,,,,
,2026-07.csv,,1312.28,,,,,,,,,,,,,,,,
,2026-07.csv,,644.37,,,,,,,,,,,,,,,,
,2026-07.csv,,1096.16,,,,,,,,,,,,,,,,
,2026-07.csv,,57.23,,,,,,,,,,,,,,,,
,2026-07.csv,,944.68,,,,,,,,,,,,,,,,
,2026-07.csv,,0,,,,,,,,,,,,,,,,
,2026-07.csv,,448.99,,,,,,,,,,,,,,,,
,2026-07.csv,,70.02,,,,,,,,,,,,,,,,
,2026-07.csv,,196.68,,,,,,,,,,,,,,,,
,2026-07.csv,,318.16,,,,,,,,,,,,,,,,
,2026-07.csv,,197.81,,,,,,,,,,,,,,,,
,2026-07.csv,,173.6,,,,,,,,,,,,,,,,
,2026-07.csv,,176.25,,,,,,,,,,,,,,,,
,2026-07.csv,,1394.63,,,,,,,,,,,,,,,,
,2026-07.csv,,1543.12,,,,,,,,,,,,,,,,
,2026-07.csv,,1253.61,,,,,,,,,,,,,,,,
,2026-07.csv,,16.17,,,,,,,,,,,,,,,,
,2026-07.csv,,2329.76,,,,,,,,,,,,,,,,
,2026-07.csv,,81.41,,,,,,,,,,,,,,,,
,2026-07.csv,,249.95,,,,,,,,,,,,,,,,
,2026-07.csv,,334.44,,,,,,,,,,,,,,,,
,2026-07.csv,,8.62,,,,,,,,,,,,,,,,
,2026-07.csv,,71.51,,,,,,,,,,,,,,,,
,2026-07.csv,,2.75,,,,,,,,,,,,,,,,
,2026-07.csv,,1347.79,,,,,,,,,,,,,,,,
,2026-07.csv,,0.31,,,,,,,,,,,,,,,,
,2026-07.csv,,0.86,,,,,,,,,,,,,,,,
,2026-07.csv,,2.77,,,,,,,,,,,,,,,,
,2026-07.csv,,0.01,,,,,,,,,,,,,,,,
,2026-07.csv,,0,,,,,,,,,,,,,,,,
,2026-07.csv,,443.61,,,,,,,,,,,,,,,,
,2026-07.csv,,111.18,,,,,,,,,,,,,,,,
,2026-07.csv,,34.98,,,,,,,,,,,,,,,,
,2026-07.csv,,193.32,,,,,,,,,,,,,,,,
,2026-07.csv,,542.79,,,,,,,,,,,,,,,,
,2026-07.csv,,735.05,,,,,,,,,,,,,,,,
,2026-07.csv,,20,,,,,,,,,,,,,,,,
,2026-07.csv,,25,,,,,,,,,,,,,,,,
,2026-07.csv,,2.08,,,,,,,,,,,,,,,,
,2026-07.csv,,70.27,,,,,,,,,,,,,,,,
,2026-07.csv,,190.57,,,,,,,,,,,,,,,,
,2026-07.csv,,264.98,,,,,,,,,,,,,,,,
,2026-07.csv,,333.3,,,,,,,,,,,,,,,,
,2026-07.csv,,53.01,,,,,,,,,,,,,,,,
,2026-07.csv,,270.82,,,,,,,,,,,,,,,,
,2026-07.csv,,0,,,,,,,,,,,,,,,,
,2026-07.csv,,80.23,,,,,,,,,,,,,,,,
,2026-07.csv,,10.9,,,,,,,,,,,,,,,,
,2026-07.csv,,88.16,,,,,,,,,,,,,,,,
,2026-07.csv,,2772.7,,,,,,,,,,,,,,,,
,2026-07.csv,,3422.25,,,,,,,,,,,,,,,,
,2026-07.csv,,0.05,,,,,,,,,,,,,,,,
,2026-07.csv,,75.28,,,,,,,,,,,,,,,,
,2026-07.csv,,108.64,,,,,,,,,,,,,,,,
,2026-07.csv,,0,,,,,,,,,,,,,,,,
,2026-07.csv,,566.2,,,,,,,,,,,,,,,,
,2026-07.csv,,330.98,,,,,,,,,,,,,,,,
,2026-07.csv,,147.37,,,,,,,,,,,,,,,,
,2026-07.csv,,56.58,,,,,,,,,,,,,,,,
,2026-07.csv,,0,,,,,,,,,,,,,,,,
,2026-07.csv,,1097.32,,,,,,,,,,,,,,,,
,2026-07.csv,,1103.49,,,,,,,,,,,,,,,,
,2026-07.csv,,1776.5,,,,,,,,,,,,,,,,
,2026-07.csv,,1772.67,,,,,,,,,,,,,,,,
,2026-07.csv,,387.04,,,,,,,,,,,,,,,,
,2026-07.csv,,1086.24,,,,,,,,,,,,,,,,
,2026-07.csv,,1153.14,,,,,,,,,,,,,,,,
,2026-07.csv,,1367.2,,,,,,,,,,,,,,,,
,2026-07.csv,,707.81,,,,,,,,,,,,,,,,
,2026-07.csv,,1024.51,,,,,,,,,,,,,,,,
,2026-07.csv,,389.77,,,,,,,,,,,,,,,,
,2026-07.csv,,1275.76,,,,,,,,,,,,,,,,
,2026-07.csv,,595.59,,,,,,,,,,,,,,,,
,2026-07.csv,,7.24,,,,,,,,,,,,,,,,
,2026-07.csv,,1117.01,,,,,,,,,,,,,,,,
,2026-07.csv,,1393.08,,,,,,,,,,,,,,,,
,2026-07.csv,,2381.53,,,,,,,,,,,,,,,,
,2026-07.csv,,1064.47,,,,,,,,,,,,,,,,
,2026-07.csv,,308,,,,,,,,,,,,,,,,
,2026-07.csv,,827.88,,,,,,,,,,,,,,,,
,2026-07.csv,,420.83,,,,,,,,,,,,,,,,
,2026-07.csv,,1849.51,,,,,,,,,,,,,,,,
,2026-07.csv,,1534.73,,,,,,,,,,,,,,,,
,2026-07.csv,,1066.67,,,,,,,,,,,,,,,,
,2026-07.csv,,1268.39,,,,,,,,,,,,,,,,
,2026-07.csv,,746.57,,,,,,,,,,,,,,,,
,2026-07.csv,,330.42,,,,,,,,,,,,,,,,
,2026-07.csv,,121.06,,,,,,,,,,,,,,,,
,2026-07.csv,,905.32,,,,,,,,,,,,,,,,
,2026-07.csv,,711.39,,,,,,,,,,,,,,,,
,2026-07.csv,,255.41,,,,,,,,,,,,,,,,
,2026-07.csv,,227.73,,,,,,,,,,,,,,,,
,2026-07.csv,,490.31,,,,,,,,,,,,,,,,
,2026-07.csv,,713.46,,,,,,,,,,,,,,,,
,2026-07.csv,,573.9,,,,,,,,,,,,,,,,
,2026-07.csv,,702.4,,,,,,,,,,,,,,,,
,2026-07.csv,,369.46,,,,,,,,,,,,,,,,
,2026-07.csv,,1068.91,,,,,,,,,,,,,,,,
,2026-07.csv,,2464.91,,,,,,,,,,,,,,,,
,2026-07.csv,,1128.52,,,,,,,,,,,,,,,,
,2026-07.csv,,3715.84,,,,,,,,,,,,,,,,
,2026-07.csv,,223.35,,,,,,,,,,,,,,,,
,2026-07.csv,,250.93,,,,,,,,,,,,,,,,
,2026-07.csv,,267.61,,,,,,,,,,,,,,,,
,2026-07.csv,,370.82,,,,,,,,,,,,,,,,
,2026-07.csv,,764.97,,,,,,,,,,,,,,,,
,2026-07.csv,,524.11,,,,,,,,,,,,,,,,
,2026-07.csv,,904.84,,,,,,,,,,,,,,,,
,2026-07.csv,,804.69,,,,,,,,,,,,,,,,
,2026-07.csv,,641.93,,,,,,,,,,,,,,,,
,2026-07.csv,,1267.55,,,,,,,,,,,,,,,,
,2026-07.csv,,1277.92,,,,,,,,,,,,,,,,
,2026-07.csv,,337.4,,,,,,,,,,,,,,,,
,2026-07.csv,,94.8,,,,,,,,,,,,,,,,
,2026-07.csv,,193.34,,,,,,,,,,,,,,,,
,2026-07.csv,,388.87,,,,,,,,,,,,,,,,
,2026-07.csv,,358.97,,,,,,,,,,,,,,,,
,2026-07.csv,,213.92,,,,,,,,,,,,,,,,
,2026-07.csv,,175.85,,,,,,,,,,,,,,,,
,2026-07.csv,,1008.79,,,,,,,,,,,,,,,,
,2026-07.csv,,1444.74,,,,,,,,,,,,,,,,
,2026-07.csv,,2242.71,,,,,,,,,,,,,,,,
,2026-07.csv,,1799.23,,,,,,,,,,,,,,,,
,2026-07.csv,,819.72,,,,,,,,,,,,,,,,
,2026-07.csv,,1044.81,,,,,,,,,,,,,,,,
,2026-07.csv,,770.27,,,,,,,,,,,,,,,,
,2026-07.csv,,169.53,,,,,,,,,,,,,,,,
,2026-07.csv,,715.74,,,,,,,,,,,,,,,,
,2026-07.csv,,724.96,,,,,,,,,,,,,,,,
,2026-07.csv,,98.52,,,,,,,,,,,,,,,,
,2026-07.csv,,181.78,,,,,,,,,,,,,,,,
,2026-07.csv,,440.93,,,,,,,,,,,,,,,,
,2026-07.csv,,1071,,,,,,,,,,,,,,,,
,2026-07.csv,,917.82,,,,,,,,,,,,,,,,
,2026-07.csv,,8.3,,,,,,,,,,,,,,,,
,2026-07.csv,,509.32,,,,,,,,,,,,,,,,
,2026-07.csv,,853.85,,,,,,,,,,,,,,,,
,2026-07.csv,,1423.29,,,,,,,,,,,,,,,,
,2026-07.csv,,2.99,,,,,,,,,,,,,,,,
,2026-07.csv,,0.45,,,,,,,,,,,,,,,,
,2026-07.csv,,196.67,,,,,,,,,,,,,,,,
,2026-07.csv,,77.74,,,,,,,,,,,,,,,,
,2026-07.csv,,0,,,,,,,,,,,,,,,,
,2026-07.csv,,163.63,,,,,,,,,,,,,,,,
,2026-07.csv,,112.15,,,,,,,,,,,,,,,,
,2026-07.csv,,21.2,,,,,,,,,,,,,,,,
,2026-07.csv,,132.75,,,,,,,,,,,,,,,,
,2026-07.csv,,375.14,,,,,,,,,,,,,,,,
,2026-07.csv,,0,,,,,,,,,,,,,,,,
,2026-07.csv,,52.55,,,,,,,,,,,,,,,,
,2026-07.csv,,1045.08,,,,,,,,,,,,,,,,
,2026-07.csv,,979.42,,,,,,,,,,,,,,,,
,2026-07.csv,,744.42,,,,,,,,,,,,,,,,
,2026-07.csv,,1364.2,,,,,,,,,,,,,,,,
,2026-07.csv,,834.54,,,,,,,,,,,,,,,,
,2026-07.csv,,3512.17,,,,,,,,,,,,,,,,
,2026-07.csv,,491.86,,,,,,,,,,,,,,,,
,2026-07.csv,,1.5,,,,,,,,,,,,,,,,
,2026-07.csv,,1701.33,,,,,,,,,,,,,,,,
,2026-07.csv,,2526.45,,,,,,,,,,,,,,,,
,2026-07.csv,,1990.71,,,,,,,,,,,,,,,,
,2026-07.csv,,2124.13,,,,,,,,,,,,,,,,
,2026-07.csv,,1474.28,,,,,,,,,,,,,,,,
,2026-07.csv,,984.28,,,,,,,,,,,,,,,,
,2026-07.csv,,539.17,,,,,,,,,,,,,,,,
,2026-07.csv,,733.61,,,,,,,,,,,,,,,,
,2026-07.csv,,600.43,,,,,,,,,,,,,,,,
,2026-07.csv,,1083.8,,,,,,,,,,,,,,,,
,2026-07.csv,,791.92,,,,,,,,,,,,,,,,
,2026-07.csv,,1546.89,,,,,,,,,,,,,,,,
,2026-07.csv,,1336.55,,,,,,,,,,,,,,,,
,2026-07.csv,,1298.78,,,,,,,,,,,,,,,,
,2026-07.csv,,872.97,,,,,,,,,,,,,,,,
,2026-07.csv,,0.14,,,,,,,,,,,,,,,,
,2026-07.csv,,595.08,,,,,,,,,,,,,,,,
,2026-07.csv,,93.6,,,,,,,,,,,,,,,,
,2026-07.csv,,1.2,,,,,,,,,,,,,,,,
,2026-07.csv,,0,,,,,,,,,,,,,,,,
,2026-07.csv,,8.67,,,,,,,,,,,,,,,,
,2026-07.csv,,38.9,,,,,,,,,,,,,,,,
,2026-07.csv,,22.22,,,,,,,,,,,,,,,,
,2026-07.csv,,25.88,,,,,,,,,,,,,,,,
,2026-07.csv,,0,,,,,,,,,,,,,,,,
,2026-07.csv,,0,,,,,,,,,,,,,,,,
,2026-07.csv,,0,,,,,,,,,,,,,,,,
,2026-07.csv,,0,,,,,,,,,,,,,,,,
,2026-07.csv,,0.38,,,,,,,,,,,,,,,,
,2026-07.csv,,685.48,,,,,,,,,,,,,,,,
,2026-07.csv,,739.13,,,,,,,,,,,,,,,,
,2026-07.csv,,191.78,,,,,,,,,,,,,,,,
,2026-07.csv,,10.86,,,,,,,,,,,,,,,,
,2026-07.csv,,13.35,,,,,,,,,,,,,,,,
,2026-07.csv,,9.24,,,,,,,,,,,,,,,,
,2026-07.csv,,0.06,,,,,,,,,,,,,,,,
,2026-07.csv,,0.08,,,,,,,,,,,,,,,,
,2026-07.csv,,0,,,,,,,,,,,,,,,,
,2026-07.csv,,573.97,,,,,,,,,,,,,,,,
,2026-07.csv,,675.5,,,,,,,,,,,,,,,,
,2026-07.csv,,643,,,,,,,,,,,,,,,,
,2026-07.csv,,893.34,,,,,,,,,,,,,,,,
,2026-07.csv,,811.86,,,,,,,,,,,,,,,,
,2026-07.csv,,189.68,,,,,,,,,,,,,,,,
,2026-07.csv,,104.24,,,,,,,,,,,,,,,,
,2026-07.csv,,380.62,,,,,,,,,,,,,,,,
,2026-07.csv,,979.47,,,,,,,,,,,,,,,,
,2026-07.csv,,20.04,,,,,,,,,,,,,,,,
,2026-07.csv,,2160.8,,,,,,,,,,,,,,,,
,2026-07.csv,,533.33,,,,,,,,,,,,,,,,
,2026-07.csv,,0,,,,,,,,,,,,,,,,
,2026-07.csv,,2304.68,,,,,,,,,,,,,,,,
,2026-07.csv,,732.96,,,,,,,,,,,,,,,,
,2026-07.csv,,0,,,,,,,,,,,,,,,,
,2026-07.csv,,56.24,,,,,,,,,,,,,,,,
,2026-07.csv,,94.95,,,,,,,,,,,,,,,,
,2026-07.csv,,209.87,,,,,,,,,,,,,,,,
,2026-07.csv,,1203.48,,,,,,,,,,,,,,,,
,2026-07.csv,,572.99,,,,,,,,,,,,,,,,
,2026-07.csv,,746.93,,,,,,,,,,,,,,,,
,2026-07.csv,,189.48,,,,,,,,,,,,,,,,
,2026-07.csv,,224.58,,,,,,,,,,,,,,,,
,2026-07.csv,,966.36,,,,,,,,,,,,,,,,
,2026-07.csv,,348.2,,,,,,,,,,,,,,,,
,2026-07.csv,,587.22,,,,,,,,,,,,,,,,
,2026-07.csv,,1602.61,,,,,,,,,,,,,,,,
,2026-07.csv,,540.92,,,,,,,,,,,,,,,,
,2026-07.csv,,805.48,,,,,,,,,,,,,,,,
,2026-07.csv,,1028.94,,,,,,,,,,,,,,,,
,2026-07.csv,,40.33,,,,,,,,,,,,,,,,
,2026-07.csv,,747.62,,,,,,,,,,,,,,,,
,2026-07.csv,,4881.8,,,,,,,,,,,,,,,,
,2026-07.csv,,28007.35,,,,,,,,,,,,,,,,
,2026-07.csv,,13089.84,,,,,,,,,,,,,,,,
,2026-07.csv,,13901.13,,,,,,,,,,,,,,,,
,2026-07.csv,,6360.86,,,,,,,,,,,,,,,,
,2026-07.csv,,4481.93,,,,,,,,,,,,,,,,
,2026-07.csv,,927.4,,,,,,,,,,,,,,,,
,2026-07.csv,,7008,,,,,,,,,,,,,,,,
,2026-07.csv,,11168.49,,,,,,,,,,,,,,,,
,2026-07.csv,,44.7,,,,,,,,,,,,,,,,
,2026-07.csv,,31969.4,,,,,,,,,,,,,,,,
,2026-07.csv,,6040.27,,,,,,,,,,,,,,,,
,2026-07.csv,,1515.6,,,,,,,,,,,,,,,,
,2026-07.csv,,1642.5,,,,,,,,,,,,,,,,
,2026-07.csv,,14439.46,,,,,,,,,,,,,,,,
,2026-07.csv,,1734.71,,,,,,,,,,,,,,,,
,2026-07.csv,,3066.05,,,,,,,,,,,,,,,,
,2026-07.csv,,879.8,,,,,,,,,,,,,,,,
,2026-07.csv,,249.06,,,,,,,,,,,,,,,,
,2026-07.csv,,1848.17,,,,,,,,,,,,,,,,
,2026-07.csv,,8327.62,,,,,,,,,,,,,,,,
,2026-07.csv,,2804.16,,,,,,,,,,,,,,,,
,2026-07.csv,,4841.09,,,,,,,,,,,,,,,,
,2026-07.csv,,4575.74,,,,,,,,,,,,,,,,
,2026-07.csv,,2364.12,,,,,,,,,,,,,,,,
,2026-07.csv,,2201.94,,,,,,,,,,,,,,,,
,2026-07.csv,,345.94,,,,,,,,,,,,,,,,
,2026-07.csv,,27961.55,,,,,,,,,,,,,,,,
,2026-07.csv,,8530.86,,,,,,,,,,,,,,,,
,2026-07.csv,,4187.19,,,,,,,,,,,,,,,,
,2026-07.csv,,149.5,,,,,,,,,,,,,,,,
,2026-07.csv,,2261.12,,,,,,,,,,,,,,,,
,2026-07.csv,,9165.04,,,,,,,,,,,,,,,,
,2026-07.csv,,237.98,,,,,,,,,,,,,,,,
,2026-07.csv,,167.23,,,,,,,,,,,,,,,,
,2026-07.csv,,492.2,,,,,,,,,,,,,,,,
,2026-07.csv,,1108.02,,,,,,,,,,,,,,,,
,2026-07.csv,,337.56,,,,,,,,,,,,,,,,
,2026-07.csv,,984.13,,,,,,,,,,,,,,,,
,2026-07.csv,,0,,,,,,,,,,,,,,,,
,2026-07.csv,,0,,,,,,,,,,,,,,,,
,2026-07.csv,,57.93,,,,,,,,,,,,,,,,
,2026-07.csv,,623.44,,,,,,,,,,,,,,,,
,2026-07.csv,,163.21,,,,,,,,,,,,,,,,
,2026-07.csv,,59.51,,,,,,,,,,,,,,,,
,2026-07.csv,,530.04,,,,,,,,,,,,,,,,
,2026-07.csv,,4498.76,,,,,,,,,,,,,,,,
,2026-07.csv,,5093.95,,,,,,,,,,,,,,,,
,2026-07.csv,,5198.09,,,,,,,,,,,,,,,,
,2026-07.csv,,9463.15,,,,,,,,,,,,,,,,
,2026-07.csv,,6368.28,,,,,,,,,,,,,,,,
,2026-07.csv,,9332.21,,,,,,,,,,,,,,,,
,2026-07.csv,,21420.76,,,,,,,,,,,,,,,,
,2026-07.csv,,29834.97,,,,,,,,,,,,,,,,
,2026-07.csv,,35959.97,,,,,,,,,,,,,,,,
,2026-07.csv,,2161.73,,,,,,,,,,,,,,,,
,2026-07.csv,,816.8,,,,,,,,,,,,,,,,
,2026-07.csv,,10878.48,,,,,,,,,,,,,,,,
,2026-07.csv,,34698,,,,,,,,,,,,,,,,
,2026-07.csv,,88.86,,,,,,,,,,,,,,,,
,2026-07.csv,,135.72,,,,,,,,,,,,,,,,
,2026-07.csv,,228.49,,,,,,,,,,,,,,,,
,2026-07.csv,,129.16,,,,,,,,,,,,,,,,
,2026-07.csv,,87.5,,,,,,,,,,,,,,,,
,2026-07.csv,,186.5,,,,,,,,,,,,,,,,
,2026-07.csv,,79.5,,,,,,,,,,,,,,,,
,2026-07.csv,,252.5,,,,,,,,,,,,,,,,
,2026-07.csv,,200.32,,,,,,,,,,,,,,,,
,2026-07.csv,,371.17,,,,,,,,,,,,,,,,
,2026-07.csv,,136.56,,,,,,,,,,,,,,,,
,2026-07.csv,,506.52,,,,,,,,,,,,,,,,
,2026-07.csv,,152.65,,,,,,,,,,,,,,,,
,2026-07.csv,,161.02,,,,,,,,,,,,,,,,
,2026-07.csv,,213.64,,,,,,,,,,,,,,,,
,2026-07.csv,,700.64,,,,,,,,,,,,,,,,
,2026-07.csv,,152.96,,,,,,,,,,,,,,,,
,2026-07.csv,,124623,,,,,,,,,,,,,,,,
,2026-07.csv,,192.25,,,,,,,,,,,,,,,,
,2026-07.csv,,959.27,,,,,,,,,,,,,,,,
,2026-07.csv,,0,,,,,,,,,,,,,,,,
,2026-07.csv,,5054.69,,,,,,,,,,,,,,,,
,2026-07.csv,,1132.25,,,,,,,,,,,,,,,,
,2026-07.csv,,4825.28,,,,,,,,,,,,,,,,
,2026-07.csv,,2164.01,,,,,,,,,,,,,,,,
,2026-07.csv,,2843.39,,,,,,,,,,,,,,,,
,2026-07.csv,,2140.8,,,,,,,,,,,,,,,,
,2026-07.csv,,3041.78,,,,,,,,,,,,,,,,
,2026-07.csv,,2269.03,,,,,,,,,,,,,,,,
,2026-07.csv,,1775.66,,,,,,,,,,,,,,,,
,2026-07.csv,,16931.5,,,,,,,,,,,,,,,,
,2026-07.csv,,6719.53,,,,,,,,,,,,,,,,
,2026-07.csv,,1272.35,,,,,,,,,,,,,,,,
,2026-07.csv,,1057.21,,,,,,,,,,,,,,,,
,2026-07.csv,,2934.27,,,,,,,,,,,,,,,,
,2026-07.csv,,3068.75,,,,,,,,,,,,,,,,
,2026-07.csv,,1101.73,,,,,,,,,,,,,,,,
,2026-07.csv,,11090.47,,,,,,,,,,,,,,,,
,2026-07.csv,,1440.85,,,,,,,,,,,,,,,,
,2026-07.csv,,5327.55,,,,,,,,,,,,,,,,
,2026-07.csv,,369.48,,,,,,,,,,,,,,,,
,2026-07.csv,,4509.3,,,,,,,,,,,,,,,,
,2026-07.csv,,1855.01,,,,,,,,,,,,,,,,
,2026-07.csv,,5045.54,,,,,,,,,,,,,,,,
,2026-07.csv,,816.25,,,,,,,,,,,,,,,,
,2026-07.csv,,1015.46,,,,,,,,,,,,,,,,
,2026-07.csv,,6622.82,,,,,,,,,,,,,,,,
,2026-07.csv,,4498.51,,,,,,,,,,,,,,,,
,2026-07.csv,,351.21,,,,,,,,,,,,,,,,
,2026-07.csv,,2252.04,,,,,,,,,,,,,,,,
,2026-07.csv,,145.72,,,,,,,,,,,,,,,,
,2026-07.csv,,790.72,,,,,,,,,,,,,,,,
,2026-07.csv,,186.31,,,,,,,,,,,,,,,,
,2026-07.csv,,1906.63,,,,,,,,,,,,,,,,
,2026-07.csv,,797.37,,,,,,,,,,,,,,,,
,2026-07.csv,,676.71,,,,,,,,,,,,,,,,
,2026-07.csv,,4053.03,,,,,,,,,,,,,,,,
,2026-07.csv,,1159.82,,,,,,,,,,,,,,,,
,2026-07.csv,,836.27,,,,,,,,,,,,,,,,
,2026-07.csv,,1894.7,,,,,,,,,,,,,,,,
,2026-07.csv,,3191.56,,,,,,,,,,,,,,,,
,2026-07.csv,,1090.49,,,,,,,,,,,,,,,,
,2026-07.csv,,1843.54,,,,,,,,,,,,,,,,
,2026-07.csv,,2290.12,,,,,,,,,,,,,,,,
,2026-07.csv,,1395.78,,,,,,,,,,,,,,,,
,2026-07.csv,,1382.17,,,,,,,,,,,,,,,,
,2026-07.csv,,2300.04,,,,,,,,,,,,,,,,
,2026-07.csv,,2093.47,,,,,,,,,,,,,,,,
,2026-07.csv,,758.57,,,,,,,,,,,,,,,,
,2026-07.csv,,2213.72,,,,,,,,,,,,,,,,
,2026-07.csv,,746.81,,,,,,,,,,,,,,,,
,2026-07.csv,,1460.42,,,,,,,,,,,,,,,,
,2026-07.csv,,1554.88,,,,,,,,,,,,,,,,
,2026-07.csv,,1000.05,,,,,,,,,,,,,,,,
,2026-07.csv,,777.21,,,,,,,,,,,,,,,,
,2026-07.csv,,3821.96,,,,,,,,,,,,,,,,
,2026-07.csv,,393.68,,,,,,,,,,,,,,,,
,2026-07.csv,,1216.52,,,,,,,,,,,,,,,,
,2026-07.csv,,1943.61,,,,,,,,,,,,,,,,
,2026-07.csv,,3102.72,,,,,,,,,,,,,,,,
,2026-07.csv,,421.36,,,,,,,,,,,,,,,,
,2026-07.csv,,2540.98,,,,,,,,,,,,,,,,
,2026-07.csv,,3143.54,,,,,,,,,,,,,,,,
,2026-07.csv,,2696.32,,,,,,,,,,,,,,,,
,2026-07.csv,,2886.02,,,,,,,,,,,,,,,,
,2026-07.csv,,705.66,,,,,,,,,,,,,,,,
,2026-07.csv,,3258.97,,,,,,,,,,,,,,,,
,2026-07.csv,,395.03,,,,,,,,,,,,,,,,
,2026-07.csv,,312.63,,,,,,,,,,,,,,,,
,2026-07.csv,,618.19,,,,,,,,,,,,,,,,
,2026-07.csv,,1839.46,,,,,,,,,,,,,,,,
,2026-07.csv,,459.94,,,,,,,,,,,,,,,,
,2026-07.csv,,5725.22,,,,,,,,,,,,,,,,
,2026-07.csv,,3297.43,,,,,,,,,,,,,,,,
,2026-07.csv,,90966.89,,,,,,,,,,,,,,,,
,2026-07.csv,,1202.73,,,,,,,,,,,,,,,,
,2026-07.csv,,15.93,,,,,,,,,,,,,,,,
,2026-07.csv,,736.58,,,,,,,,,,,,,,,,
,2026-07.csv,,326.2,,,,,,,,,,,,,,,,
,2026-07.csv,,106.18,,,,,,,,,,,,,,,,
,2026-07.csv,,577.16,,,,,,,,,,,,,,,,
,2026-07.csv,,531.63,,,,,,,,,,,,,,,,
,2026-07.csv,,287.11,,,,,,,,,,,,,,,,
,2026-07.csv,,2027.64,,,,,,,,,,,,,,,,
,2026-07.csv,,395.24,,,,,,,,,,,,,,,,
,2026-07.csv,,146.85,,,,,,,,,,,,,,,,
,2026-07.csv,,2295.3,,,,,,,,,,,,,,,,
,2026-07.csv,,444.11,,,,,,,,,,,,,,,,
,2026-07.csv,,108.49,,,,,,,,,,,,,,,,
,2026-07.csv,,344.5,,,,,,,,,,,,,,,,
,2026-07.csv,,9480.86,,,,,,,,,,,,,,,,
,2026-07.csv,,529.92,,,,,,,,,,,,,,,,
,2026-07.csv,,1488.18,,,,,,,,,,,,,,,,
,2026-07.csv,,3277.99,,,,,,,,,,,,,,,,
,2026-07.csv,,212.17,,,,,,,,,,,,,,,,
,2026-07.csv,,2670.23,,,,,,,,,,,,,,,,
,2026-07.csv,,2028.18,,,,,,,,,,,,,,,,
,2026-07.csv,,1107.75,,,,,,,,,,,,,,,,
,2026-07.csv,,48809.69,,,,,,,,,,,,,,,,
,2026-07.csv,,3649.08,,,,,,,,,,,,,,,,
,2026-07.csv,,586.33,,,,,,,,,,,,,,,,
,2026-07.csv,,145.57,,,,,,,,,,,,,,,,
,2026-07.csv,,499.37,,,,,,,,,,,,,,,,
,2026-07.csv,,228.43,,,,,,,,,,,,,,,,
,2026-07.csv,,0,,,,,,,,,,,,,,,,
,2026-07.csv,,188.07,,,,,,,,,,,,,,,,
,2026-07.csv,,113.4,,,,,,,,,,,,,,,,
,2026-07.csv,,113.4,,,,,,,,,,,,,,,,
,2026-07.csv,,113.4,,,,,,,,,,,,,,,,
,2026-07.csv,,170.1,,,,,,,,,,,,,,,,
,2026-07.csv,,150,,,,,,,,,,,,,,,,
,2026-07.csv,,150,,,,,,,,,,,,,,,,
,2026-07.csv,,150,,,,,,,,,,,,,,,,
,2026-07.csv,,150,,,,,,,,,,,,,,,,
,2026-07.csv,,103.21,,,,,,,,,,,,,,,,
,2026-07.csv,,271,,,,,,,,,,,,,,,,
,2026-07.csv,,65,,,,,,,,,,,,,,,,
,2026-07.csv,,667.21,,,,,,,,,,,,,,,,
,2026-07.csv,,179.49,,,,,,,,,,,,,,,,
,2026-07.csv,,321.7,,,,,,,,,,,,,,,,
,2026-07.csv,,37,,,,,,,,,,,,,,,,
,2026-07.csv,,467.34,,,,,,,,,,,,,,,,
,2026-07.csv,,936.64,,,,,,,,,,,,,,,,
,2026-07.csv,,222,,,,,,,,,,,,,,,,
,2026-07.csv,,173,,,,,,,,,,,,,,,,
,2026-07.csv,,127,,,,,,,,,,,,,,,,
,2026-07.csv,,179.5,,,,,,,,,,,,,,,,
,2026-07.csv,,89.41,,,,,,,,,,,,,,,,
,2026-07.csv,,155,,,,,,,,,,,,,,,,
,2026-07.csv,,50,,,,,,,,,,,,,,,,
,2026-07.csv,,2.04,,,,,,,,,,,,,,,,
,2026-07.csv,,353.01,,,,,,,,,,,,,,,,
,2026-07.csv,,470.08,,,,,,,,,,,,,,,,
,2026-07.csv,,656.38,,,,,,,,,,,,,,,,
,2026-07.csv,,37.35,,,,,,,,,,,,,,,,
,2026-07.csv,,430,,,,,,,,,,,,,,,,
,2026-07.csv,,75.63,,,,,,,,,,,,,,,,
,2026-07.csv,,0,,,,,,,,,,,,,,,,
,2026-07.csv,,0,,,,,,,,,,,,,,,,
,2026-07.csv,,370,,,,,,,,,,,,,,,,
,2026-07.csv,,117.88,,,,,,,,,,,,,,,,
,2026-07.csv,,158.94,,,,,,,,,,,,,,,,
,2026-07.csv,,884.2,,,,,,,,,,,,,,,,
,2026-07.csv,,114.1,,,,,,,,,,,,,,,,
,2026-07.csv,,250.07,,,,,,,,,,,,,,,,
,2026-07.csv,,252.18,,,,,,,,,,,,,,,,
,2026-07.csv,,9.02,,,,,,,,,,,,,,,,
,2026-07.csv,,89.23,,,,,,,,,,,,,,,,
,2026-07.csv,,64.44,,,,,,,,,,,,,,,,
,2026-07.csv,,4.45,,,,,,,,,,,,,,,,
,2026-07.csv,,327.65,,,,,,,,,,,,,,,,
,2026-07.csv,,236.16,,,,,,,,,,,,,,,,
,2026-07.csv,,124.57,,,,,,,,,,,,,,,,
,2026-07.csv,,218.17,,,,,,,,,,,,,,,,
,2026-07.csv,,250.84,,,,,,,,,,,,,,,,
,2026-07.csv,,305.01,,,,,,,,,,,,,,,,
,2026-07.csv,,23.58,,,,,,,,,,,,,,,,
,2026-07.csv,,193.38,,,,,,,,,,,,,,,,
,2026-07.csv,,65.98,,,,,,,,,,,,,,,,
,2026-07.csv,,28.03,,,,,,,,,,,,,,,,
,2026-07.csv,,238.41,,,,,,,,,,,,,,,,
,2026-07.csv,,493.91,,,,,,,,,,,,,,,,
,2026-07.csv,,527.15,,,,,,,,,,,,,,,,
,2026-07.csv,,429.3,,,,,,,,,,,,,,,,
,2026-07.csv,,754.7,,,,,,,,,,,,,,,,
,2026-07.csv,,303.1,,,,,,,,,,,,,,,,
,2026-07.csv,,1507.62,,,,,,,,,,,,,,,,
,2026-07.csv,,6104,,,,,,,,,,,,,,,,
,2026-07.csv,,1026,,,,,,,,,,,,,,,,
,2026-07.csv,,233.3,,,,,,,,,,,,,,,,
,2026-07.csv,,142.21,,,,,,,,,,,,,,,,
,2026-07.csv,,463.96,,,,,,,,,,,,,,,,
,2026-07.csv,,21.08,,,,,,,,,,,,,,,,
,2026-07.csv,,35.21,,,,,,,,,,,,,,,,
,2026-07.csv,,65.43,,,,,,,,,,,,,,,,
,2026-07.csv,,98.21,,,,,,,,,,,,,,,,
,2026-07.csv,,28.44,,,,,,,,,,,,,,,,
,2026-07.csv,,1754.7,,,,,,,,,,,,,,,,
,2026-07.csv,,453.89,,,,,,,,,,,,,,,,
,2026-07.csv,,135,,,,,,,,,,,,,,,,
,2026-07.csv,,81.31,,,,,,,,,,,,,,,,
,2026-07.csv,,280.45,,,,,,,,,,,,,,,,
,2026-07.csv,,6302.5,,,,,,,,,,,,,,,,
,2026-07.csv,,219.56,,,,,,,,,,,,,,,,
,2026-07.csv,,168.22,,,,,,,,,,,,,,,,
,2026-07.csv,,946.45,,,,,,,,,,,,,,,,
,2026-07.csv,,469.99,,,,,,,,,,,,,,,,
,2026-07.csv,,238.83,,,,,,,,,,,,,,,,
,2026-07.csv,,1930.25,,,,,,,,,,,,,,,,
,2026-07.csv,,3003.9,,,,,,,,,,,,,,,,
,2026-07.csv,,110.99,,,,,,,,,,,,,,,,
,2026-07.csv,,2053,,,,,,,,,,,,,,,,
,2026-07.csv,,407.9,,,,,,,,,,,,,,,,
,2026-07.csv,,9165.89,,,,,,,,,,,,,,,,
,2026-07.csv,,237.43,,,,,,,,,,,,,,,,
,2026-07.csv,,310.38,,,,,,,,,,,,,,,,
,2026-07.csv,,81.84,,,,,,,,,,,,,,,,
,2026-07.csv,,1182.92,,,,,,,,,,,,,,,,
,2026-07.csv,,207.56,,,,,,,,,,,,,,,,
,2026-07.csv,,26.52,,,,,,,,,,,,,,,,
,2026-07.csv,,222.77,,,,,,,,,,,,,,,,
,2026-07.csv,,283.93,,,,,,,,,,,,,,,,
,2026-07.csv,,63.8,,,,,,,,,,,,,,,,
,2026-07.csv,,0,,,,,,,,,,,,,,,,
,2026-07.csv,,123.28,,,,,,,,,,,,,,,,
Sanction Date,2025-09.csv,,,,,,,,,,,,,,,,,,
01/11/2021,2025-09.csv,,,,,,,,,,,,,,,,,,
01/12/2022,2025-09.csv,,,,,,,,,,,,,,,,,,
27/12/2018,2025-09.csv,,,,,,,,,,,,,,,,,,
01/06/2023,2025-09.csv,,,,,,,,,,,,,,,,,,
01/06/2023,2025-09.csv,,,,,,,,,,,,,,,,,,
01/03/2023,2025-09.csv,,,,,,,,,,,,,,,,,,
01/06/2023,2025-09.csv,,,,,,,,,,,,,,,,,,
17/06/2020,2025-09.csv,,,,,,,,,,,,,,,,,,
01/05/2022,2025-09.csv,,,,,,,,,,,,,,,,,,
,2025-09.csv,,,,,,,,,,,,,,,,,,
01/07/2022,2025-09.csv,,,,,,,,,,,,,,,,,,
27/07/2018,2025-09.csv,,,,,,,,,,,,,,,,,,
01/06/2023,2025-09.csv,,,,,,,,,,,,,,,,,,
14/06/2022,2025-09.csv,,,,,,,,,,,,,,,,,,
01/07/2024,2025-09.csv,,,,,,,,,,,,,,,,,,
01/07/2024,2025-09.csv,,,,,,,,,,,,,,,,,,
01/08/2024,2025-09.csv,,,,,,,,,,,,,,,,,,
28/08/2024,2025-09.csv,,,,,,,,,,,,,,,,,,
01/06/2024,2025-09.csv,,,,,,,,,,,,,,,,,,
01/11/2017,2025-09.csv,,,,,,,,,,,,,,,,,,
01/12/2016,2025-09.csv,,,,,,,,,,,,,,,,,,
01/06/2018,2025-09.csv,,,,,,,,,,,,,,,,,,
14/05/2018,2025-09.csv,,,,,,,,,,,,,,,,,,
01/04/2023,2025-09.csv,,,,,,,,,,,,,,,,,,
,2025-09.csv,,,,,,,,,,,,,,,,,,
01/11/2023,2025-09.csv,,,,,,,,,,,,,,,,,,
25/07/2016,2025-09.csv,,,,,,,,,,,,,,,,,,
08/12/2015,2025-09.csv,,,,,,,,,,,,,,,,,,
31/10/2015,2025-09.csv,,,,,,,,,,,,,,,,,,
16/11/2018,2025-09.csv,,,,,,,,,,,,,,,,,,
05/03/2016,2025-09.csv,,,,,,,,,,,,,,,,,,
10/09/2024,2025-09.csv,,,,,,,,,,,,,,,,,,
04/01/2023,2025-09.csv,,,,,,,,,,,,,,,,,,
19/09/2022,2025-09.csv,,,,,,,,,,,,,,,,,,
22/09/2018,2025-09.csv,,,,,,,,,,,,,,,,,,
12/08/2015,2025-09.csv,,,,,,,,,,,,,,,,,,
04/02/2015,2025-09.csv,,,,,,,,,,,,,,,,,,
25/07/2015,2025-09.csv,,,,,,,,,,,,,,,,,,
26/04/2024,2025-09.csv,,,,,,,,,,,,,,,,,,
19/04/2023,2025-09.csv,,,,,,,,,,,,,,,,,,
12/06/2020,2025-09.csv,,,,,,,,,,,,,,,,,,
16/12/2022,2025-09.csv,,,,,,,,,,,,,,,,,,
04/08/2020,2025-09.csv,,,,,,,,,,,,,,,,,,
07/05/2014,2025-09.csv,,,,,,,,,,,,,,,,,,
12/11/2018,2025-09.csv,,,,,,,,,,,,,,,,,,
11/02/2020,2025-09.csv,,,,,,,,,,,,,,,,,,
26/03/2024,2025-09.csv,,,,,,,,,,,,,,,,,,
25/08/2020,2025-09.csv,,,,,,,,,,,,,,,,,,
22/07/2019,2025-09.csv,,,,,,,,,,,,,,,,,,
26/03/2024,2025-09.csv,,,,,,,,,,,,,,,,,,
10/08/2021,2025-09.csv,,,,,,,,,,,,,,,,,,
04/08/2020,2025-09.csv,,,,,,,,,,,,,,,,,,
16/12/2013,2025-09.csv,,,,,,,,,,,,,,,,,,
11/08/2018,2025-09.csv,,,,,,,,,,,,,,,,,,
29/12/2023,2025-09.csv,,,,,,,,,,,,,,,,,,
08/10/2021,2025-09.csv,,,,,,,,,,,,,,,,,,
11/02/2020,2025-09.csv,,,,,,,,,,,,,,,,,,
24/12/2020,2025-09.csv,,,,,,,,,,,,,,,,,,
,2025-09.csv,,,,,,,,,,,,,,,,,,
11/02/2020,2025-09.csv,,,,,,,,,,,,,,,,,,
10/05/2021,2025-09.csv,,,,,,,,,,,,,,,,,,
11/11/2020,2025-09.csv,,,,,,,,,,,,,,,,,,
18/01/2021,2025-09.csv,,,,,,,,,,,,,,,,,,
28/10/2023,2025-09.csv,,,,,,,,,,,,,,,,,,
31/08/2019,2025-09.csv,,,,,,,,,,,,,,,,,,
08/08/2023,2025-09.csv,,,,,,,,,,,,,,,,,,
05/03/2016,2025-09.csv,,,,,,,,,,,,,,,,,,
23/03/2021,2025-09.csv,,,,,,,,,,,,,,,,,,
01/07/2019,2025-09.csv,,,,,,,,,,,,,,,,,,
23/04/2021,2025-09.csv,,,,,,,,,,,,,,,,,,
01/07/2021,2025-09.csv,,,,,,,,,,,,,,,,,,
25/04/2022,2025-09.csv,,,,,,,,,,,,,,,,,,
07/11/2022,2025-09.csv,,,,,,,,,,,,,,,,,,
10/08/2022,2025-09.csv,,,,,,,,,,,,,,,,,,
01/08/2017,2025-09.csv,,,,,,,,,,,,,,,,,,
19/04/2023,2025-09.csv,,,,,,,,,,,,,,,,,,
22/05/2018,2025-09.csv,,,,,,,,,,,,,,,,,,
29/12/2023,2025-09.csv,,,,,,,,,,,,,,,,,,
27/05/2020,2025-09.csv,,,,,,,,,,,,,,,,,,
03/02/2020,2025-09.csv,,,,,,,,,,,,,,,,,,
01/12/2021,2025-09.csv,,,,,,,,,,,,,,,,,,
16/04/2020,2025-09.csv,,,,,,,,,,,,,,,,,,
25/08/2020,2025-09.csv,,,,,,,,,,,,,,,,,,
30/01/2024,2025-09.csv,,,,,,,,,,,,,,,,,,
01/03/2017,2025-09.csv,,,,,,,,,,,,,,,,,,
19/08/2017,2025-09.csv,,,,,,,,,,,,,,,,,,
01/03/2016,2025-09.csv,,,,,,,,,,,,,,,,,,
17/12/2014,2025-09.csv,,,,,,,,,,,,,,,,,,
24/01/2022,2025-09.csv,,,,,,,,,,,,,,,,,,
29/01/2023,2025-09.csv,,,,,,,,,,,,,,,,,,
25/06/2021,2025-09.csv,,,,,,,,,,,,,,,,,,
05/06/2024,2025-09.csv,,,,,,,,,,,,,,,,,,
28/01/2023,2025-09.csv,,,,,,,,,,,,,,,,,,
24/01/2022,2025-09.csv,,,,,,,,,,,,,,,,,,
04/08/2020,2025-09.csv,,,,,,,,,,,,,,,,,,
03/08/2013,2025-09.csv,,,,,,,,,,,,,,,,,,
29/11/2024,2025-09.csv,,,,,,,,,,,,,,,,,,
24/05/2018,2025-09.csv,,,,,,,,,,,,,,,,,,
14/06/2022,2025-09.csv,,,,,,,,,,,,,,,,,,
13/01/2025,2025-09.csv,,,,,,,,,,,,,,,,,,
12/08/2009,2025-09.csv,,,,,,,,,,,,,,,,,,
11/11/2020,2025-09.csv,,,,,,,,,,,,,,,,,,
12/08/2011,2025-09.csv,,,,,,,,,,,,,,,,,,
14/02/2011,2025-09.csv,,,,,,,,,,,,,,,,,,
05/06/2024,2025-09.csv,,,,,,,,,,,,,,,,,,
01/03/2020,2025-09.csv,,,,,,,,,,,,,,,,,,
11/08/2018,2025-09.csv,,,,,,,,,,,,,,,,,,
25/05/2019,2025-09.csv,,,,,,,,,,,,,,,,,,
11/11/2020,2025-09.csv,,,,,,,,,,,,,,,,,,
27/08/2016,2025-09.csv,,,,,,,,,,,,,,,,,,
12/07/2021,2025-09.csv,,,,,,,,,,,,,,,,,,
10/03/2016,2025-09.csv,,,,,,,,,,,,,,,,,,
29/11/2024,2025-09.csv,,,,,,,,,,,,,,,,,,
31/01/2023,2025-09.csv,,,,,,,,,,,,,,,,,,
14/10/2022,2025-09.csv,,,,,,,,,,,,,,,,,,
24/12/2020,2025-09.csv,,,,,,,,,,,,,,,,,,
23/12/2009,2025-09.csv,,,,,,,,,,,,,,,,,,
01/11/2015,2025-09.csv,,,,,,,,,,,,,,,,,,
22/07/2019,2025-09.csv,,,,,,,,,,,,,,,,,,
25/06/2025,2025-09.csv,,,,,,,,,,,,,,,,,,
04/08/2020,2025-09.csv,,,,,,,,,,,,,,,,,,
02/02/2017,2025-09.csv,,,,,,,,,,,,,,,,,,
04/11/2022,2025-09.csv,,,,,,,,,,,,,,,,,,
28/12/2021,2025-09.csv,,,,,,,,,,,,,,,,,,
26/03/2024,2025-09.csv,,,,,,,,,,,,,,,,,,
31/01/2022,2025-09.csv,,,,,,,,,,,,,,,,,,
04/08/2020,2025-09.csv,,,,,,,,,,,,,,,,,,
29/07/2022,2025-09.csv,,,,,,,,,,,,,,,,,,
16/04/2020,2025-09.csv,,,,,,,,,,,,,,,,,,
02/02/2021,2025-09.csv,,,,,,,,,,,,,,,,,,
22/05/2018,2025-09.csv,,,,,,,,,,,,,,,,,,
05/05/2022,2025-09.csv,,,,,,,,,,,,,,,,,,
04/05/2020,2025-09.csv,,,,,,,,,,,,,,,,,,
28/07/2021,2025-09.csv,,,,,,,,,,,,,,,,,,
29/05/2021,2025-09.csv,,,,,,,,,,,,,,,,,,
04/11/2020,2025-09.csv,,,,,,,,,,,,,,,,,,
04/11/2019,2025-09.csv,,,,,,,,,,,,,,,,,,
05/07/2022,2025-09.csv,,,,,,,,,,,,,,,,,,
31/01/2023,2025-09.csv,,,,,,,,,,,,,,,,,,
28/11/2022,2025-09.csv,,,,,,,,,,,,,,,,,,
16/11/2018,2025-09.csv,,,,,,,,,,,,,,,,,,
29/07/2022,2025-09.csv,,,,,,,,,,,,,,,,,,
01/10/2020,2025-09.csv,,,,,,,,,,,,,,,,,,
29/01/2024,2025-09.csv,,,,,,,,,,,,,,,,,,
01/02/2019,2025-09.csv,,,,,,,,,,,,,,,,,,
10/07/2016,2025-09.csv,,,,,,,,,,,,,,,,,,
21/01/2022,2025-09.csv,,,,,,,,,,,,,,,,,,
19/03/2024,2025-09.csv,,,,,,,,,,,,,,,,,,
16/04/2019,2025-09.csv,,,,,,,,,,,,,,,,,,
29/09/2022,2025-09.csv,,,,,,,,,,,,,,,,,,
22/07/2022,2025-09.csv,,,,,,,,,,,,,,,,,,
01/08/2021,2025-09.csv,,,,,,,,,,,,,,,,,,
22/06/2020,2025-09.csv,,,,,,,,,,,,,,,,,,
30/06/2020,2025-09.csv,,,,,,,,,,,,,,,,,,
17/09/2009,2025-09.csv,,,,,,,,,,,,,,,,,,
01/08/2024,2025-09.csv,,,,,,,,,,,,,,,,,,
01/03/2019,2025-09.csv,,,,,,,,,,,,,,,,,,
01/07/2017,2025-09.csv,,,,,,,,,,,,,,,,,,
17/09/2009,2025-09.csv,,,,,,,,,,,,,,,,,,
18/09/2019,2025-09.csv,,,,,,,,,,,,,,,,,,
28/12/2020,2025-09.csv,,,,,,,,,,,,,,,,,,
10/03/2021,2025-09.csv,,,,,,,,,,,,,,,,,,
01/10/2019,2025-09.csv,,,,,,,,,,,,,,,,,,
17/09/2009,2025-09.csv,,,,,,,,,,,,,,,,,,
29/09/2022,2025-09.csv,,,,,,,,,,,,,,,,,,
01/08/2020,2025-09.csv,,,,,,,,,,,,,,,,,,
30/09/2024,2025-09.csv,,,,,,,,,,,,,,,,,,
17/09/2009,2025-09.csv,,,,,,,,,,,,,,,,,,
17/09/2009,2025-09.csv,,,,,,,,,,,,,,,,,,
12/02/2024,2025-09.csv,,,,,,,,,,,,,,,,,,
17/09/2018,2025-09.csv,,,,,,,,,,,,,,,,,,
25/06/2018,2025-09.csv,,,,,,,,,,,,,,,,,,
29/09/2022,2025-09.csv,,,,,,,,,,,,,,,,,,
28/03/2023,2025-09.csv,,,,,,,,,,,,,,,,,,
24/10/2018,2025-09.csv,,,,,,,,,,,,,,,,,,
17/09/2009,2025-09.csv,,,,,,,,,,,,,,,,,,
27/12/2023,2025-09.csv,,,,,,,,,,,,,,,,,,
29/05/2019,2025-09.csv,,,,,,,,,,,,,,,,,,
21/07/2022,2025-09.csv,,,,,,,,,,,,,,,,,,
05/08/2023,2025-09.csv,,,,,,,,,,,,,,,,,,
21/07/2022,2025-09.csv,,,,,,,,,,,,,,,,,,
27/07/2015,2025-09.csv,,,,,,,,,,,,,,,,,,
25/01/2017,2025-09.csv,,,,,,,,,,,,,,,,,,
11/12/2024,2025-09.csv,,,,,,,,,,,,,,,,,,
11/12/2024,2025-09.csv,,,,,,,,,,,,,,,,,,
,2025-09.csv,,,,,,,,,,,,,,,,,,
26/03/2021,2025-09.csv,,,,,,,,,,,,,,,,,,
04/10/2021,2025-09.csv,,,,,,,,,,,,,,,,,,
08/03/2019,2025-09.csv,,,,,,,,,,,,,,,,,,
01/10/2020,2025-09.csv,,,,,,,,,,,,,,,,,,
27/02/2023,2025-09.csv,,,,,,,,,,,,,,,,,,
25/06/2019,2025-09.csv,,,,,,,,,,,,,,,,,,
07/03/2019,2025-09.csv,,,,,,,,,,,,,,,,,,
08/03/2019,2025-09.csv,,,,,,,,,,,,,,,,,,
28/04/2023,2025-09.csv,,,,,,,,,,,,,,,,,,
10/05/2022,2025-09.csv,,,,,,,,,,,,,,,,,,
29/08/2023,2025-09.csv,,,,,,,,,,,,,,,,,,
20/11/2020,2025-09.csv,,,,,,,,,,,,,,,,,,
28/10/2014,2025-09.csv,,,,,,,,,,,,,,,,,,
11/07/2017,2025-09.csv,,,,,,,,,,,,,,,,,,
30/01/2023,2025-09.csv,,,,,,,,,,,,,,,,,,
09/10/2014,2025-09.csv,,,,,,,,,,,,,,,,,,
30/03/2021,2025-09.csv,,,,,,,,,,,,,,,,,,
11/02/2021,2025-09.csv,,,,,,,,,,,,,,,,,,
01/03/2024,2025-09.csv,,,,,,,,,,,,,,,,,,
19/09/2024,2025-09.csv,,,,,,,,,,,,,,,,,,
09/09/2003,2025-09.csv,,,,,,,,,,,,,,,,,,
12/01/2023,2025-09.csv,,,,,,,,,,,,,,,,,,
25/08/2022,2025-09.csv,,,,,,,,,,,,,,,,,,
16/11/2006,2025-09.csv,,,,,,,,,,,,,,,,,,
08/03/2019,2025-09.csv,,,,,,,,,,,,,,,,,,
08/07/2006,2025-09.csv,,,,,,,,,,,,,,,,,,
21/08/2008,2025-09.csv,,,,,,,,,,,,,,,,,,
,2025-09.csv,,,,,,,,,,,,,,,,,,
28/08/2024,2025-09.csv,,,,,,,,,,,,,,,,,,
30/03/2023,2025-09.csv,,,,,,,,,,,,,,,,,,
,2025-09.csv,,,,,,,,,,,,,,,,,,
,2025-09.csv,,,,,,,,,,,,,,,,,,
,2025-09.csv,,,,,,,,,,,,,,,,,,
,2025-09.csv,,,,,,,,,,,,,,,,,,
,2025-09.csv,,,,,,,,,,,,,,,,,,
09/11/2012,2025-09.csv,,,,,,,,,,,,,,,,,,
,2025-09.csv,,,,,,,,,,,,,,,,,,
,2025-09.csv,,,,,,,,,,,,,,,,,,
07/12/2023,2025-09.csv,,,,,,,,,,,,,,,,,,
09/10/2017,2025-09.csv,,,,,,,,,,,,,,,,,,
01/04/2023,2025-09.csv,,,,,,,,,,,,,,,,,,
29/03/2023,2025-09.csv,,,,,,,,,,,,,,,,,,
12/09/2019,2025-09.csv,,,,,,,,,,,,,,,,,,
17/12/2018,2025-09.csv,,,,,,,,,,,,,,,,,,
10/01/2019,2025-09.csv,,,,,,,,,,,,,,,,,,
08/12/2023,2025-09.csv,,,,,,,,,,,,,,,,,,
13/08/2019,2025-09.csv,,,,,,,,,,,,,,,,,,
18/10/2024,2025-09.csv,,,,,,,,,,,,,,,,,,
,2025-09.csv,,,,,,,,,,,,,,,,,,
03/01/2018,2025-09.csv,,,,,,,,,,,,,,,,,,
,2025-09.csv,,,,,,,,,,,,,,,,,,
27/09/2017,2025-09.csv,,,,,,,,,,,,,,,,,,
,2025-09.csv,,,,,,,,,,,,,,,,,,
21/04/2017,2025-09.csv,,,,,,,,,,,,,,,,,,
30/09/2011,2025-09.csv,,,,,,,,,,,,,,,,,,
14/05/2018,2025-09.csv,,,,,,,,,,,,,,,,,,
16/12/2022,2025-09.csv,,,,,,,,,,,,,,,,,,
11/11/2017,2025-09.csv,,,,,,,,,,,,,,,,,,
12/02/2022,2025-09.csv,,,,,,,,,,,,,,,,,,
,2025-09.csv,,,,,,,,,,,,,,,,,,
12/08/2021,2025-09.csv,,,,,,,,,,,,,,,,,,
19/05/2020,2025-09.csv,,,,,,,,,,,,,,,,,,
08/04/2021,2025-09.csv,,,,,,,,,,,,,,,,,,
,2025-09.csv,,,,,,,,,,,,,,,,,,
,2025-09.csv,,,,,,,,,,,,,,,,,,
,2025-09.csv,,,,,,,,,,,,,,,,,,
,2025-09.csv,,,,,,,,,,,,,,,,,,
02/11/2021,2025-09.csv,,,,,,,,,,,,,,,,,,
18/09/2023,2025-09.csv,,,,,,,,,,,,,,,,,,
,2025-09.csv,,,,,,,,,,,,,,,,,,
,2025-09.csv,,,,,,,,,,,,,,,,,,
,2025-09.csv,,,,,,,,,,,,,,,,,,
14/06/2022,2025-09.csv,,,,,,,,,,,,,,,,,,
17/06/2022,2025-09.csv,,,,,,,,,,,,,,,,,,
13/01/2006,2025-09.csv,,,,,,,,,,,,,,,,,,
15/03/2022,2025-09.csv,,,,,,,,,,,,,,,,,,
23/03/2022,2025-09.csv,,,,,,,,,,,,,,,,,,
15/03/2022,2025-09.csv,,,,,,,,,,,,,,,,,,
15/03/2022,2025-09.csv,,,,,,,,,,,,,,,,,,
29/03/2022,2025-09.csv,,,,,,,,,,,,,,,,,,
21/12/2022,2025-09.csv,,,,,,,,,,,,,,,,,,
21/12/2022,2025-09.csv,,,,,,,,,,,,,,,,,,
21/12/2022,2025-09.csv,,,,,,,,,,,,,,,,,,
21/12/2022,2025-09.csv,,,,,,,,,,,,,,,,,,
21/12/2022,2025-09.csv,,,,,,,,,,,,,,,,,,
21/12/2022,2025-09.csv,,,,,,,,,,,,,,,,,,
21/01/2022,2025-09.csv,,,,,,,,,,,,,,,,,,
,2025-09.csv,,,,,,,,,,,,,,,,,,
,2025-09.csv,,,,,,,,,,,,,,,,,,
25/05/2022,2025-09.csv,,,,,,,,,,,,,,,,,,
08/03/2022,2025-09.csv,,,,,,,,,,,,,,,,,,
,2025-09.csv,,,,,,,,,,,,,,,,,,
29/06/2022,2025-09.csv,,,,,,,,,,,,,,,,,,
,2025-09.csv,,,,,,,,,,,,,,,,,,
21/04/2021,2025-09.csv,,,,,,,,,,,,,,,,,,
,2025-09.csv,,,,,,,,,,,,,,,,,,
21/11/2019,2025-09.csv,,,,,,,,,,,,,,,,,,
,2025-09.csv,,,,,,,,,,,,,,,,,,
03/03/2020,2025-09.csv,,,,,,,,,,,,,,,,,,
01/03/2017,2025-09.csv,,,,,,,,,,,,,,,,,,
15/05/2023,2025-09.csv,,,,,,,,,,,,,,,,,,
12/07/2023,2025-09.csv,,,,,,,,,,,,,,,,,,
,2025-09.csv,,,,,,,,,,,,,,,,,,
09/11/2022,2025-09.csv,,,,,,,,,,,,,,,,,,
19/06/2024,2025-09.csv,,,,,,,,,,,,,,,,,,
29/07/2024,2025-09.csv,,,,,,,,,,,,,,,,,,
23/09/2021,2025-09.csv,,,,,,,,,,,,,,,,,,
,2025-09.csv,,,,,,,,,,,,,,,,,,
,2025-09.csv,,,,,,,,,,,,,,,,,,
01/03/2023,2025-09.csv,,,,,,,,,,,,,,,,,,
,2025-09.csv,,,,,,,,,,,,,,,,,,
,2025-09.csv,,,,,,,,,,,,,,,,,,
26/05/2023,2025-09.csv,,,,,,,,,,,,,,,,,,
,2025-09.csv,,,,,,,,,,,,,,,,,,
30/08/2022,2025-09.csv,,,,,,,,,,,,,,,,,,
28/03/2016,2025-09.csv,,,,,,,,,,,,,,,,,,
22/06/2009,2025-09.csv,,,,,,,,,,,,,,,,,,
,2025-09.csv,,,,,,,,,,,,,,,,,,
,2025-09.csv,,,,,,,,,,,,,,,,,,
22/12/2015,2025-09.csv,,,,,,,,,,,,,,,,,,
16/12/2024,2025-09.csv,,,,,,,,,,,,,,,,,,
,2025-09.csv,,,,,,,,,,,,,,,,,,
29/06/2022,2025-09.csv,,,,,,,,,,,,,,,,,,
15/06/2020,2025-09.csv,,,,,,,,,,,,,,,,,,
,2025-09.csv,,,,,,,,,,,,,,,,,,
,2025-09.csv,,,,,,,,,,,,,,,,,,
01/07/2021,2025-09.csv,,,,,,,,,,,,,,,,,,
10/11/2022,2025-09.csv,,,,,,,,,,,,,,,,,,
,2025-09.csv,,,,,,,,,,,,,,,,,,
27/01/2023,2025-09.csv,,,,,,,,,,,,,,,,,,
15/05/2023,2025-09.csv,,,,,,,,,,,,,,,,,,
,2025-09.csv,,,,,,,,,,,,,,,,,,
,2025-09.csv,,,,,,,,,,,,,,,,,,
,2025-09.csv,,,,,,,,,,,,,,,,,,
05/03/2019,2025-09.csv,,,,,,,,,,,,,,,,,,
05/09/2024,2025-09.csv,,,,,,,,,,,,,,,,,,
20/06/2024,2025-09.csv,,,,,,,,,,,,,,,,,,
23/04/2021,2025-09.csv,,,,,,,,,,,,,,,,,,
23/02/2017,2025-09.csv,,,,,,,,,,,,,,,,,,
13/08/2021,2025-09.csv,,,,,,,,,,,,,,,,,,
,2025-09.csv,,,,,,,,,,,,,,,,,,
27/05/2022,2025-09.csv,,,,,,,,,,,,,,,,,,
,2025-09.csv,,,,,,,,,,,,,,,,,,
30/11/2022,2025-09.csv,,,,,,,,,,,,,,,,,,
,2025-09.csv,,,,,,,,,,,,,,,,,,
,2025-09.csv,,,,,,,,,,,,,,,,,,
,2025-09.csv,,,,,,,,,,,,,,,,,,
,2025-09.csv,,,,,,,,,,,,,,,,,,
11/09/2024,2025-09.csv,,,,,,,,,,,,,,,,,,
,2025-09.csv,,,,,,,,,,,,,,,,,,
22/05/2018,2025-09.csv,,,,,,,,,,,,,,,,,,
27/02/2018,2025-09.csv,,,,,,,,,,,,,,,,,,
19/04/2023,2025-09.csv,,,,,,,,,,,,,,,,,,
11/04/2023,2025-09.csv,,,,,,,,,,,,,,,,,,
11/07/2013,2025-09.csv,,,,,,,,,,,,,,,,,,
12/09/2022,2025-09.csv,,,,,,,,,,,,,,,,,,
14/09/2015,2025-09.csv,,,,,,,,,,,,,,,,,,
30/05/2017,2025-09.csv,,,,,,,,,,,,,,,,,,
07/03/2016,2025-09.csv,,,,,,,,,,,,,,,,,,
04/09/2015,2025-09.csv,,,,,,,,,,,,,,,,,,
30/09/2022,2025-09.csv,,,,,,,,,,,,,,,,,,
30/09/2022,2025-09.csv,,,,,,,,,,,,,,,,,,
15/09/2022,2025-09.csv,,,,,,,,,,,,,,,,,,
03/02/2023,2025-09.csv,,,,,,,,,,,,,,,,,,
08/12/2022,2025-09.csv,,,,,,,,,,,,,,,,,,
12/09/2022,2025-09.csv,,,,,,,,,,,,,,,,,,
20/04/2017,2025-09.csv,,,,,,,,,,,,,,,,,,
01/05/2022,2025-09.csv,,,,,,,,,,,,,,,,,,
01/06/2022,2025-09.csv,,,,,,,,,,,,,,,,,,
01/01/1999,2025-09.csv,,,,,,,,,,,,,,,,,,
19/02/2024,2025-09.csv,,,,,,,,,,,,,,,,,,
01/04/2019,2025-09.csv,,,,,,,,,,,,,,,,,,
01/04/2019,2025-09.csv,,,,,,,,,,,,,,,,,,
31/03/2013,2025-09.csv,,,,,,,,,,,,,,,,,,
25/10/2023,2025-09.csv,,,,,,,,,,,,,,,,,,
29/06/2018,2025-09.csv,,,,,,,,,,,,,,,,,,
25/05/2023,2025-09.csv,,,,,,,,,,,,,,,,,,
25/10/2024,2025-09.csv,,,,,,,,,,,,,,,,,,
04/10/2013,2025-09.csv,,,,,,,,,,,,,,,,,,
01/07/2020,2025-09.csv,,,,,,,,,,,,,,,,,,
03/10/2018,2025-09.csv,,,,,,,,,,,,,,,,,,
01/04/2019,2025-09.csv,,,,,,,,,,,,,,,,,,
20/02/2018,2025-09.csv,,,,,,,,,,,,,,,,,,
01/01/2019,2025-09.csv,,,,,,,,,,,,,,,,,,
31/03/2016,2025-09.csv,,,,,,,,,,,,,,,,,,
15/03/2010,2025-09.csv,,,,,,,,,,,,,,,,,,
07/10/2022,2025-09.csv,,,,,,,,,,,,,,,,,,
05/10/2015,2025-09.csv,,,,,,,,,,,,,,,,,,
11/07/2020,2025-09.csv,,,,,,,,,,,,,,,,,,
31/03/2009,2025-09.csv,,,,,,,,,,,,,,,,,,
01/03/2018,2025-09.csv,,,,,,,,,,,,,,,,,,
01/02/2023,2025-09.csv,,,,,,,,,,,,,,,,,,
01/06/2022,2025-09.csv,,,,,,,,,,,,,,,,,,
01/09/2019,2025-09.csv,,,,,,,,,,,,,,,,,,
30/01/2014,2025-09.csv,,,,,,,,,,,,,,,,,,
10/11/2017,2025-09.csv,,,,,,,,,,,,,,,,,,
15/02/2018,2025-09.csv,,,,,,,,,,,,,,,,,,
31/03/2013,2025-09.csv,,,,,,,,,,,,,,,,,,
19/11/2008,2025-09.csv,,,,,,,,,,,,,,,,,,
25/08/2023,2025-09.csv,,,,,,,,,,,,,,,,,,
05/12/2017,2025-09.csv,,,,,,,,,,,,,,,,,,
29/12/2010,2025-09.csv,,,,,,,,,,,,,,,,,,
31/05/2022,2025-09.csv,,,,,,,,,,,,,,,,,,
11/11/2022,2025-09.csv,,,,,,,,,,,,,,,,,,
,2025-09.csv,,,,,,,,,,,,,,,,,,
15/07/2009,2025-09.csv,,,,,,,,,,,,,,,,,,
01/11/2021,2025-09.csv,,,,,,,,,,,,,,,,,,
28/02/2008,2025-09.csv,,,,,,,,,,,,,,,,,,
01/01/2023,2025-09.csv,,,,,,,,,,,,,,,,,,
23/08/2023,2025-09.csv,,,,,,,,,,,,,,,,,,
31/03/2022,2025-09.csv,,,,,,,,,,,,,,,,,,
31/01/2019,2025-09.csv,,,,,,,,,,,,,,,,,,
26/08/2015,2025-09.csv,,,,,,,,,,,,,,,,,,
22/11/2016,2025-09.csv,,,,,,,,,,,,,,,,,,
30/01/2025,2025-09.csv,,,,,,,,,,,,,,,,,,
29/03/2023,2025-09.csv,,,,,,,,,,,,,,,,,,
19/02/2024,2025-09.csv,,,,,,,,,,,,,,,,,,
25/08/2023,2025-09.csv,,,,,,,,,,,,,,,,,,
06/12/2023,2025-09.csv,,,,,,,,,,,,,,,,,,
21/11/2022,2025-09.csv,,,,,,,,,,,,,,,,,,
04/10/2017,2025-09.csv,,,,,,,,,,,,,,,,,,
25/08/2023,2025-09.csv,,,,,,,,,,,,,,,,,,
31/03/2016,2025-09.csv,,,,,,,,,,,,,,,,,,
31/03/2016,2025-09.csv,,,,,,,,,,,,,,,,,,
20/02/2013,2025-09.csv,,,,,,,,,,,,,,,,,,
08/12/2015,2025-09.csv,,,,,,,,,,,,,,,,,,
02/09/2016,2025-09.csv,,,,,,,,,,,,,,,,,,
01/12/2019,2025-09.csv,,,,,,,,,,,,,,,,,,
15/03/2010,2025-09.csv,,,,,,,,,,,,,,,,,,
03/04/2023,2025-09.csv,,,,,,,,,,,,,,,,,,
19/08/2002,2025-09.csv,,,,,,,,,,,,,,,,,,
11/04/2023,2025-09.csv,,,,,,,,,,,,,,,,,,
01/04/2013,2025-09.csv,,,,,,,,,,,,,,,,,,
01/07/2011,2025-09.csv,,,,,,,,,,,,,,,,,,
05/04/2014,2025-09.csv,,,,,,,,,,,,,,,,,,
01/07/2018,2025-09.csv,,,,,,,,,,,,,,,,,,
29/01/2018,2025-09.csv,,,,,,,,,,,,,,,,,,
01/03/2023,2025-09.csv,,,,,,,,,,,,,,,,,,
25/08/2023,2025-09.csv,,,,,,,,,,,,,,,,,,
01/04/2019,2025-09.csv,,,,,,,,,,,,,,,,,,
27/07/2023,2025-09.csv,,,,,,,,,,,,,,,,,,
31/03/2017,2025-09.csv,,,,,,,,,,,,,,,,,,
30/09/2020,2025-09.csv,,,,,,,,,,,,,,,,,,
31/03/2011,2025-09.csv,,,,,,,,,,,,,,,,,,
05/10/2007,2025-09.csv,,,,,,,,,,,,,,,,,,
13/09/2018,2025-09.csv,,,,,,,,,,,,,,,,,,
01/06/2022,2025-09.csv,,,,,,,,,,,,,,,,,,
31/03/2010,2025-09.csv,,,,,,,,,,,,,,,,,,
20/07/2015,2025-09.csv,,,,,,,,,,,,,,,,,,
01/04/2014,2025-09.csv,,,,,,,,,,,,,,,,,,
21/08/2019,2025-09.csv,,,,,,,,,,,,,,,,,,
02/09/2016,2025-09.csv,,,,,,,,,,,,,,,,,,
08/12/2015,2025-09.csv,,,,,,,,,,,,,,,,,,
01/11/2018,2025-09.csv,,,,,,,,,,,,,,,,,,
10/11/2017,2025-09.csv,,,,,,,,,,,,,,,,,,
18/11/2015,2025-09.csv,,,,,,,,,,,,,,,,,,
21/08/2015,2025-09.csv,,,,,,,,,,,,,,,,,,
,2025-09.csv,,,,,,,,,,,,,,,,,,
04/07/2017,2025-09.csv,,,,,,,,,,,,,,,,,,
14/03/2023,2025-09.csv,,,,,,,,,,,,,,,,,,
14/03/2023,2025-09.csv,,,,,,,,,,,,,,,,,,
30/09/2016,2025-09.csv,,,,,,,,,,,,,,,,,,
01/03/2018,2025-09.csv,,,,,,,,,,,,,,,,,,
08/09/2016,2025-09.csv,,,,,,,,,,,,,,,,,,
31/03/2013,2025-09.csv,,,,,,,,,,,,,,,,,,
28/06/2010,2025-09.csv,,,,,,,,,,,,,,,,,,
05/03/2010,2025-09.csv,,,,,,,,,,,,,,,,,,
27/01/2014,2025-09.csv,,,,,,,,,,,,,,,,,,
28/07/2015,2025-09.csv,,,,,,,,,,,,,,,,,,
01/08/2022,2025-09.csv,,,,,,,,,,,,,,,,,,
02/06/2016,2025-09.csv,,,,,,,,,,,,,,,,,,
31/03/2016,2025-09.csv,,,,,,,,,,,,,,,,,,
19/09/2017,2025-09.csv,,,,,,,,,,,,,,,,,,
31/03/2013,2025-09.csv,,,,,,,,,,,,,,,,,,
20/04/2019,2025-09.csv,,,,,,,,,,,,,,,,,,
05/09/2016,2025-09.csv,,,,,,,,,,,,,,,,,,
05/03/2016,2025-09.csv,,,,,,,,,,,,,,,,,,
13/09/2018,2025-09.csv,,,,,,,,,,,,,,,,,,
31/03/1994,2025-09.csv,,,,,,,,,,,,,,,,,,
04/11/2004,2025-09.csv,,,,,,,,,,,,,,,,,,
08/12/2015,2025-09.csv,,,,,,,,,,,,,,,,,,
14/07/2023,2025-09.csv,,,,,,,,,,,,,,,,,,
31/03/2009,2025-09.csv,,,,,,,,,,,,,,,,,,
03/04/2023,2025-09.csv,,,,,,,,,,,,,,,,,,
01/01/2014,2025-09.csv,,,,,,,,,,,,,,,,,,
16/05/2016,2025-09.csv,,,,,,,,,,,,,,,,,,
22/03/2017,2025-09.csv,,,,,,,,,,,,,,,,,,
24/01/2007,2025-09.csv,,,,,,,,,,,,,,,,,,
27/08/2021,2025-09.csv,,,,,,,,,,,,,,,,,,
01/03/2019,2025-09.csv,,,,,,,,,,,,,,,,,,
19/02/2024,2025-09.csv,,,,,,,,,,,,,,,,,,
19/02/2024,2025-09.csv,,,,,,,,,,,,,,,,,,
12/09/2022,2025-09.csv,,,,,,,,,,,,,,,,,,
16/07/2016,2025-09.csv,,,,,,,,,,,,,,,,,,
13/09/2018,2025-09.csv,,,,,,,,,,,,,,,,,,
01/04/2012,2025-09.csv,,,,,,,,,,,,,,,,,,
11/12/2015,2025-09.csv,,,,,,,,,,,,,,,,,,
17/01/2017,2025-09.csv,,,,,,,,,,,,,,,,,,
01/09/2012,2025-09.csv,,,,,,,,,,,,,,,,,,
08/12/2015,2025-09.csv,,,,,,,,,,,,,,,,,,
25/08/2023,2025-09.csv,,,,,,,,,,,,,,,,,,
25/09/2019,2025-09.csv,,,,,,,,,,,,,,,,,,
01/04/2019,2025-09.csv,,,,,,,,,,,,,,,,,,
09/05/2008,2025-09.csv,,,,,,,,,,,,,,,,,,
30/11/2016,2025-09.csv,,,,,,,,,,,,,,,,,,
31/03/2015,2025-09.csv,,,,,,,,,,,,,,,,,,
09/02/2011,2025-09.csv,,,,,,,,,,,,,,,,,,
01/03/2018,2025-09.csv,,,,,,,,,,,,,,,,,,
17/05/2022,2025-09.csv,,,,,,,,,,,,,,,,,,
31/03/2012,2025-09.csv,,,,,,,,,,,,,,,,,,
24/07/2008,2025-09.csv,,,,,,,,,,,,,,,,,,
01/10/2019,2025-09.csv,,,,,,,,,,,,,,,,,,
31/03/1983,2025-09.csv,,,,,,,,,,,,,,,,,,
07/03/2019,2025-09.csv,,,,,,,,,,,,,,,,,,
10/03/2019,2025-09.csv,,,,,,,,,,,,,,,,,,
,2025-09.csv,,,,,,,,,,,,,,,,,,
04/07/2017,2025-09.csv,,,,,,,,,,,,,,,,,,
17/10/2022,2025-09.csv,,,,,,,,,,,,,,,,,,
01/02/2023,2025-09.csv,,,,,,,,,,,,,,,,,,
01/09/2019,2025-09.csv,,,,,,,,,,,,,,,,,,
01/09/2019,2025-09.csv,,,,,,,,,,,,,,,,,,
19/06/2012,2025-09.csv,,,,,,,,,,,,,,,,,,
31/03/2008,2025-09.csv,,,,,,,,,,,,,,,,,,
01/04/2017,2025-09.csv,,,,,,,,,,,,,,,,,,
07/10/2021,2025-09.csv,,,,,,,,,,,,,,,,,,
08/12/2022,2025-09.csv,,,,,,,,,,,,,,,,,,
02/11/2010,2025-09.csv,,,,,,,,,,,,,,,,,,
01/06/2020,2025-09.csv,,,,,,,,,,,,,,,,,,
26/08/2022,2025-09.csv,,,,,,,,,,,,,,,,,,
31/08/2023,2025-09.csv,,,,,,,,,,,,,,,,,,
01/04/2019,2025-09.csv,,,,,,,,,,,,,,,,,,
29/06/2018,2025-09.csv,,,,,,,,,,,,,,,,,,
01/05/2022,2025-09.csv,,,,,,,,,,,,,,,,,,
15/11/2007,2025-09.csv,,,,,,,,,,,,,,,,,,
30/05/2017,2025-09.csv,,,,,,,,,,,,,,,,,,
31/03/2014,2025-09.csv,,,,,,,,,,,,,,,,,,
08/04/2025,2025-09.csv,,,,,,,,,,,,,,,,,,
21/11/2022,2025-09.csv,,,,,,,,,,,,,,,,,,
08/08/2022,2025-09.csv,,,,,,,,,,,,,,,,,,
01/01/2016,2025-09.csv,,,,,,,,,,,,,,,,,,
10/06/2016,2025-09.csv,,,,,,,,,,,,,,,,,,
13/02/2024,2025-09.csv,,,,,,,,,,,,,,,,,,
01/02/2023,2025-09.csv,,,,,,,,,,,,,,,,,,
01/07/2016,2025-09.csv,,,,,,,,,,,,,,,,,,
07/10/2021,2025-09.csv,,,,,,,,,,,,,,,,,,
08/09/2016,2025-09.csv,,,,,,,,,,,,,,,,,,
31/03/2001,2025-09.csv,,,,,,,,,,,,,,,,,,
31/03/2016,2025-09.csv,,,,,,,,,,,,,,,,,,
19/10/2015,2025-09.csv,,,,,,,,,,,,,,,,,,
01/04/2008,2025-09.csv,,,,,,,,,,,,,,,,,,
31/03/2008,2025-09.csv,,,,,,,,,,,,,,,,,,
01/10/2019,2025-09.csv,,,,,,,,,,,,,,,,,,
24/01/2023,2025-09.csv,,,,,,,,,,,,,,,,,,
25/05/2022,2025-09.csv,,,,,,,,,,,,,,,,,,
28/04/2023,2025-09.csv,,,,,,,,,,,,,,,,,,
24/01/2023,2025-09.csv,,,,,,,,,,,,,,,,,,
01/04/2016,2025-09.csv,,,,,,,,,,,,,,,,,,
01/02/2023,2025-09.csv,,,,,,,,,,,,,,,,,,
10/11/2016,2025-09.csv,,,,,,,,,,,,,,,,,,
19/01/2023,2025-09.csv,,,,,,,,,,,,,,,,,,
24/01/2024,2025-09.csv,,,,,,,,,,,,,,,,,,
01/03/2018,2025-09.csv,,,,,,,,,,,,,,,,,,
02/08/2019,2025-09.csv,,,,,,,,,,,,,,,,,,
10/08/2017,2025-09.csv,,,,,,,,,,,,,,,,,,
15/12/2023,2025-09.csv,,,,,,,,,,,,,,,,,,
18/11/2015,2025-09.csv,,,,,,,,,,,,,,,,,,
03/02/2023,2025-09.csv,,,,,,,,,,,,,,,,,,
01/05/2022,2025-09.csv,,,,,,,,,,,,,,,,,,
11/09/2024,2025-09.csv,,,,,,,,,,,,,,,,,,
01/11/2015,2025-09.csv,,,,,,,,,,,,,,,,,,
19/02/2024,2025-09.csv,,,,,,,,,,,,,,,,,,
01/12/2022,2025-09.csv,,,,,,,,,,,,,,,,,,
,2025-09.csv,,,,,,,,,,,,,,,,,,
19/09/2019,2025-09.csv,,,,,,,,,,,,,,,,,,
30/10/2009,2025-09.csv,,,,,,,,,,,,,,,,,,
29/08/2018,2025-09.csv,,,,,,,,,,,,,,,,,,
01/10/2019,2025-09.csv,,,,,,,,,,,,,,,,,,
06/10/2022,2025-09.csv,,,,,,,,,,,,,,,,,,
31/03/2004,2025-09.csv,,,,,,,,,,,,,,,,,,
31/03/2001,2025-09.csv,,,,,,,,,,,,,,,,,,
21/07/2022,2025-09.csv,,,,,,,,,,,,,,,,,,
16/09/2016,2025-09.csv,,,,,,,,,,,,,,,,,,
24/11/2016,2025-09.csv,,,,,,,,,,,,,,,,,,
21/07/2008,2025-09.csv,,,,,,,,,,,,,,,,,,
20/04/2020,2025-09.csv,,,,,,,,,,,,,,,,,,
28/08/2017,2025-09.csv,,,,,,,,,,,,,,,,,,
29/10/2013,2025-09.csv,,,,,,,,,,,,,,,,,,
01/05/2022,2025-09.csv,,,,,,,,,,,,,,,,,,
22/04/2016,2025-09.csv,,,,,,,,,,,,,,,,,,
24/08/2016,2025-09.csv,,,,,,,,,,,,,,,,,,
10/06/2016,2025-09.csv,,,,,,,,,,,,,,,,,,
10/06/2016,2025-09.csv,,,,,,,,,,,,,,,,,,
17/05/2017,2025-09.csv,,,,,,,,,,,,,,,,,,
20/12/2017,2025-09.csv,,,,,,,,,,,,,,,,,,
28/02/2008,2025-09.csv,,,,,,,,,,,,,,,,,,
25/08/2023,2025-09.csv,,,,,,,,,,,,,,,,,,
01/06/2020,2025-09.csv,,,,,,,,,,,,,,,,,,
12/06/2018,2025-09.csv,,,,,,,,,,,,,,,,,,
01/12/2019,2025-09.csv,,,,,,,,,,,,,,,,,,
01/04/2019,2025-09.csv,,,,,,,,,,,,,,,,,,
30/12/2020,2025-09.csv,,,,,,,,,,,,,,,,,,
30/12/2020,2025-09.csv,,,,,,,,,,,,,,,,,,
,2025-09.csv,,,,,,,,,,,,,,,,,,
19/07/2021,2025-09.csv,,,,,,,,,,,,,,,,,,
05/07/2016,2025-09.csv,,,,,,,,,,,,,,,,,,
,2025-09.csv,,,,,,,,,,,,,,,,,,
,2025-09.csv,,,,,,,,,,,,,,,,,,
25/04/2018,2025-09.csv,,,,,,,,,,,,,,,,,,
23/05/2022,2025-09.csv,,,,,,,,,,,,,,,,,,
21/10/2022,2025-09.csv,,,,,,,,,,,,,,,,,,
,2025-09.csv,,,,,,,,,,,,,,,,,,
,2025-09.csv,,,,,,,,,,,,,,,,,,
,2025-09.csv,,,,,,,,,,,,,,,,,,
,2025-09.csv,,,,,,,,,,,,,,,,,,
28/11/2014,2025-09.csv,,,,,,,,,,,,,,,,,,
21/01/2022,2025-09.csv,,,,,,,,,,,,,,,,,,
09/07/2024,2025-09.csv,,,,,,,,,,,,,,,,,,
30/03/2015,2025-09.csv,,,,,,,,,,,,,,,,,,
10/11/2015,2025-09.csv,,,,,,,,,,,,,,,,,,
11/09/2023,2025-09.csv,,,,,,,,,,,,,,,,,,
15/11/2023,2025-09.csv,,,,,,,,,,,,,,,,,,
30/11/2023,2025-09.csv,,,,,,,,,,,,,,,,,,
31/10/2023,2025-09.csv,,,,,,,,,,,,,,,,,,
20/01/2025,2025-09.csv,,,,,,,,,,,,,,,,,,
26/07/2024,2025-09.csv,,,,,,,,,,,,,,,,,,
28/03/2024,2025-09.csv,,,,,,,,,,,,,,,,,,
11/07/2024,2025-09.csv,,,,,,,,,,,,,,,,,,
09/08/2023,2025-09.csv,,,,,,,,,,,,,,,,,,
,2025-09.csv,,,,,,,,,,,,,,,,,,
20/01/2025,2025-09.csv,,,,,,,,,,,,,,,,,,
20/01/2025,2025-09.csv,,,,,,,,,,,,,,,,,,
16/11/2024,2025-09.csv,,,,,,,,,,,,,,,,,,
09/09/2024,2025-09.csv,,,,,,,,,,,,,,,,,,
13/12/2019,2025-09.csv,,,,,,,,,,,,,,,,,,
01/11/2020,2025-09.csv,,,,,,,,,,,,,,,,,,
,2025-09.csv,,,,,,,,,,,,,,,,,,
19/07/2017,2025-09.csv,,,,,,,,,,,,,,,,,,
27/04/2022,2025-09.csv,,,,,,,,,,,,,,,,,,
,2025-09.csv,,,,,,,,,,,,,,,,,,
31/05/2023,2025-09.csv,,,,,,,,,,,,,,,,,,
16/02/2024,2025-09.csv,,,,,,,,,,,,,,,,,,
19/03/2020,2025-09.csv,,,,,,,,,,,,,,,,,,
08/05/2023,2025-09.csv,,,,,,,,,,,,,,,,,,
17/11/2021,2025-09.csv,,,,,,,,,,,,,,,,,,
19/09/2019,2025-09.csv,,,,,,,,,,,,,,,,,,
09/12/2020,2025-09.csv,,,,,,,,,,,,,,,,,,
27/07/2022,2025-09.csv,,,,,,,,,,,,,,,,,,
09/10/2014,2025-09.csv,,,,,,,,,,,,,,,,,,
22/02/2019,2025-09.csv,,,,,,,,,,,,,,,,,,
28/08/2024,2025-09.csv,,,,,,,,,,,,,,,,,,
21/03/2025,2025-09.csv,,,,,,,,,,,,,,,,,,
01/05/2023,2025-09.csv,,,,,,,,,,,,,,,,,,
24/03/2025,2025-09.csv,,,,,,,,,,,,,,,,,,
24/02/2025,2025-09.csv,,,,,,,,,,,,,,,,,,
15/10/2024,2025-09.csv,,,,,,,,,,,,,,,,,,
18/02/2025,2025-09.csv,,,,,,,,,,,,,,,,,,
18/02/2025,2025-09.csv,,,,,,,,,,,,,,,,,,
14/10/2014,2025-09.csv,,,,,,,,,,,,,,,,,,
02/09/2024,2025-09.csv,,,,,,,,,,,,,,,,,,
25/11/2024,2025-09.csv,,,,,,,,,,,,,,,,,,
21/03/2023,2025-09.csv,,,,,,,,,,,,,,,,,,
07/06/2024,2025-09.csv,,,,,,,,,,,,,,,,,,
24/02/2012,2025-09.csv,,,,,,,,,,,,,,,,,,
,2025-09.csv,,,,,,,,,,,,,,,,,,
04/08/2025,2025-09.csv,,,,,,,,,,,,,,,,,,
01/12/2014,2025-09.csv,,,,,,,,,,,,,,,,,,
07/11/2024,2025-09.csv,,,,,,,,,,,,,,,,,,
24/03/2025,2025-09.csv,,,,,,,,,,,,,,,,,,
16/01/2025,2025-09.csv,,,,,,,,,,,,,,,,,,
13/01/2022,2025-09.csv,,,,,,,,,,,,,,,,,,
21/03/2023,2025-09.csv,,,,,,,,,,,,,,,,,,
21/03/2023,2025-09.csv,,,,,,,,,,,,,,,,,,
15/07/2024,2025-09.csv,,,,,,,,,,,,,,,,,,
09/02/2024,2025-09.csv,,,,,,,,,,,,,,,,,,
21/03/2025,2025-09.csv,,,,,,,,,,,,,,,,,,
26/12/2023,2025-09.csv,,,,,,,,,,,,,,,,,,
27/09/2023,2025-09.csv,,,,,,,,,,,,,,,,,,
09/02/2024,2025-09.csv,,,,,,,,,,,,,,,,,,
26/12/2023,2025-09.csv,,,,,,,,,,,,,,,,,,
04/06/2025,2025-09.csv,,,,,,,,,,,,,,,,,,
01/02/2022,2025-09.csv,,,,,,,,,,,,,,,,,,
30/05/2024,2025-09.csv,,,,,,,,,,,,,,,,,,
01/11/2023,2025-09.csv,,,,,,,,,,,,,,,,,,
01/07/2023,2025-09.csv,,,,,,,,,,,,,,,,,,
15/10/2024,2025-09.csv,,,,,,,,,,,,,,,,,,
19/11/2024,2025-09.csv,,,,,,,,,,,,,,,,,,
07/11/2024,2025-09.csv,,,,,,,,,,,,,,,,,,
27/12/2023,2025-09.csv,,,,,,,,,,,,,,,,,,
27/12/2023,2025-09.csv,,,,,,,,,,,,,,,,,,
15/10/2024,2025-09.csv,,,,,,,,,,,,,,,,,,
19/08/2024,2025-09.csv,,,,,,,,,,,,,,,,,,
22/08/2024,2025-09.csv,,,,,,,,,,,,,,,,,,
19/08/2024,2025-09.csv,,,,,,,,,,,,,,,,,,
23/08/2024,2025-09.csv,,,,,,,,,,,,,,,,,,
12/11/2024,2025-09.csv,,,,,,,,,,,,,,,,,,
12/11/2024,2025-09.csv,,,,,,,,,,,,,,,,,,
30/12/2024,2025-09.csv,,,,,,,,,,,,,,,,,,
27/09/2023,2025-09.csv,,,,,,,,,,,,,,,,,,
26/10/2023,2025-09.csv,,,,,,,,,,,,,,,,,,
30/10/2023,2025-09.csv,,,,,,,,,,,,,,,,,,
01/11/2023,2025-09.csv,,,,,,,,,,,,,,,,,,
01/12/2021,2025-09.csv,,,,,,,,,,,,,,,,,,
01/12/2022,2025-09.csv,,,,,,,,,,,,,,,,,,
24/03/2025,2025-09.csv,,,,,,,,,,,,,,,,,,
23/11/2022,2025-09.csv,,,,,,,,,,,,,,,,,,
01/03/2022,2025-09.csv,,,,,,,,,,,,,,,,,,
10/12/2024,2025-09.csv,,,,,,,,,,,,,,,,,,
27/03/2025,2025-09.csv,,,,,,,,,,,,,,,,,,
30/08/2024,2025-09.csv,,,,,,,,,,,,,,,,,,
11/05/2022,2025-09.csv,,,,,,,,,,,,,,,,,,
01/02/2022,2025-09.csv,,,,,,,,,,,,,,,,,,
28/03/2023,2025-09.csv,,,,,,,,,,,,,,,,,,
10/01/2025,2025-09.csv,,,,,,,,,,,,,,,,,,
01/02/2023,2025-09.csv,,,,,,,,,,,,,,,,,,
27/05/2019,2025-09.csv,,,,,,,,,,,,,,,,,,
17/11/2014,2025-09.csv,,,,,,,,,,,,,,,,,,
09/03/2019,2025-09.csv,,,,,,,,,,,,,,,,,,
30/11/2018,2025-09.csv,,,,,,,,,,,,,,,,,,
07/06/2021,2025-09.csv,,,,,,,,,,,,,,,,,,
21/02/2014,2025-09.csv,,,,,,,,,,,,,,,,,,
28/03/2024,2025-09.csv,,,,,,,,,,,,,,,,,,
03/01/2025,2025-09.csv,,,,,,,,,,,,,,,,,,
07/03/2019,2025-09.csv,,,,,,,,,,,,,,,,,,
,2025-09.csv,,,,,,,,,,,,,,,,,,
30/11/2018,2025-09.csv,,,,,,,,,,,,,,,,,,
,2025-09.csv,,,,,,,,,,,,,,,,,,
27/05/2019,2025-09.csv,,,,,,,,,,,,,,,,,,
21/11/2022,2025-09.csv,,,,,,,,,,,,,,,,,,
18/07/2013,2025-09.csv,,,,,,,,,,,,,,,,,,
29/12/2022,2025-09.csv,,,,,,,,,,,,,,,,,,
,2025-09.csv,,,,,,,,,,,,,,,,,,
27/02/2019,2025-09.csv,,,,,,,,,,,,,,,,,,
23/10/2023,2025-09.csv,,,,,,,,,,,,,,,,,,
04/09/2024,2025-09.csv,,,,,,,,,,,,,,,,,,
09/03/2019,2025-09.csv,,,,,,,,,,,,,,,,,,
04/09/2024,2025-09.csv,,,,,,,,,,,,,,,,,,
06/05/2020,2025-09.csv,,,,,,,,,,,,,,,,,,
12/10/2017,2025-09.csv,,,,,,,,,,,,,,,,,,
10/05/2018,2025-09.csv,,,,,,,,,,,,,,,,,,
06/05/2020,2025-09.csv,,,,,,,,,,,,,,,,,,
11/08/2017,2025-09.csv,,,,,,,,,,,,,,,,,,
11/08/2017,2025-09.csv,,,,,,,,,,,,,,,,,,
08/03/2010,2025-09.csv,,,,,,,,,,,,,,,,,,
08/03/2010,2025-09.csv,,,,,,,,,,,,,,,,,,
,2025-09.csv,,,,,,,,,,,,,,,,,,
,2025-09.csv,,,,,,,,,,,,,,,,,,
,2025-09.csv,,,,,,,,,,,,,,,,,,
,2025-09.csv,,,,,,,,,,,,,,,,,,
,2025-09.csv,,,,,,,,,,,,,,,,,,
,2025-09.csv,,,,,,,,,,,,,,,,,,
,2025-09.csv,,,,,,,,,,,,,,,,,,
,2025-09.csv,,,,,,,,,,,,,,,,,,
,2025-09.csv,,,,,,,,,,,,,,,,,,
,2025-09.csv,,,,,,,,,,,,,,,,,,
,2025-09.csv,,,,,,,,,,,,,,,,,,
,2025-09.csv,,,,,,,,,,,,,,,,,,
,2025-09.csv,,,,,,,,,,,,,,,,,,
,2025-09.csv,,,,,,,,,,,,,,,,,,
,2025-09.csv,,,,,,,,,,,,,,,,,,
,2025-09.csv,,,,,,,,,,,,,,,,,,
,2025-09.csv,,,,,,,,,,,,,,,,,,
,2025-09.csv,,,,,,,,,,,,,,,,,,
,2025-09.csv,,,,,,,,,,,,,,,,,,
,2025-09.csv,,,,,,,,,,,,,,,,,,
,2025-09.csv,,,,,,,,,,,,,,,,,,
,2025-09.csv,,,,,,,,,,,,,,,,,,
,2025-09.csv,,,,,,,,,,,,,,,,,,
,2025-09.csv,,,,,,,,,,,,,,,,,,
,2025-09.csv,,,,,,,,,,,,,,,,,,
01/04/2009,2025-09.csv,,,,,,,,,,,,,,,,,,
01/04/2007,2025-09.csv,,,,,,,,,,,,,,,,,,
01/04/2008,2025-09.csv,,,,,,,,,,,,,,,,,,
10/05/2002,2025-09.csv,,,,,,,,,,,,,,,,,,
01/04/1996,2025-09.csv,,,,,,,,,,,,,,,,,,
01/04/2017,2025-09.csv,,,,,,,,,,,,,,,,,,
01/04/2008,2025-09.csv,,,,,,,,,,,,,,,,,,
01/04/2005,2025-09.csv,,,,,,,,,,,,,,,,,,
01/04/2005,2025-09.csv,,,,,,,,,,,,,,,,,,
01/04/1997,2025-09.csv,,,,,,,,,,,,,,,,,,
01/04/2006,2025-09.csv,,,,,,,,,,,,,,,,,,
31/10/2023,2025-09.csv,,,,,,,,,,,,,,,,,,
01/04/2017,2025-09.csv,,,,,,,,,,,,,,,,,,
01/04/2003,2025-09.csv,,,,,,,,,,,,,,,,,,
01/04/2008,2025-09.csv,,,,,,,,,,,,,,,,,,
01/04/2009,2025-09.csv,,,,,,,,,,,,,,,,,,
01/04/2008,2025-09.csv,,,,,,,,,,,,,,,,,,
01/04/2008,2025-09.csv,,,,,,,,,,,,,,,,,,
01/04/2007,2025-09.csv,,,,,,,,,,,,,,,,,,
01/04/2009,2025-09.csv,,,,,,,,,,,,,,,,,,
01/08/2017,2025-09.csv,,,,,,,,,,,,,,,,,,
01/04/2017,2025-09.csv,,,,,,,,,,,,,,,,,,
20/01/2009,2025-09.csv,,,,,,,,,,,,,,,,,,
01/04/2007,2025-09.csv,,,,,,,,,,,,,,,,,,
01/04/2017,2025-09.csv,,,,,,,,,,,,,,,,,,
01/04/2007,2025-09.csv,,,,,,,,,,,,,,,,,,
03/02/2016,2025-09.csv,,,,,,,,,,,,,,,,,,
01/04/2005,2025-09.csv,,,,,,,,,,,,,,,,,,
01/04/2017,2025-09.csv,,,,,,,,,,,,,,,,,,
01/04/1996,2025-09.csv,,,,,,,,,,,,,,,,,,
01/04/2017,2025-09.csv,,,,,,,,,,,,,,,,,,
08/02/2010,2025-09.csv,,,,,,,,,,,,,,,,,,
01/04/2005,2025-09.csv,,,,,,,,,,,,,,,,,,
01/04/2011,2025-09.csv,,,,,,,,,,,,,,,,,,
01/04/2017,2025-09.csv,,,,,,,,,,,,,,,,,,
01/04/1997,2025-09.csv,,,,,,,,,,,,,,,,,,
01/04/2014,2025-09.csv,,,,,,,,,,,,,,,,,,
01/04/2017,2025-09.csv,,,,,,,,,,,,,,,,,,
01/04/1996,2025-09.csv,,,,,,,,,,,,,,,,,,
Sanction Date,2025-08.csv,,,,,,,,,,,,,,,,,,
01/11/2021,2025-08.csv,,,,,,,,,,,,,,,,,,
01/12/2022,2025-08.csv,,,,,,,,,,,,,,,,,,
27/12/2018,2025-08.csv,,,,,,,,,,,,,,,,,,
01/06/2023,2025-08.csv,,,,,,,,,,,,,,,,,,
01/06/2023,2025-08.csv,,,,,,,,,,,,,,,,,,
01/03/2023,2025-08.csv,,,,,,,,,,,,,,,,,,
01/06/2023,2025-08.csv,,,,,,,,,,,,,,,,,,
17/06/2020,2025-08.csv,,,,,,,,,,,,,,,,,,
01/05/2022,2025-08.csv,,,,,,,,,,,,,,,,,,
,2025-08.csv,,,,,,,,,,,,,,,,,,
01/07/2022,2025-08.csv,,,,,,,,,,,,,,,,,,
27/07/2018,2025-08.csv,,,,,,,,,,,,,,,,,,
01/06/2023,2025-08.csv,,,,,,,,,,,,,,,,,,
14/06/2022,2025-08.csv,,,,,,,,,,,,,,,,,,
01/07/2024,2025-08.csv,,,,,,,,,,,,,,,,,,
01/07/2024,2025-08.csv,,,,,,,,,,,,,,,,,,
01/08/2024,2025-08.csv,,,,,,,,,,,,,,,,,,
28/08/2024,2025-08.csv,,,,,,,,,,,,,,,,,,
01/06/2024,2025-08.csv,,,,,,,,,,,,,,,,,,
01/11/2017,2025-08.csv,,,,,,,,,,,,,,,,,,
01/12/2016,2025-08.csv,,,,,,,,,,,,,,,,,,
01/06/2018,2025-08.csv,,,,,,,,,,,,,,,,,,
14/05/2018,2025-08.csv,,,,,,,,,,,,,,,,,,
01/04/2023,2025-08.csv,,,,,,,,,,,,,,,,,,
,2025-08.csv,,,,,,,,,,,,,,,,,,
01/11/2023,2025-08.csv,,,,,,,,,,,,,,,,,,
25/07/2016,2025-08.csv,,,,,,,,,,,,,,,,,,
08/12/2015,2025-08.csv,,,,,,,,,,,,,,,,,,
31/10/2015,2025-08.csv,,,,,,,,,,,,,,,,,,
16/11/2018,2025-08.csv,,,,,,,,,,,,,,,,,,
05/03/2016,2025-08.csv,,,,,,,,,,,,,,,,,,
10/09/2024,2025-08.csv,,,,,,,,,,,,,,,,,,
04/01/2023,2025-08.csv,,,,,,,,,,,,,,,,,,
19/09/2022,2025-08.csv,,,,,,,,,,,,,,,,,,
22/09/2018,2025-08.csv,,,,,,,,,,,,,,,,,,
12/08/2015,2025-08.csv,,,,,,,,,,,,,,,,,,
04/02/2015,2025-08.csv,,,,,,,,,,,,,,,,,,
25/07/2015,2025-08.csv,,,,,,,,,,,,,,,,,,
26/04/2024,2025-08.csv,,,,,,,,,,,,,,,,,,
19/04/2023,2025-08.csv,,,,,,,,,,,,,,,,,,
12/06/2020,2025-08.csv,,,,,,,,,,,,,,,,,,
16/12/2022,2025-08.csv,,,,,,,,,,,,,,,,,,
04/08/2020,2025-08.csv,,,,,,,,,,,,,,,,,,
07/05/2014,2025-08.csv,,,,,,,,,,,,,,,,,,
12/11/2018,2025-08.csv,,,,,,,,,,,,,,,,,,
11/02/2020,2025-08.csv,,,,,,,,,,,,,,,,,,
26/03/2024,2025-08.csv,,,,,,,,,,,,,,,,,,
25/08/2020,2025-08.csv,,,,,,,,,,,,,,,,,,
22/07/2019,2025-08.csv,,,,,,,,,,,,,,,,,,
26/03/2024,2025-08.csv,,,,,,,,,,,,,,,,,,
10/08/2021,2025-08.csv,,,,,,,,,,,,,,,,,,
04/08/2020,2025-08.csv,,,,,,,,,,,,,,,,,,
16/12/2013,2025-08.csv,,,,,,,,,,,,,,,,,,
11/08/2018,2025-08.csv,,,,,,,,,,,,,,,,,,
29/12/2023,2025-08.csv,,,,,,,,,,,,,,,,,,
08/10/2021,2025-08.csv,,,,,,,,,,,,,,,,,,
11/02/2020,2025-08.csv,,,,,,,,,,,,,,,,,,
24/12/2020,2025-08.csv,,,,,,,,,,,,,,,,,,
,2025-08.csv,,,,,,,,,,,,,,,,,,
11/02/2020,2025-08.csv,,,,,,,,,,,,,,,,,,
10/05/2021,2025-08.csv,,,,,,,,,,,,,,,,,,
11/11/2020,2025-08.csv,,,,,,,,,,,,,,,,,,
18/01/2021,2025-08.csv,,,,,,,,,,,,,,,,,,
28/10/2023,2025-08.csv,,,,,,,,,,,,,,,,,,
31/08/2019,2025-08.csv,,,,,,,,,,,,,,,,,,
06/06/2024,2025-08.csv,,,,,,,,,,,,,,,,,,
05/03/2016,2025-08.csv,,,,,,,,,,,,,,,,,,
23/03/2021,2025-08.csv,,,,,,,,,,,,,,,,,,
01/07/2019,2025-08.csv,,,,,,,,,,,,,,,,,,
23/04/2021,2025-08.csv,,,,,,,,,,,,,,,,,,
01/07/2021,2025-08.csv,,,,,,,,,,,,,,,,,,
25/04/2022,2025-08.csv,,,,,,,,,,,,,,,,,,
07/11/2022,2025-08.csv,,,,,,,,,,,,,,,,,,
10/08/2022,2025-08.csv,,,,,,,,,,,,,,,,,,
01/08/2017,2025-08.csv,,,,,,,,,,,,,,,,,,
19/04/2023,2025-08.csv,,,,,,,,,,,,,,,,,,
22/05/2018,2025-08.csv,,,,,,,,,,,,,,,,,,
29/12/2023,2025-08.csv,,,,,,,,,,,,,,,,,,
27/05/2020,2025-08.csv,,,,,,,,,,,,,,,,,,
03/02/2020,2025-08.csv,,,,,,,,,,,,,,,,,,
01/12/2021,2025-08.csv,,,,,,,,,,,,,,,,,,
16/04/2020,2025-08.csv,,,,,,,,,,,,,,,,,,
25/08/2020,2025-08.csv,,,,,,,,,,,,,,,,,,
30/01/2024,2025-08.csv,,,,,,,,,,,,,,,,,,
01/03/2017,2025-08.csv,,,,,,,,,,,,,,,,,,
19/08/2017,2025-08.csv,,,,,,,,,,,,,,,,,,
01/03/2016,2025-08.csv,,,,,,,,,,,,,,,,,,
17/12/2014,2025-08.csv,,,,,,,,,,,,,,,,,,
24/01/2022,2025-08.csv,,,,,,,,,,,,,,,,,,
29/01/2023,2025-08.csv,,,,,,,,,,,,,,,,,,
25/06/2021,2025-08.csv,,,,,,,,,,,,,,,,,,
05/06/2024,2025-08.csv,,,,,,,,,,,,,,,,,,
28/09/2023,2025-08.csv,,,,,,,,,,,,,,,,,,
24/01/2022,2025-08.csv,,,,,,,,,,,,,,,,,,
04/08/2020,2025-08.csv,,,,,,,,,,,,,,,,,,
03/08/2013,2025-08.csv,,,,,,,,,,,,,,,,,,
29/11/2024,2025-08.csv,,,,,,,,,,,,,,,,,,
24/05/2018,2025-08.csv,,,,,,,,,,,,,,,,,,
14/06/2022,2025-08.csv,,,,,,,,,,,,,,,,,,
13/01/2025,2025-08.csv,,,,,,,,,,,,,,,,,,
12/08/2009,2025-08.csv,,,,,,,,,,,,,,,,,,
11/11/2020,2025-08.csv,,,,,,,,,,,,,,,,,,
12/08/2011,2025-08.csv,,,,,,,,,,,,,,,,,,
14/02/2011,2025-08.csv,,,,,,,,,,,,,,,,,,
05/06/2024,2025-08.csv,,,,,,,,,,,,,,,,,,
01/03/2020,2025-08.csv,,,,,,,,,,,,,,,,,,
11/08/2018,2025-08.csv,,,,,,,,,,,,,,,,,,
25/05/2019,2025-08.csv,,,,,,,,,,,,,,,,,,
11/11/2020,2025-08.csv,,,,,,,,,,,,,,,,,,
27/08/2016,2025-08.csv,,,,,,,,,,,,,,,,,,
12/07/2021,2025-08.csv,,,,,,,,,,,,,,,,,,
,2025-08.csv,,,,,,,,,,,,,,,,,,
29/11/2024,2025-08.csv,,,,,,,,,,,,,,,,,,
31/01/2023,2025-08.csv,,,,,,,,,,,,,,,,,,
14/10/2022,2025-08.csv,,,,,,,,,,,,,,,,,,
24/12/2020,2025-08.csv,,,,,,,,,,,,,,,,,,
23/12/2009,2025-08.csv,,,,,,,,,,,,,,,,,,
01/11/2015,2025-08.csv,,,,,,,,,,,,,,,,,,
22/07/2019,2025-08.csv,,,,,,,,,,,,,,,,,,
04/08/2020,2025-08.csv,,,,,,,,,,,,,,,,,,
02/02/2017,2025-08.csv,,,,,,,,,,,,,,,,,,
04/11/2022,2025-08.csv,,,,,,,,,,,,,,,,,,
28/12/2021,2025-08.csv,,,,,,,,,,,,,,,,,,
26/03/2024,2025-08.csv,,,,,,,,,,,,,,,,,,
31/01/2022,2025-08.csv,,,,,,,,,,,,,,,,,,
04/08/2020,2025-08.csv,,,,,,,,,,,,,,,,,,
29/07/2023,2025-08.csv,,,,,,,,,,,,,,,,,,
16/04/2020,2025-08.csv,,,,,,,,,,,,,,,,,,
02/02/2021,2025-08.csv,,,,,,,,,,,,,,,,,,
22/05/2018,2025-08.csv,,,,,,,,,,,,,,,,,,
05/05/2022,2025-08.csv,,,,,,,,,,,,,,,,,,
04/05/2020,2025-08.csv,,,,,,,,,,,,,,,,,,
28/07/2021,2025-08.csv,,,,,,,,,,,,,,,,,,
29/05/2021,2025-08.csv,,,,,,,,,,,,,,,,,,
04/11/2020,2025-08.csv,,,,,,,,,,,,,,,,,,
04/11/2019,2025-08.csv,,,,,,,,,,,,,,,,,,
05/07/2022,2025-08.csv,,,,,,,,,,,,,,,,,,
31/01/2023,2025-08.csv,,,,,,,,,,,,,,,,,,
28/11/2022,2025-08.csv,,,,,,,,,,,,,,,,,,
09/01/2019,2025-08.csv,,,,,,,,,,,,,,,,,,
29/07/2022,2025-08.csv,,,,,,,,,,,,,,,,,,
01/10/2020,2025-08.csv,,,,,,,,,,,,,,,,,,
29/01/2024,2025-08.csv,,,,,,,,,,,,,,,,,,
01/02/2019,2025-08.csv,,,,,,,,,,,,,,,,,,
,2025-08.csv,,,,,,,,,,,,,,,,,,
21/01/2022,2025-08.csv,,,,,,,,,,,,,,,,,,
16/04/2019,2025-08.csv,,,,,,,,,,,,,,,,,,
,2025-08.csv,,,,,,,,,,,,,,,,,,
22/07/2022,2025-08.csv,,,,,,,,,,,,,,,,,,
01/08/2021,2025-08.csv,,,,,,,,,,,,,,,,,,
,2025-08.csv,,,,,,,,,,,,,,,,,,
30/06/2020,2025-08.csv,,,,,,,,,,,,,,,,,,
04/03/2020,2025-08.csv,,,,,,,,,,,,,,,,,,
01/08/2024,2025-08.csv,,,,,,,,,,,,,,,,,,
01/03/2019,2025-08.csv,,,,,,,,,,,,,,,,,,
01/07/2017,2025-08.csv,,,,,,,,,,,,,,,,,,
04/03/2020,2025-08.csv,,,,,,,,,,,,,,,,,,
,2025-08.csv,,,,,,,,,,,,,,,,,,
,2025-08.csv,,,,,,,,,,,,,,,,,,
10/03/2021,2025-08.csv,,,,,,,,,,,,,,,,,,
01/10/2019,2025-08.csv,,,,,,,,,,,,,,,,,,
,2025-08.csv,,,,,,,,,,,,,,,,,,
,2025-08.csv,,,,,,,,,,,,,,,,,,
01/08/2020,2025-08.csv,,,,,,,,,,,,,,,,,,
,2025-08.csv,,,,,,,,,,,,,,,,,,
,2025-08.csv,,,,,,,,,,,,,,,,,,
04/03/2020,2025-08.csv,,,,,,,,,,,,,,,,,,
12/02/2024,2025-08.csv,,,,,,,,,,,,,,,,,,
17/09/2018,2025-08.csv,,,,,,,,,,,,,,,,,,
25/06/2018,2025-08.csv,,,,,,,,,,,,,,,,,,
,2025-08.csv,,,,,,,,,,,,,,,,,,
,2025-08.csv,,,,,,,,,,,,,,,,,,
24/10/2018,2025-08.csv,,,,,,,,,,,,,,,,,,
,2025-08.csv,,,,,,,,,,,,,,,,,,
,2025-08.csv,,,,,,,,,,,,,,,,,,
,2025-08.csv,,,,,,,,,,,,,,,,,,
29/05/2019,2025-08.csv,,,,,,,,,,,,,,,,,,
,2025-08.csv,,,,,,,,,,,,,,,,,,
,2025-08.csv,,,,,,,,,,,,,,,,,,
21/07/2022,2025-08.csv,,,,,,,,,,,,,,,,,,
,2025-08.csv,,,,,,,,,,,,,,,,,,
,2025-08.csv,,,,,,,,,,,,,,,,,,
11/12/2024,2025-08.csv,,,,,,,,,,,,,,,,,,
11/12/2024,2025-08.csv,,,,,,,,,,,,,,,,,,
,2025-08.csv,,,,,,,,,,,,,,,,,,
26/03/2021,2025-08.csv,,,,,,,,,,,,,,,,,,
04/10/2021,2025-08.csv,,,,,,,,,,,,,,,,,,
08/03/2019,2025-08.csv,,,,,,,,,,,,,,,,,,
01/10/2020,2025-08.csv,,,,,,,,,,,,,,,,,,
27/02/2023,2025-08.csv,,,,,,,,,,,,,,,,,,
,2025-08.csv,,,,,,,,,,,,,,,,,,
07/03/2019,2025-08.csv,,,,,,,,,,,,,,,,,,
08/03/2019,2025-08.csv,,,,,,,,,,,,,,,,,,
,2025-08.csv,,,,,,,,,,,,,,,,,,
10/05/2022,2025-08.csv,,,,,,,,,,,,,,,,,,
29/08/2023,2025-08.csv,,,,,,,,,,,,,,,,,,
20/11/2020,2025-08.csv,,,,,,,,,,,,,,,,,,
28/10/2014,2025-08.csv,,,,,,,,,,,,,,,,,,
30/11/2017,2025-08.csv,,,,,,,,,,,,,,,,,,
,2025-08.csv,,,,,,,,,,,,,,,,,,
10/09/2024,2025-08.csv,,,,,,,,,,,,,,,,,,
30/03/2021,2025-08.csv,,,,,,,,,,,,,,,,,,
11/02/2021,2025-08.csv,,,,,,,,,,,,,,,,,,
01/03/2024,2025-08.csv,,,,,,,,,,,,,,,,,,
19/09/2024,2025-08.csv,,,,,,,,,,,,,,,,,,
09/09/2003,2025-08.csv,,,,,,,,,,,,,,,,,,
12/01/2023,2025-08.csv,,,,,,,,,,,,,,,,,,
25/08/2022,2025-08.csv,,,,,,,,,,,,,,,,,,
,2025-08.csv,,,,,,,,,,,,,,,,,,
08/03/2019,2025-08.csv,,,,,,,,,,,,,,,,,,
08/07/2006,2025-08.csv,,,,,,,,,,,,,,,,,,
21/08/2008,2025-08.csv,,,,,,,,,,,,,,,,,,
,2025-08.csv,,,,,,,,,,,,,,,,,,
,2025-08.csv,,,,,,,,,,,,,,,,,,
,2025-08.csv,,,,,,,,,,,,,,,,,,
,2025-08.csv,,,,,,,,,,,,,,,,,,
,2025-08.csv,,,,,,,,,,,,,,,,,,
,2025-08.csv,,,,,,,,,,,,,,,,,,
,2025-08.csv,,,,,,,,,,,,,,,,,,
,2025-08.csv,,,,,,,,,,,,,,,,,,
,2025-08.csv,,,,,,,,,,,,,,,,,,
,2025-08.csv,,,,,,,,,,,,,,,,,,
,2025-08.csv,,,,,,,,,,,,,,,,,,
,2025-08.csv,,,,,,,,,,,,,,,,,,
,2025-08.csv,,,,,,,,,,,,,,,,,,
,2025-08.csv,,,,,,,,,,,,,,,,,,
,2025-08.csv,,,,,,,,,,,,,,,,,,
,2025-08.csv,,,,,,,,,,,,,,,,,,
17/12/2018,2025-08.csv,,,,,,,,,,,,,,,,,,
10/01/2019,2025-08.csv,,,,,,,,,,,,,,,,,,
,2025-08.csv,,,,,,,,,,,,,,,,,,
13/08/2019,2025-08.csv,,,,,,,,,,,,,,,,,,
18/10/2024,2025-08.csv,,,,,,,,,,,,,,,,,,
,2025-08.csv,,,,,,,,,,,,,,,,,,
03/01/2018,2025-08.csv,,,,,,,,,,,,,,,,,,
27/09/2017,2025-08.csv,,,,,,,,,,,,,,,,,,
,2025-08.csv,,,,,,,,,,,,,,,,,,
21/04/2017,2025-08.csv,,,,,,,,,,,,,,,,,,
30/09/2011,2025-08.csv,,,,,,,,,,,,,,,,,,
14/05/2018,2025-08.csv,,,,,,,,,,,,,,,,,,
16/12/2022,2025-08.csv,,,,,,,,,,,,,,,,,,
11/11/2017,2025-08.csv,,,,,,,,,,,,,,,,,,
12/02/2022,2025-08.csv,,,,,,,,,,,,,,,,,,
,2025-08.csv,,,,,,,,,,,,,,,,,,
12/08/2021,2025-08.csv,,,,,,,,,,,,,,,,,,
,2025-08.csv,,,,,,,,,,,,,,,,,,
,2025-08.csv,,,,,,,,,,,,,,,,,,
,2025-08.csv,,,,,,,,,,,,,,,,,,
,2025-08.csv,,,,,,,,,,,,,,,,,,
,2025-08.csv,,,,,,,,,,,,,,,,,,
,2025-08.csv,,,,,,,,,,,,,,,,,,
,2025-08.csv,,,,,,,,,,,,,,,,,,
,2025-08.csv,,,,,,,,,,,,,,,,,,
,2025-08.csv,,,,,,,,,,,,,,,,,,
,2025-08.csv,,,,,,,,,,,,,,,,,,
,2025-08.csv,,,,,,,,,,,,,,,,,,
,2025-08.csv,,,,,,,,,,,,,,,,,,
,2025-08.csv,,,,,,,,,,,,,,,,,,
,2025-08.csv,,,,,,,,,,,,,,,,,,
,2025-08.csv,,,,,,,,,,,,,,,,,,
,2025-08.csv,,,,,,,,,,,,,,,,,,
,2025-08.csv,,,,,,,,,,,,,,,,,,
,2025-08.csv,,,,,,,,,,,,,,,,,,
,2025-08.csv,,,,,,,,,,,,,,,,,,
,2025-08.csv,,,,,,,,,,,,,,,,,,
,2025-08.csv,,,,,,,,,,,,,,,,,,
,2025-08.csv,,,,,,,,,,,,,,,,,,
,2025-08.csv,,,,,,,,,,,,,,,,,,
,2025-08.csv,,,,,,,,,,,,,,,,,,
,2025-08.csv,,,,,,,,,,,,,,,,,,
,2025-08.csv,,,,,,,,,,,,,,,,,,
,2025-08.csv,,,,,,,,,,,,,,,,,,
,2025-08.csv,,,,,,,,,,,,,,,,,,
,2025-08.csv,,,,,,,,,,,,,,,,,,
,2025-08.csv,,,,,,,,,,,,,,,,,,
,2025-08.csv,,,,,,,,,,,,,,,,,,
,2025-08.csv,,,,,,,,,,,,,,,,,,
,2025-08.csv,,,,,,,,,,,,,,,,,,
,2025-08.csv,,,,,,,,,,,,,,,,,,
,2025-08.csv,,,,,,,,,,,,,,,,,,
,2025-08.csv,,,,,,,,,,,,,,,,,,
,2025-08.csv,,,,,,,,,,,,,,,,,,
,2025-08.csv,,,,,,,,,,,,,,,,,,
,2025-08.csv,,,,,,,,,,,,,,,,,,
,2025-08.csv,,,,,,,,,,,,,,,,,,
,2025-08.csv,,,,,,,,,,,,,,,,,,
,2025-08.csv,,,,,,,,,,,,,,,,,,
,2025-08.csv,,,,,,,,,,,,,,,,,,
,2025-08.csv,,,,,,,,,,,,,,,,,,
,2025-08.csv,,,,,,,,,,,,,,,,,,
,2025-08.csv,,,,,,,,,,,,,,,,,,
,2025-08.csv,,,,,,,,,,,,,,,,,,
,2025-08.csv,,,,,,,,,,,,,,,,,,
,2025-08.csv,,,,,,,,,,,,,,,,,,
,2025-08.csv,,,,,,,,,,,,,,,,,,
,2025-08.csv,,,,,,,,,,,,,,,,,,
,2025-08.csv,,,,,,,,,,,,,,,,,,
,2025-08.csv,,,,,,,,,,,,,,,,,,
,2025-08.csv,,,,,,,,,,,,,,,,,,
,2025-08.csv,,,,,,,,,,,,,,,,,,
,2025-08.csv,,,,,,,,,,,,,,,,,,
,2025-08.csv,,,,,,,,,,,,,,,,,,
,2025-08.csv,,,,,,,,,,,,,,,,,,
,2025-08.csv,,,,,,,,,,,,,,,,,,
,2025-08.csv,,,,,,,,,,,,,,,,,,
,2025-08.csv,,,,,,,,,,,,,,,,,,
,2025-08.csv,,,,,,,,,,,,,,,,,,
,2025-08.csv,,,,,,,,,,,,,,,,,,
,2025-08.csv,,,,,,,,,,,,,,,,,,
,2025-08.csv,,,,,,,,,,,,,,,,,,
,2025-08.csv,,,,,,,,,,,,,,,,,,
,2025-08.csv,,,,,,,,,,,,,,,,,,
,2025-08.csv,,,,,,,,,,,,,,,,,,
,2025-08.csv,,,,,,,,,,,,,,,,,,
,2025-08.csv,,,,,,,,,,,,,,,,,,
,2025-08.csv,,,,,,,,,,,,,,,,,,
,2025-08.csv,,,,,,,,,,,,,,,,,,
,2025-08.csv,,,,,,,,,,,,,,,,,,
,2025-08.csv,,,,,,,,,,,,,,,,,,
,2025-08.csv,,,,,,,,,,,,,,,,,,
,2025-08.csv,,,,,,,,,,,,,,,,,,
,2025-08.csv,,,,,,,,,,,,,,,,,,
,2025-08.csv,,,,,,,,,,,,,,,,,,
,2025-08.csv,,,,,,,,,,,,,,,,,,
,2025-08.csv,,,,,,,,,,,,,,,,,,
,2025-08.csv,,,,,,,,,,,,,,,,,,
,2025-08.csv,,,,,,,,,,,,,,,,,,
,2025-08.csv,,,,,,,,,,,,,,,,,,
,2025-08.csv,,,,,,,,,,,,,,,,,,
,2025-08.csv,,,,,,,,,,,,,,,,,,
,2025-08.csv,,,,,,,,,,,,,,,,,,
,2025-08.csv,,,,,,,,,,,,,,,,,,
,2025-08.csv,,,,,,,,,,,,,,,,,,
,2025-08.csv,,,,,,,,,,,,,,,,,,
,2025-08.csv,,,,,,,,,,,,,,,,,,
22/05/2018,2025-08.csv,,,,,,,,,,,,,,,,,,
27/02/2018,2025-08.csv,,,,,,,,,,,,,,,,,,
19/04/2023,2025-08.csv,,,,,,,,,,,,,,,,,,
,2025-08.csv,,,,,,,,,,,,,,,,,,
11/07/2013,2025-08.csv,,,,,,,,,,,,,,,,,,
12/09/2022,2025-08.csv,,,,,,,,,,,,,,,,,,
03/10/2024,2025-08.csv,,,,,,,,,,,,,,,,,,
14/09/2015,2025-08.csv,,,,,,,,,,,,,,,,,,
,2025-08.csv,,,,,,,,,,,,,,,,,,
07/03/2016,2025-08.csv,,,,,,,,,,,,,,,,,,
04/09/2015,2025-08.csv,,,,,,,,,,,,,,,,,,
,2025-08.csv,,,,,,,,,,,,,,,,,,
,2025-08.csv,,,,,,,,,,,,,,,,,,
,2025-08.csv,,,,,,,,,,,,,,,,,,
03/02/2023,2025-08.csv,,,,,,,,,,,,,,,,,,
,2025-08.csv,,,,,,,,,,,,,,,,,,
,2025-08.csv,,,,,,,,,,,,,,,,,,
20/04/2017,2025-08.csv,,,,,,,,,,,,,,,,,,
01/05/2022,2025-08.csv,,,,,,,,,,,,,,,,,,
01/06/2022,2025-08.csv,,,,,,,,,,,,,,,,,,
01/01/1999,2025-08.csv,,,,,,,,,,,,,,,,,,
19/02/2024,2025-08.csv,,,,,,,,,,,,,,,,,,
01/04/2019,2025-08.csv,,,,,,,,,,,,,,,,,,
30/04/2020,2025-08.csv,,,,,,,,,,,,,,,,,,
01/04/2019,2025-08.csv,,,,,,,,,,,,,,,,,,
31/03/2013,2025-08.csv,,,,,,,,,,,,,,,,,,
25/10/2023,2025-08.csv,,,,,,,,,,,,,,,,,,
29/06/2018,2025-08.csv,,,,,,,,,,,,,,,,,,
25/05/2023,2025-08.csv,,,,,,,,,,,,,,,,,,
19/08/2024,2025-08.csv,,,,,,,,,,,,,,,,,,
18/11/2021,2025-08.csv,,,,,,,,,,,,,,,,,,
01/08/2019,2025-08.csv,,,,,,,,,,,,,,,,,,
01/07/2020,2025-08.csv,,,,,,,,,,,,,,,,,,
03/10/2018,2025-08.csv,,,,,,,,,,,,,,,,,,
01/04/2019,2025-08.csv,,,,,,,,,,,,,,,,,,
20/02/2018,2025-08.csv,,,,,,,,,,,,,,,,,,
19/08/2024,2025-08.csv,,,,,,,,,,,,,,,,,,
01/01/2019,2025-08.csv,,,,,,,,,,,,,,,,,,
31/03/2016,2025-08.csv,,,,,,,,,,,,,,,,,,
15/03/2010,2025-08.csv,,,,,,,,,,,,,,,,,,
07/10/2022,2025-08.csv,,,,,,,,,,,,,,,,,,
07/09/2020,2025-08.csv,,,,,,,,,,,,,,,,,,
05/10/2015,2025-08.csv,,,,,,,,,,,,,,,,,,
11/07/2020,2025-08.csv,,,,,,,,,,,,,,,,,,
31/03/2009,2025-08.csv,,,,,,,,,,,,,,,,,,
01/03/2018,2025-08.csv,,,,,,,,,,,,,,,,,,
01/02/2023,2025-08.csv,,,,,,,,,,,,,,,,,,
01/06/2022,2025-08.csv,,,,,,,,,,,,,,,,,,
,2025-08.csv,,,,,,,,,,,,,,,,,,
30/01/2014,2025-08.csv,,,,,,,,,,,,,,,,,,
19/08/2024,2025-08.csv,,,,,,,,,,,,,,,,,,
10/11/2017,2025-08.csv,,,,,,,,,,,,,,,,,,
15/02/2018,2025-08.csv,,,,,,,,,,,,,,,,,,
,2025-08.csv,,,,,,,,,,,,,,,,,,
31/03/2013,2025-08.csv,,,,,,,,,,,,,,,,,,
19/11/2008,2025-08.csv,,,,,,,,,,,,,,,,,,
01/10/2018,2025-08.csv,,,,,,,,,,,,,,,,,,
,2025-08.csv,,,,,,,,,,,,,,,,,,
25/08/2023,2025-08.csv,,,,,,,,,,,,,,,,,,
,2025-08.csv,,,,,,,,,,,,,,,,,,
29/12/2010,2025-08.csv,,,,,,,,,,,,,,,,,,
01/03/2019,2025-08.csv,,,,,,,,,,,,,,,,,,
,2025-08.csv,,,,,,,,,,,,,,,,,,
,2025-08.csv,,,,,,,,,,,,,,,,,,
15/07/2009,2025-08.csv,,,,,,,,,,,,,,,,,,
01/11/2021,2025-08.csv,,,,,,,,,,,,,,,,,,
01/01/2023,2025-08.csv,,,,,,,,,,,,,,,,,,
,2025-08.csv,,,,,,,,,,,,,,,,,,
31/03/2022,2025-08.csv,,,,,,,,,,,,,,,,,,
31/01/2019,2025-08.csv,,,,,,,,,,,,,,,,,,
26/08/2015,2025-08.csv,,,,,,,,,,,,,,,,,,
22/11/2016,2025-08.csv,,,,,,,,,,,,,,,,,,
,2025-08.csv,,,,,,,,,,,,,,,,,,
03/01/2023,2025-08.csv,,,,,,,,,,,,,,,,,,
,2025-08.csv,,,,,,,,,,,,,,,,,,
25/08/2023,2025-08.csv,,,,,,,,,,,,,,,,,,
06/12/2023,2025-08.csv,,,,,,,,,,,,,,,,,,
04/10/2017,2025-08.csv,,,,,,,,,,,,,,,,,,
25/08/2023,2025-08.csv,,,,,,,,,,,,,,,,,,
31/03/2016,2025-08.csv,,,,,,,,,,,,,,,,,,
31/03/2016,2025-08.csv,,,,,,,,,,,,,,,,,,
20/02/2013,2025-08.csv,,,,,,,,,,,,,,,,,,
08/12/2015,2025-08.csv,,,,,,,,,,,,,,,,,,
02/09/2016,2025-08.csv,,,,,,,,,,,,,,,,,,
,2025-08.csv,,,,,,,,,,,,,,,,,,
15/03/2010,2025-08.csv,,,,,,,,,,,,,,,,,,
03/04/2023,2025-08.csv,,,,,,,,,,,,,,,,,,
19/08/2002,2025-08.csv,,,,,,,,,,,,,,,,,,
,2025-08.csv,,,,,,,,,,,,,,,,,,
19/04/2023,2025-08.csv,,,,,,,,,,,,,,,,,,
01/04/2013,2025-08.csv,,,,,,,,,,,,,,,,,,
09/09/2022,2025-08.csv,,,,,,,,,,,,,,,,,,
01/07/2011,2025-08.csv,,,,,,,,,,,,,,,,,,
,2025-08.csv,,,,,,,,,,,,,,,,,,
29/01/2018,2025-08.csv,,,,,,,,,,,,,,,,,,
09/04/2025,2025-08.csv,,,,,,,,,,,,,,,,,,
01/03/2023,2025-08.csv,,,,,,,,,,,,,,,,,,
,2025-08.csv,,,,,,,,,,,,,,,,,,
01/04/2019,2025-08.csv,,,,,,,,,,,,,,,,,,
,2025-08.csv,,,,,,,,,,,,,,,,,,
31/03/2017,2025-08.csv,,,,,,,,,,,,,,,,,,
30/09/2020,2025-08.csv,,,,,,,,,,,,,,,,,,
31/03/2011,2025-08.csv,,,,,,,,,,,,,,,,,,
05/10/2007,2025-08.csv,,,,,,,,,,,,,,,,,,
,2025-08.csv,,,,,,,,,,,,,,,,,,
01/06/2022,2025-08.csv,,,,,,,,,,,,,,,,,,
31/03/2010,2025-08.csv,,,,,,,,,,,,,,,,,,
,2025-08.csv,,,,,,,,,,,,,,,,,,
01/04/2014,2025-08.csv,,,,,,,,,,,,,,,,,,
21/08/2019,2025-08.csv,,,,,,,,,,,,,,,,,,
02/09/2016,2025-08.csv,,,,,,,,,,,,,,,,,,
08/12/2015,2025-08.csv,,,,,,,,,,,,,,,,,,
,2025-08.csv,,,,,,,,,,,,,,,,,,
01/11/2018,2025-08.csv,,,,,,,,,,,,,,,,,,
10/11/2017,2025-08.csv,,,,,,,,,,,,,,,,,,
,2025-08.csv,,,,,,,,,,,,,,,,,,
21/08/2015,2025-08.csv,,,,,,,,,,,,,,,,,,
18/02/2018,2025-08.csv,,,,,,,,,,,,,,,,,,
04/07/2017,2025-08.csv,,,,,,,,,,,,,,,,,,
30/09/2016,2025-08.csv,,,,,,,,,,,,,,,,,,
01/03/2018,2025-08.csv,,,,,,,,,,,,,,,,,,
08/09/2016,2025-08.csv,,,,,,,,,,,,,,,,,,
31/03/2013,2025-08.csv,,,,,,,,,,,,,,,,,,
28/06/2010,2025-08.csv,,,,,,,,,,,,,,,,,,
,2025-08.csv,,,,,,,,,,,,,,,,,,
05/03/2010,2025-08.csv,,,,,,,,,,,,,,,,,,
02/06/2022,2025-08.csv,,,,,,,,,,,,,,,,,,
27/01/2014,2025-08.csv,,,,,,,,,,,,,,,,,,
28/07/2015,2025-08.csv,,,,,,,,,,,,,,,,,,
08/08/2024,2025-08.csv,,,,,,,,,,,,,,,,,,
,2025-08.csv,,,,,,,,,,,,,,,,,,
01/08/2022,2025-08.csv,,,,,,,,,,,,,,,,,,
02/06/2016,2025-08.csv,,,,,,,,,,,,,,,,,,
31/03/2016,2025-08.csv,,,,,,,,,,,,,,,,,,
,2025-08.csv,,,,,,,,,,,,,,,,,,
31/03/2013,2025-08.csv,,,,,,,,,,,,,,,,,,
20/04/2019,2025-08.csv,,,,,,,,,,,,,,,,,,
05/09/2016,2025-08.csv,,,,,,,,,,,,,,,,,,
11/04/2025,2025-08.csv,,,,,,,,,,,,,,,,,,
05/03/2016,2025-08.csv,,,,,,,,,,,,,,,,,,
,2025-08.csv,,,,,,,,,,,,,,,,,,
31/03/1994,2025-08.csv,,,,,,,,,,,,,,,,,,
04/11/2004,2025-08.csv,,,,,,,,,,,,,,,,,,
26/08/2022,2025-08.csv,,,,,,,,,,,,,,,,,,
08/12/2015,2025-08.csv,,,,,,,,,,,,,,,,,,
,2025-08.csv,,,,,,,,,,,,,,,,,,
31/03/2009,2025-08.csv,,,,,,,,,,,,,,,,,,
03/04/2023,2025-08.csv,,,,,,,,,,,,,,,,,,
01/01/2014,2025-08.csv,,,,,,,,,,,,,,,,,,
,2025-08.csv,,,,,,,,,,,,,,,,,,
22/03/2017,2025-08.csv,,,,,,,,,,,,,,,,,,
24/01/2007,2025-08.csv,,,,,,,,,,,,,,,,,,
27/08/2021,2025-08.csv,,,,,,,,,,,,,,,,,,
01/03/2019,2025-08.csv,,,,,,,,,,,,,,,,,,
,2025-08.csv,,,,,,,,,,,,,,,,,,
19/02/2024,2025-08.csv,,,,,,,,,,,,,,,,,,
,2025-08.csv,,,,,,,,,,,,,,,,,,
19/08/2024,2025-08.csv,,,,,,,,,,,,,,,,,,
01/09/2022,2025-08.csv,,,,,,,,,,,,,,,,,,
16/07/2016,2025-08.csv,,,,,,,,,,,,,,,,,,
,2025-08.csv,,,,,,,,,,,,,,,,,,
01/04/2012,2025-08.csv,,,,,,,,,,,,,,,,,,
11/12/2015,2025-08.csv,,,,,,,,,,,,,,,,,,
,2025-08.csv,,,,,,,,,,,,,,,,,,
17/01/2017,2025-08.csv,,,,,,,,,,,,,,,,,,
01/09/2012,2025-08.csv,,,,,,,,,,,,,,,,,,
27/05/2019,2025-08.csv,,,,,,,,,,,,,,,,,,
08/12/2015,2025-08.csv,,,,,,,,,,,,,,,,,,
25/08/2023,2025-08.csv,,,,,,,,,,,,,,,,,,
25/09/2019,2025-08.csv,,,,,,,,,,,,,,,,,,
01/04/2019,2025-08.csv,,,,,,,,,,,,,,,,,,
09/05/2008,2025-08.csv,,,,,,,,,,,,,,,,,,
30/11/2016,2025-08.csv,,,,,,,,,,,,,,,,,,
31/03/2015,2025-08.csv,,,,,,,,,,,,,,,,,,
,2025-08.csv,,,,,,,,,,,,,,,,,,
01/03/2018,2025-08.csv,,,,,,,,,,,,,,,,,,
,2025-08.csv,,,,,,,,,,,,,,,,,,
31/03/2012,2025-08.csv,,,,,,,,,,,,,,,,,,
24/07/2008,2025-08.csv,,,,,,,,,,,,,,,,,,
01/10/2019,2025-08.csv,,,,,,,,,,,,,,,,,,
31/03/1983,2025-08.csv,,,,,,,,,,,,,,,,,,
07/03/2019,2025-08.csv,,,,,,,,,,,,,,,,,,
,2025-08.csv,,,,,,,,,,,,,,,,,,
,2025-08.csv,,,,,,,,,,,,,,,,,,
01/02/2023,2025-08.csv,,,,,,,,,,,,,,,,,,
,2025-08.csv,,,,,,,,,,,,,,,,,,
,2025-08.csv,,,,,,,,,,,,,,,,,,
19/06/2012,2025-08.csv,,,,,,,,,,,,,,,,,,
31/03/2008,2025-08.csv,,,,,,,,,,,,,,,,,,
01/04/2017,2025-08.csv,,,,,,,,,,,,,,,,,,
07/10/2021,2025-08.csv,,,,,,,,,,,,,,,,,,
,2025-08.csv,,,,,,,,,,,,,,,,,,
02/11/2010,2025-08.csv,,,,,,,,,,,,,,,,,,
,2025-08.csv,,,,,,,,,,,,,,,,,,
,2025-08.csv,,,,,,,,,,,,,,,,,,
31/08/2023,2025-08.csv,,,,,,,,,,,,,,,,,,
,2025-08.csv,,,,,,,,,,,,,,,,,,
01/04/2019,2025-08.csv,,,,,,,,,,,,,,,,,,
01/05/2022,2025-08.csv,,,,,,,,,,,,,,,,,,
15/11/2007,2025-08.csv,,,,,,,,,,,,,,,,,,
30/05/2017,2025-08.csv,,,,,,,,,,,,,,,,,,
31/03/2014,2025-08.csv,,,,,,,,,,,,,,,,,,
21/11/2022,2025-08.csv,,,,,,,,,,,,,,,,,,
08/08/2022,2025-08.csv,,,,,,,,,,,,,,,,,,
,2025-08.csv,,,,,,,,,,,,,,,,,,
10/06/2016,2025-08.csv,,,,,,,,,,,,,,,,,,
13/02/2024,2025-08.csv,,,,,,,,,,,,,,,,,,
01/02/2023,2025-08.csv,,,,,,,,,,,,,,,,,,
24/11/2024,2025-08.csv,,,,,,,,,,,,,,,,,,
07/10/2021,2025-08.csv,,,,,,,,,,,,,,,,,,
08/09/2016,2025-08.csv,,,,,,,,,,,,,,,,,,
31/03/2001,2025-08.csv,,,,,,,,,,,,,,,,,,
31/03/2016,2025-08.csv,,,,,,,,,,,,,,,,,,
,2025-08.csv,,,,,,,,,,,,,,,,,,
01/04/2008,2025-08.csv,,,,,,,,,,,,,,,,,,
31/03/2008,2025-08.csv,,,,,,,,,,,,,,,,,,
,2025-08.csv,,,,,,,,,,,,,,,,,,
24/01/2023,2025-08.csv,,,,,,,,,,,,,,,,,,
,2025-08.csv,,,,,,,,,,,,,,,,,,
28/04/2023,2025-08.csv,,,,,,,,,,,,,,,,,,
24/01/2023,2025-08.csv,,,,,,,,,,,,,,,,,,
01/04/2016,2025-08.csv,,,,,,,,,,,,,,,,,,
01/02/2023,2025-08.csv,,,,,,,,,,,,,,,,,,
05/03/2024,2025-08.csv,,,,,,,,,,,,,,,,,,
10/11/2016,2025-08.csv,,,,,,,,,,,,,,,,,,
,2025-08.csv,,,,,,,,,,,,,,,,,,
01/03/2018,2025-08.csv,,,,,,,,,,,,,,,,,,
02/08/2019,2025-08.csv,,,,,,,,,,,,,,,,,,
10/08/2017,2025-08.csv,,,,,,,,,,,,,,,,,,
15/12/2023,2025-08.csv,,,,,,,,,,,,,,,,,,
,2025-08.csv,,,,,,,,,,,,,,,,,,
03/02/2023,2025-08.csv,,,,,,,,,,,,,,,,,,
01/05/2022,2025-08.csv,,,,,,,,,,,,,,,,,,
01/11/2015,2025-08.csv,,,,,,,,,,,,,,,,,,
,2025-08.csv,,,,,,,,,,,,,,,,,,
01/12/2022,2025-08.csv,,,,,,,,,,,,,,,,,,
,2025-08.csv,,,,,,,,,,,,,,,,,,
30/10/2009,2025-08.csv,,,,,,,,,,,,,,,,,,
,2025-08.csv,,,,,,,,,,,,,,,,,,
,2025-08.csv,,,,,,,,,,,,,,,,,,
01/07/2018,2025-08.csv,,,,,,,,,,,,,,,,,,
31/03/2004,2025-08.csv,,,,,,,,,,,,,,,,,,
31/03/2001,2025-08.csv,,,,,,,,,,,,,,,,,,
21/07/2022,2025-08.csv,,,,,,,,,,,,,,,,,,
16/09/2016,2025-08.csv,,,,,,,,,,,,,,,,,,
24/11/2016,2025-08.csv,,,,,,,,,,,,,,,,,,
21/07/2008,2025-08.csv,,,,,,,,,,,,,,,,,,
17/04/2025,2025-08.csv,,,,,,,,,,,,,,,,,,
,2025-08.csv,,,,,,,,,,,,,,,,,,
28/08/2017,2025-08.csv,,,,,,,,,,,,,,,,,,
29/10/2013,2025-08.csv,,,,,,,,,,,,,,,,,,
01/05/2022,2025-08.csv,,,,,,,,,,,,,,,,,,
22/04/2016,2025-08.csv,,,,,,,,,,,,,,,,,,
24/08/2016,2025-08.csv,,,,,,,,,,,,,,,,,,
10/06/2016,2025-08.csv,,,,,,,,,,,,,,,,,,
,2025-08.csv,,,,,,,,,,,,,,,,,,
17/05/2017,2025-08.csv,,,,,,,,,,,,,,,,,,
20/12/2017,2025-08.csv,,,,,,,,,,,,,,,,,,
28/02/2008,2025-08.csv,,,,,,,,,,,,,,,,,,
25/08/2023,2025-08.csv,,,,,,,,,,,,,,,,,,
,2025-08.csv,,,,,,,,,,,,,,,,,,
,2025-08.csv,,,,,,,,,,,,,,,,,,
,2025-08.csv,,,,,,,,,,,,,,,,,,
,2025-08.csv,,,,,,,,,,,,,,,,,,
,2025-08.csv,,,,,,,,,,,,,,,,,,
30/12/2020,2025-08.csv,,,,,,,,,,,,,,,,,,
30/12/2020,2025-08.csv,,,,,,,,,,,,,,,,,,
,2025-08.csv,,,,,,,,,,,,,,,,,,
19/07/2021,2025-08.csv,,,,,,,,,,,,,,,,,,
05/07/2016,2025-08.csv,,,,,,,,,,,,,,,,,,
,2025-08.csv,,,,,,,,,,,,,,,,,,
,2025-08.csv,,,,,,,,,,,,,,,,,,
23/05/2022,2025-08.csv,,,,,,,,,,,,,,,,,,
,2025-08.csv,,,,,,,,,,,,,,,,,,
,2025-08.csv,,,,,,,,,,,,,,,,,,
,2025-08.csv,,,,,,,,,,,,,,,,,,
,2025-08.csv,,,,,,,,,,,,,,,,,,
28/11/2014,2025-08.csv,,,,,,,,,,,,,,,,,,
21/01/2022,2025-08.csv,,,,,,,,,,,,,,,,,,
07/09/2024,2025-08.csv,,,,,,,,,,,,,,,,,,
30/03/2015,2025-08.csv,,,,,,,,,,,,,,,,,,
10/11/2015,2025-08.csv,,,,,,,,,,,,,,,,,,
09/11/2023,2025-08.csv,,,,,,,,,,,,,,,,,,
,2025-08.csv,,,,,,,,,,,,,,,,,,
,2025-08.csv,,,,,,,,,,,,,,,,,,
,2025-08.csv,,,,,,,,,,,,,,,,,,
20/01/2025,2025-08.csv,,,,,,,,,,,,,,,,,,
26/07/2024,2025-08.csv,,,,,,,,,,,,,,,,,,
,2025-08.csv,,,,,,,,,,,,,,,,,,
07/11/2024,2025-08.csv,,,,,,,,,,,,,,,,,,
08/09/2023,2025-08.csv,,,,,,,,,,,,,,,,,,
,2025-08.csv,,,,,,,,,,,,,,,,,,
,2025-08.csv,,,,,,,,,,,,,,,,,,
,2025-08.csv,,,,,,,,,,,,,,,,,,
09/09/2024,2025-08.csv,,,,,,,,,,,,,,,,,,
13/12/2019,2025-08.csv,,,,,,,,,,,,,,,,,,
01/11/2020,2025-08.csv,,,,,,,,,,,,,,,,,,
,2025-08.csv,,,,,,,,,,,,,,,,,,
19/07/2017,2025-08.csv,,,,,,,,,,,,,,,,,,
,2025-08.csv,,,,,,,,,,,,,,,,,,
,2025-08.csv,,,,,,,,,,,,,,,,,,
,2025-08.csv,,,,,,,,,,,,,,,,,,
,2025-08.csv,,,,,,,,,,,,,,,,,,
,2025-08.csv,,,,,,,,,,,,,,,,,,
17/11/2021,2025-08.csv,,,,,,,,,,,,,,,,,,
19/09/2019,2025-08.csv,,,,,,,,,,,,,,,,,,
09/12/2020,2025-08.csv,,,,,,,,,,,,,,,,,,
27/07/2022,2025-08.csv,,,,,,,,,,,,,,,,,,
09/10/2014,2025-08.csv,,,,,,,,,,,,,,,,,,
22/02/2019,2025-08.csv,,,,,,,,,,,,,,,,,,
12/08/2024,2025-08.csv,,,,,,,,,,,,,,,,,,
21/03/2025,2025-08.csv,,,,,,,,,,,,,,,,,,
01/05/2023,2025-08.csv,,,,,,,,,,,,,,,,,,
24/03/2025,2025-08.csv,,,,,,,,,,,,,,,,,,
15/10/2024,2025-08.csv,,,,,,,,,,,,,,,,,,
18/02/2025,2025-08.csv,,,,,,,,,,,,,,,,,,
18/02/2025,2025-08.csv,,,,,,,,,,,,,,,,,,
31/03/2021,2025-08.csv,,,,,,,,,,,,,,,,,,
02/09/2024,2025-08.csv,,,,,,,,,,,,,,,,,,
25/11/2024,2025-08.csv,,,,,,,,,,,,,,,,,,
21/03/2023,2025-08.csv,,,,,,,,,,,,,,,,,,
07/06/2024,2025-08.csv,,,,,,,,,,,,,,,,,,
01/12/2014,2025-08.csv,,,,,,,,,,,,,,,,,,
07/11/2024,2025-08.csv,,,,,,,,,,,,,,,,,,
24/03/2025,2025-08.csv,,,,,,,,,,,,,,,,,,
16/01/2025,2025-08.csv,,,,,,,,,,,,,,,,,,
13/01/2022,2025-08.csv,,,,,,,,,,,,,,,,,,
21/03/2023,2025-08.csv,,,,,,,,,,,,,,,,,,
21/03/2023,2025-08.csv,,,,,,,,,,,,,,,,,,
15/07/2024,2025-08.csv,,,,,,,,,,,,,,,,,,
09/02/2024,2025-08.csv,,,,,,,,,,,,,,,,,,
21/03/2025,2025-08.csv,,,,,,,,,,,,,,,,,,
26/12/2023,2025-08.csv,,,,,,,,,,,,,,,,,,
27/09/2023,2025-08.csv,,,,,,,,,,,,,,,,,,
09/02/2024,2025-08.csv,,,,,,,,,,,,,,,,,,
26/12/2023,2025-08.csv,,,,,,,,,,,,,,,,,,
04/06/2025,2025-08.csv,,,,,,,,,,,,,,,,,,
01/02/2022,2025-08.csv,,,,,,,,,,,,,,,,,,
30/05/2024,2025-08.csv,,,,,,,,,,,,,,,,,,
01/11/2023,2025-08.csv,,,,,,,,,,,,,,,,,,
01/07/2023,2025-08.csv,,,,,,,,,,,,,,,,,,
15/10/2024,2025-08.csv,,,,,,,,,,,,,,,,,,
19/11/2024,2025-08.csv,,,,,,,,,,,,,,,,,,
07/11/2024,2025-08.csv,,,,,,,,,,,,,,,,,,
27/12/2023,2025-08.csv,,,,,,,,,,,,,,,,,,
27/12/2023,2025-08.csv,,,,,,,,,,,,,,,,,,
15/10/2024,2025-08.csv,,,,,,,,,,,,,,,,,,
19/08/2024,2025-08.csv,,,,,,,,,,,,,,,,,,
22/08/2024,2025-08.csv,,,,,,,,,,,,,,,,,,
19/08/2024,2025-08.csv,,,,,,,,,,,,,,,,,,
23/08/2024,2025-08.csv,,,,,,,,,,,,,,,,,,
12/11/2024,2025-08.csv,,,,,,,,,,,,,,,,,,
12/11/2024,2025-08.csv,,,,,,,,,,,,,,,,,,
30/12/2024,2025-08.csv,,,,,,,,,,,,,,,,,,
27/09/2023,2025-08.csv,,,,,,,,,,,,,,,,,,
26/10/2023,2025-08.csv,,,,,,,,,,,,,,,,,,
30/10/2023,2025-08.csv,,,,,,,,,,,,,,,,,,
01/11/2023,2025-08.csv,,,,,,,,,,,,,,,,,,
01/12/2021,2025-08.csv,,,,,,,,,,,,,,,,,,
01/12/2022,2025-08.csv,,,,,,,,,,,,,,,,,,
24/03/2025,2025-08.csv,,,,,,,,,,,,,,,,,,
23/11/2022,2025-08.csv,,,,,,,,,,,,,,,,,,
01/03/2022,2025-08.csv,,,,,,,,,,,,,,,,,,
10/12/2024,2025-08.csv,,,,,,,,,,,,,,,,,,
27/03/2025,2025-08.csv,,,,,,,,,,,,,,,,,,
30/08/2024,2025-08.csv,,,,,,,,,,,,,,,,,,
11/05/2022,2025-08.csv,,,,,,,,,,,,,,,,,,
01/02/2022,2025-08.csv,,,,,,,,,,,,,,,,,,
28/03/2023,2025-08.csv,,,,,,,,,,,,,,,,,,
10/01/2025,2025-08.csv,,,,,,,,,,,,,,,,,,
01/02/2023,2025-08.csv,,,,,,,,,,,,,,,,,,
27/05/2019,2025-08.csv,,,,,,,,,,,,,,,,,,
17/11/2014,2025-08.csv,,,,,,,,,,,,,,,,,,
09/03/2019,2025-08.csv,,,,,,,,,,,,,,,,,,
30/11/2018,2025-08.csv,,,,,,,,,,,,,,,,,,
07/06/2021,2025-08.csv,,,,,,,,,,,,,,,,,,
21/02/2014,2025-08.csv,,,,,,,,,,,,,,,,,,
28/03/2024,2025-08.csv,,,,,,,,,,,,,,,,,,
03/01/2025,2025-08.csv,,,,,,,,,,,,,,,,,,
07/03/2019,2025-08.csv,,,,,,,,,,,,,,,,,,
,2025-08.csv,,,,,,,,,,,,,,,,,,
30/11/2018,2025-08.csv,,,,,,,,,,,,,,,,,,
,2025-08.csv,,,,,,,,,,,,,,,,,,
27/05/2019,2025-08.csv,,,,,,,,,,,,,,,,,,
21/11/2022,2025-08.csv,,,,,,,,,,,,,,,,,,
18/07/2013,2025-08.csv,,,,,,,,,,,,,,,,,,
29/12/2022,2025-08.csv,,,,,,,,,,,,,,,,,,
,2025-08.csv,,,,,,,,,,,,,,,,,,
27/02/2019,2025-08.csv,,,,,,,,,,,,,,,,,,
23/10/2023,2025-08.csv,,,,,,,,,,,,,,,,,,
04/09/2024,2025-08.csv,,,,,,,,,,,,,,,,,,
09/03/2019,2025-08.csv,,,,,,,,,,,,,,,,,,
06/05/2020,2025-08.csv,,,,,,,,,,,,,,,,,,
12/10/2017,2025-08.csv,,,,,,,,,,,,,,,,,,
10/05/2018,2025-08.csv,,,,,,,,,,,,,,,,,,
06/05/2020,2025-08.csv,,,,,,,,,,,,,,,,,,
11/08/2017,2025-08.csv,,,,,,,,,,,,,,,,,,
11/08/2017,2025-08.csv,,,,,,,,,,,,,,,,,,
08/03/2010,2025-08.csv,,,,,,,,,,,,,,,,,,
08/03/2010,2025-08.csv,,,,,,,,,,,,,,,,,,
,2025-08.csv,,,,,,,,,,,,,,,,,,
,2025-08.csv,,,,,,,,,,,,,,,,,,
,2025-08.csv,,,,,,,,,,,,,,,,,,
,2025-08.csv,,,,,,,,,,,,,,,,,,
,2025-08.csv,,,,,,,,,,,,,,,,,,
,2025-08.csv,,,,,,,,,,,,,,,,,,
,2025-08.csv,,,,,,,,,,,,,,,,,,
,2025-08.csv,,,,,,,,,,,,,,,,,,
,2025-08.csv,,,,,,,,,,,,,,,,,,
,2025-08.csv,,,,,,,,,,,,,,,,,,
,2025-08.csv,,,,,,,,,,,,,,,,,,
,2025-08.csv,,,,,,,,,,,,,,,,,,
,2025-08.csv,,,,,,,,,,,,,,,,,,
,2025-08.csv,,,,,,,,,,,,,,,,,,
,2025-08.csv,,,,,,,,,,,,,,,,,,
,2025-08.csv,,,,,,,,,,,,,,,,,,
,2025-08.csv,,,,,,,,,,,,,,,,,,
,2025-08.csv,,,,,,,,,,,,,,,,,,
,2025-08.csv,,,,,,,,,,,,,,,,,,
,2025-08.csv,,,,,,,,,,,,,,,,,,
,2025-08.csv,,,,,,,,,,,,,,,,,,
,2025-08.csv,,,,,,,,,,,,,,,,,,
,2025-08.csv,,,,,,,,,,,,,,,,,,
,2025-08.csv,,,,,,,,,,,,,,,,,,
,2025-08.csv,,,,,,,,,,,,,,,,,,
,2025-08.csv,,,,,,,,,,,,,,,,,,
,2025-08.csv,,,,,,,,,,,,,,,,,,
,2025-08.csv,,,,,,,,,,,,,,,,,,
,2025-08.csv,,,,,,,,,,,,,,,,,,
,2025-08.csv,,,,,,,,,,,,,,,,,,
,2025-08.csv,,,,,,,,,,,,,,,,,,
01/04/2017,2025-08.csv,,,,,,,,,,,,,,,,,,
11/12/2017,2025-08.csv,,,,,,,,,,,,,,,,,,
,2025-08.csv,,,,,,,,,,,,,,,,,,
,2025-08.csv,,,,,,,,,,,,,,,,,,
,2025-08.csv,,,,,,,,,,,,,,,,,,
,2025-08.csv,,,,,,,,,,,,,,,,,,
31/10/2023,2025-08.csv,,,,,,,,,,,,,,,,,,
,2025-08.csv,,,,,,,,,,,,,,,,,,
,2025-08.csv,,,,,,,,,,,,,,,,,,
,2025-08.csv,,,,,,,,,,,,,,,,,,
,2025-08.csv,,,,,,,,,,,,,,,,,,
,2025-08.csv,,,,,,,,,,,,,,,,,,
,2025-08.csv,,,,,,,,,,,,,,,,,,
,2025-08.csv,,,,,,,,,,,,,,,,,,
,2025-08.csv,,,,,,,,,,,,,,,,,,
,2025-08.csv,,,,,,,,,,,,,,,,,,
,2025-08.csv,,,,,,,,,,,,,,,,,,
01/02/2009,2025-08.csv,,,,,,,,,,,,,,,,,,
,2025-08.csv,,,,,,,,,,,,,,,,,,
,2025-08.csv,,,,,,,,,,,,,,,,,,
,2025-08.csv,,,,,,,,,,,,,,,,,,
03/02/2016,2025-08.csv,,,,,,,,,,,,,,,,,,
,2025-08.csv,,,,,,,,,,,,,,,,,,
,2025-08.csv,,,,,,,,,,,,,,,,,,
,2025-08.csv,,,,,,,,,,,,,,,,,,
,2025-08.csv,,,,,,,,,,,,,,,,,,
08/02/2010,2025-08.csv,,,,,,,,,,,,,,,,,,
,2025-08.csv,,,,,,,,,,,,,,,,,,
,2025-08.csv,,,,,,,,,,,,,,,,,,
,2025-08.csv,,,,,,,,,,,,,,,,,,
02/01/2022,2025-08.csv,,,,,,,,,,,,,,,,,,
,2025-08.csv,,,,,,,,,,,,,,,,,,
,2025-08.csv,,,,,,,,,,,,,,,,,,
,2025-08.csv,,,,,,,,,,,,,,,,,,
Sanction Date,2026-05.csv,,,,,,,,,,,,,,,,,,
01/11/2021,2026-05.csv,,,,,,,,,,,,,,,,,,
30/12/2022,2026-05.csv,,,,,,,,,,,,,,,,,,
04/10/2018,2026-05.csv,,,,,,,,,,,,,,,,,,
02/06/2023,2026-05.csv,,,,,,,,,,,,,,,,,,
02/06/2023,2026-05.csv,,,,,,,,,,,,,,,,,,
10/03/2023,2026-05.csv,,,,,,,,,,,,,,,,,,
21/06/2023,2026-05.csv,,,,,,,,,,,,,,,,,,
17/06/2020,2026-05.csv,,,,,,,,,,,,,,,,,,
01/06/2022,2026-05.csv,,,,,,,,,,,,,,,,,,
10/10/2023,2026-05.csv,,,,,,,,,,,,,,,,,,
27/07/2018,2026-05.csv,,,,,,,,,,,,,,,,,,
07/06/2023,2026-05.csv,,,,,,,,,,,,,,,,,,
14/06/2022,2026-05.csv,,,,,,,,,,,,,,,,,,
12/01/2024,2026-05.csv,,,,,,,,,,,,,,,,,,
04/07/2024,2026-05.csv,,,,,,,,,,,,,,,,,,
03/07/2024,2026-05.csv,,,,,,,,,,,,,,,,,,
29/08/2024,2026-05.csv,,,,,,,,,,,,,,,,,,
28/08/2024,2026-05.csv,,,,,,,,,,,,,,,,,,
29/08/2025,2026-05.csv,,,,,,,,,,,,,,,,,,
18/06/2024,2026-05.csv,,,,,,,,,,,,,,,,,,
09/11/2017,2026-05.csv,,,,,,,,,,,,,,,,,,
01/12/2016,2026-05.csv,,,,,,,,,,,,,,,,,,
14/05/2018,2026-05.csv,,,,,,,,,,,,,,,,,,
04/03/2023,2026-05.csv,,,,,,,,,,,,,,,,,,
18/12/2020,2026-05.csv,,,,,,,,,,,,,,,,,,
21/11/2023,2026-05.csv,,,,,,,,,,,,,,,,,,
25/07/2016,2026-05.csv,,,,,,,,,,,,,,,,,,
16/11/2018,2026-05.csv,,,,,,,,,,,,,,,,,,
05/03/2016,2026-05.csv,,,,,,,,,,,,,,,,,,
10/09/2024,2026-05.csv,,,,,,,,,,,,,,,,,,
04/01/2023,2026-05.csv,,,,,,,,,,,,,,,,,,
19/09/2022,2026-05.csv,,,,,,,,,,,,,,,,,,
22/09/2018,2026-05.csv,,,,,,,,,,,,,,,,,,
12/08/2015,2026-05.csv,,,,,,,,,,,,,,,,,,
04/02/2015,2026-05.csv,,,,,,,,,,,,,,,,,,
25/07/2015,2026-05.csv,,,,,,,,,,,,,,,,,,
26/04/2024,2026-05.csv,,,,,,,,,,,,,,,,,,
19/04/2023,2026-05.csv,,,,,,,,,,,,,,,,,,
04/08/2020,2026-05.csv,,,,,,,,,,,,,,,,,,
16/12/2022,2026-05.csv,,,,,,,,,,,,,,,,,,
04/08/2020,2026-05.csv,,,,,,,,,,,,,,,,,,
12/11/2018,2026-05.csv,,,,,,,,,,,,,,,,,,
11/02/2020,2026-05.csv,,,,,,,,,,,,,,,,,,
26/03/2024,2026-05.csv,,,,,,,,,,,,,,,,,,
25/08/2020,2026-05.csv,,,,,,,,,,,,,,,,,,
22/07/2019,2026-05.csv,,,,,,,,,,,,,,,,,,
26/03/2024,2026-05.csv,,,,,,,,,,,,,,,,,,
10/08/2021,2026-05.csv,,,,,,,,,,,,,,,,,,
04/08/2020,2026-05.csv,,,,,,,,,,,,,,,,,,
11/08/2018,2026-05.csv,,,,,,,,,,,,,,,,,,
29/12/2023,2026-05.csv,,,,,,,,,,,,,,,,,,
12/02/2019,2026-05.csv,,,,,,,,,,,,,,,,,,
11/02/2020,2026-05.csv,,,,,,,,,,,,,,,,,,
24/12/2020,2026-05.csv,,,,,,,,,,,,,,,,,,
11/02/2020,2026-05.csv,,,,,,,,,,,,,,,,,,
10/05/2021,2026-05.csv,,,,,,,,,,,,,,,,,,
11/11/2020,2026-05.csv,,,,,,,,,,,,,,,,,,
18/01/2021,2026-05.csv,,,,,,,,,,,,,,,,,,
28/10/2023,2026-05.csv,,,,,,,,,,,,,,,,,,
31/08/2019,2026-05.csv,,,,,,,,,,,,,,,,,,
08/08/2023,2026-05.csv,,,,,,,,,,,,,,,,,,
05/03/2016,2026-05.csv,,,,,,,,,,,,,,,,,,
23/03/2021,2026-05.csv,,,,,,,,,,,,,,,,,,
01/07/2019,2026-05.csv,,,,,,,,,,,,,,,,,,
23/04/2021,2026-05.csv,,,,,,,,,,,,,,,,,,
01/07/2021,2026-05.csv,,,,,,,,,,,,,,,,,,
25/04/2022,2026-05.csv,,,,,,,,,,,,,,,,,,
07/11/2022,2026-05.csv,,,,,,,,,,,,,,,,,,
10/08/2022,2026-05.csv,,,,,,,,,,,,,,,,,,
01/08/2017,2026-05.csv,,,,,,,,,,,,,,,,,,
19/04/2023,2026-05.csv,,,,,,,,,,,,,,,,,,
22/05/2018,2026-05.csv,,,,,,,,,,,,,,,,,,
29/12/2023,2026-05.csv,,,,,,,,,,,,,,,,,,
03/02/2020,2026-05.csv,,,,,,,,,,,,,,,,,,
01/12/2021,2026-05.csv,,,,,,,,,,,,,,,,,,
27/02/2025,2026-05.csv,,,,,,,,,,,,,,,,,,
16/04/2020,2026-05.csv,,,,,,,,,,,,,,,,,,
25/08/2020,2026-05.csv,,,,,,,,,,,,,,,,,,
30/01/2024,2026-05.csv,,,,,,,,,,,,,,,,,,
19/08/2017,2026-05.csv,,,,,,,,,,,,,,,,,,
01/03/2016,2026-05.csv,,,,,,,,,,,,,,,,,,
17/12/2014,2026-05.csv,,,,,,,,,,,,,,,,,,
24/01/2022,2026-05.csv,,,,,,,,,,,,,,,,,,
29/01/2023,2026-05.csv,,,,,,,,,,,,,,,,,,
25/06/2021,2026-05.csv,,,,,,,,,,,,,,,,,,
05/06/2024,2026-05.csv,,,,,,,,,,,,,,,,,,
28/01/2023,2026-05.csv,,,,,,,,,,,,,,,,,,
24/01/2022,2026-05.csv,,,,,,,,,,,,,,,,,,
04/08/2020,2026-05.csv,,,,,,,,,,,,,,,,,,
29/11/2024,2026-05.csv,,,,,,,,,,,,,,,,,,
20/12/2024,2026-05.csv,,,,,,,,,,,,,,,,,,
24/05/2018,2026-05.csv,,,,,,,,,,,,,,,,,,
14/06/2022,2026-05.csv,,,,,,,,,,,,,,,,,,
13/01/2025,2026-05.csv,,,,,,,,,,,,,,,,,,
11/11/2020,2026-05.csv,,,,,,,,,,,,,,,,,,
12/08/2011,2026-05.csv,,,,,,,,,,,,,,,,,,
14/02/2011,2026-05.csv,,,,,,,,,,,,,,,,,,
05/06/2024,2026-05.csv,,,,,,,,,,,,,,,,,,
01/03/2020,2026-05.csv,,,,,,,,,,,,,,,,,,
11/08/2018,2026-05.csv,,,,,,,,,,,,,,,,,,
25/05/2019,2026-05.csv,,,,,,,,,,,,,,,,,,
11/11/2020,2026-05.csv,,,,,,,,,,,,,,,,,,
27/08/2016,2026-05.csv,,,,,,,,,,,,,,,,,,
06/10/2023,2026-05.csv,,,,,,,,,,,,,,,,,,
12/07/2021,2026-05.csv,,,,,,,,,,,,,,,,,,
10/03/2016,2026-05.csv,,,,,,,,,,,,,,,,,,
29/11/2024,2026-05.csv,,,,,,,,,,,,,,,,,,
31/01/2023,2026-05.csv,,,,,,,,,,,,,,,,,,
14/10/2022,2026-05.csv,,,,,,,,,,,,,,,,,,
24/12/2020,2026-05.csv,,,,,,,,,,,,,,,,,,
23/12/2009,2026-05.csv,,,,,,,,,,,,,,,,,,
25/06/2025,2026-05.csv,,,,,,,,,,,,,,,,,,
01/09/2025,2026-05.csv,,,,,,,,,,,,,,,,,,
30/05/2025,2026-05.csv,,,,,,,,,,,,,,,,,,
04/08/2020,2026-05.csv,,,,,,,,,,,,,,,,,,
02/02/2017,2026-05.csv,,,,,,,,,,,,,,,,,,
04/11/2022,2026-05.csv,,,,,,,,,,,,,,,,,,
28/12/2021,2026-05.csv,,,,,,,,,,,,,,,,,,
26/03/2024,2026-05.csv,,,,,,,,,,,,,,,,,,
31/01/2022,2026-05.csv,,,,,,,,,,,,,,,,,,
25/08/2025,2026-05.csv,,,,,,,,,,,,,,,,,,
04/08/2020,2026-05.csv,,,,,,,,,,,,,,,,,,
29/07/2022,2026-05.csv,,,,,,,,,,,,,,,,,,
16/04/2020,2026-05.csv,,,,,,,,,,,,,,,,,,
02/02/2021,2026-05.csv,,,,,,,,,,,,,,,,,,
05/05/2022,2026-05.csv,,,,,,,,,,,,,,,,,,
04/05/2020,2026-05.csv,,,,,,,,,,,,,,,,,,
28/07/2021,2026-05.csv,,,,,,,,,,,,,,,,,,
29/05/2021,2026-05.csv,,,,,,,,,,,,,,,,,,
31/10/2022,2026-05.csv,,,,,,,,,,,,,,,,,,
04/11/2020,2026-05.csv,,,,,,,,,,,,,,,,,,
04/11/2019,2026-05.csv,,,,,,,,,,,,,,,,,,
05/07/2022,2026-05.csv,,,,,,,,,,,,,,,,,,
31/01/2023,2026-05.csv,,,,,,,,,,,,,,,,,,
28/11/2022,2026-05.csv,,,,,,,,,,,,,,,,,,
16/11/2018,2026-05.csv,,,,,,,,,,,,,,,,,,
29/07/2022,2026-05.csv,,,,,,,,,,,,,,,,,,
01/10/2020,2026-05.csv,,,,,,,,,,,,,,,,,,
29/01/2024,2026-05.csv,,,,,,,,,,,,,,,,,,
01/02/2019,2026-05.csv,,,,,,,,,,,,,,,,,,
10/07/2016,2026-05.csv,,,,,,,,,,,,,,,,,,
19/03/2024,2026-05.csv,,,,,,,,,,,,,,,,,,
16/04/2019,2026-05.csv,,,,,,,,,,,,,,,,,,
02/09/2023,2026-05.csv,,,,,,,,,,,,,,,,,,
22/07/2022,2026-05.csv,,,,,,,,,,,,,,,,,,
22/06/2020,2026-05.csv,,,,,,,,,,,,,,,,,,
30/06/2020,2026-05.csv,,,,,,,,,,,,,,,,,,
17/09/2009,2026-05.csv,,,,,,,,,,,,,,,,,,
01/08/2024,2026-05.csv,,,,,,,,,,,,,,,,,,
01/02/2024,2026-05.csv,,,,,,,,,,,,,,,,,,
01/03/2019,2026-05.csv,,,,,,,,,,,,,,,,,,
01/07/2017,2026-05.csv,,,,,,,,,,,,,,,,,,
17/09/2009,2026-05.csv,,,,,,,,,,,,,,,,,,
18/09/2019,2026-05.csv,,,,,,,,,,,,,,,,,,
28/12/2020,2026-05.csv,,,,,,,,,,,,,,,,,,
10/03/2021,2026-05.csv,,,,,,,,,,,,,,,,,,
01/10/2019,2026-05.csv,,,,,,,,,,,,,,,,,,
17/09/2009,2026-05.csv,,,,,,,,,,,,,,,,,,
29/09/2022,2026-05.csv,,,,,,,,,,,,,,,,,,
01/08/2020,2026-05.csv,,,,,,,,,,,,,,,,,,
30/09/2024,2026-05.csv,,,,,,,,,,,,,,,,,,
17/09/2009,2026-05.csv,,,,,,,,,,,,,,,,,,
17/09/2009,2026-05.csv,,,,,,,,,,,,,,,,,,
12/02/2024,2026-05.csv,,,,,,,,,,,,,,,,,,
17/09/2018,2026-05.csv,,,,,,,,,,,,,,,,,,
25/06/2018,2026-05.csv,,,,,,,,,,,,,,,,,,
28/03/2023,2026-05.csv,,,,,,,,,,,,,,,,,,
24/10/2018,2026-05.csv,,,,,,,,,,,,,,,,,,
17/09/2009,2026-05.csv,,,,,,,,,,,,,,,,,,
29/05/2025,2026-05.csv,,,,,,,,,,,,,,,,,,
29/05/2025,2026-05.csv,,,,,,,,,,,,,,,,,,
27/12/2023,2026-05.csv,,,,,,,,,,,,,,,,,,
29/05/2019,2026-05.csv,,,,,,,,,,,,,,,,,,
,2026-05.csv,,,,,,,,,,,,,,,,,,
21/07/2022,2026-05.csv,,,,,,,,,,,,,,,,,,
21/07/2022,2026-05.csv,,,,,,,,,,,,,,,,,,
21/07/2022,2026-05.csv,,,,,,,,,,,,,,,,,,
01/08/2023,2026-05.csv,,,,,,,,,,,,,,,,,,
10/10/2024,2026-05.csv,,,,,,,,,,,,,,,,,,
25/01/2017,2026-05.csv,,,,,,,,,,,,,,,,,,
11/12/2024,2026-05.csv,,,,,,,,,,,,,,,,,,
11/12/2024,2026-05.csv,,,,,,,,,,,,,,,,,,
04/09/2025,2026-05.csv,,,,,,,,,,,,,,,,,,
26/03/2021,2026-05.csv,,,,,,,,,,,,,,,,,,
08/03/2019,2026-05.csv,,,,,,,,,,,,,,,,,,
06/11/2025,2026-05.csv,,,,,,,,,,,,,,,,,,
01/10/2020,2026-05.csv,,,,,,,,,,,,,,,,,,
27/02/2023,2026-05.csv,,,,,,,,,,,,,,,,,,
05/11/2024,2026-05.csv,,,,,,,,,,,,,,,,,,
25/06/2019,2026-05.csv,,,,,,,,,,,,,,,,,,
22/04/2026,2026-05.csv,,,,,,,,,,,,,,,,,,
08/03/2019,2026-05.csv,,,,,,,,,,,,,,,,,,
28/04/2023,2026-05.csv,,,,,,,,,,,,,,,,,,
10/05/2022,2026-05.csv,,,,,,,,,,,,,,,,,,
29/08/2023,2026-05.csv,,,,,,,,,,,,,,,,,,
20/11/2020,2026-05.csv,,,,,,,,,,,,,,,,,,
05/11/2024,2026-05.csv,,,,,,,,,,,,,,,,,,
28/10/2014,2026-05.csv,,,,,,,,,,,,,,,,,,
07/11/2017,2026-05.csv,,,,,,,,,,,,,,,,,,
30/01/2023,2026-05.csv,,,,,,,,,,,,,,,,,,
10/09/2014,2026-05.csv,,,,,,,,,,,,,,,,,,
30/03/2021,2026-05.csv,,,,,,,,,,,,,,,,,,
11/02/2021,2026-05.csv,,,,,,,,,,,,,,,,,,
03/03/2024,2026-05.csv,,,,,,,,,,,,,,,,,,
20/09/2024,2026-05.csv,,,,,,,,,,,,,,,,,,
09/09/2003,2026-05.csv,,,,,,,,,,,,,,,,,,
12/01/2023,2026-05.csv,,,,,,,,,,,,,,,,,,
25/08/2022,2026-05.csv,,,,,,,,,,,,,,,,,,
16/11/2006,2026-05.csv,,,,,,,,,,,,,,,,,,
08/03/2019,2026-05.csv,,,,,,,,,,,,,,,,,,
29/03/2026,2026-05.csv,,,,,,,,,,,,,,,,,,
21/08/2008,2026-05.csv,,,,,,,,,,,,,,,,,,
27/06/2017,2026-05.csv,,,,,,,,,,,,,,,,,,
29/05/2023,2026-05.csv,,,,,,,,,,,,,,,,,,
30/03/2023,2026-05.csv,,,,,,,,,,,,,,,,,,
28/06/2022,2026-05.csv,,,,,,,,,,,,,,,,,,
29/09/2022,2026-05.csv,,,,,,,,,,,,,,,,,,
31/12/2018,2026-05.csv,,,,,,,,,,,,,,,,,,
31/01/2022,2026-05.csv,,,,,,,,,,,,,,,,,,
04/07/2024,2026-05.csv,,,,,,,,,,,,,,,,,,
09/11/2012,2026-05.csv,,,,,,,,,,,,,,,,,,
20/12/2021,2026-05.csv,,,,,,,,,,,,,,,,,,
28/01/2019,2026-05.csv,,,,,,,,,,,,,,,,,,
07/12/2023,2026-05.csv,,,,,,,,,,,,,,,,,,
09/10/2017,2026-05.csv,,,,,,,,,,,,,,,,,,
15/05/2023,2026-05.csv,,,,,,,,,,,,,,,,,,
29/03/2023,2026-05.csv,,,,,,,,,,,,,,,,,,
12/09/2019,2026-05.csv,,,,,,,,,,,,,,,,,,
17/12/2018,2026-05.csv,,,,,,,,,,,,,,,,,,
15/09/2020,2026-05.csv,,,,,,,,,,,,,,,,,,
10/01/2019,2026-05.csv,,,,,,,,,,,,,,,,,,
28/02/2019,2026-05.csv,,,,,,,,,,,,,,,,,,
10/01/2019,2026-05.csv,,,,,,,,,,,,,,,,,,
17/12/2018,2026-05.csv,,,,,,,,,,,,,,,,,,
,2026-05.csv,,,,,,,,,,,,,,,,,,
15/06/2018,2026-05.csv,,,,,,,,,,,,,,,,,,
06/10/2018,2026-05.csv,,,,,,,,,,,,,,,,,,
,2026-05.csv,,,,,,,,,,,,,,,,,,
,2026-05.csv,,,,,,,,,,,,,,,,,,
27/01/2020,2026-05.csv,,,,,,,,,,,,,,,,,,
07/03/2019,2026-05.csv,,,,,,,,,,,,,,,,,,
,2026-05.csv,,,,,,,,,,,,,,,,,,
19/02/2020,2026-05.csv,,,,,,,,,,,,,,,,,,
27/11/2019,2026-05.csv,,,,,,,,,,,,,,,,,,
05/09/2023,2026-05.csv,,,,,,,,,,,,,,,,,,
24/02/2023,2026-05.csv,,,,,,,,,,,,,,,,,,
,2026-05.csv,,,,,,,,,,,,,,,,,,
19/10/2023,2026-05.csv,,,,,,,,,,,,,,,,,,
04/08/2023,2026-05.csv,,,,,,,,,,,,,,,,,,
,2026-05.csv,,,,,,,,,,,,,,,,,,
20/09/2022,2026-05.csv,,,,,,,,,,,,,,,,,,
25/08/2021,2026-05.csv,,,,,,,,,,,,,,,,,,
05/04/2022,2026-05.csv,,,,,,,,,,,,,,,,,,
08/12/2021,2026-05.csv,,,,,,,,,,,,,,,,,,
04/10/2022,2026-05.csv,,,,,,,,,,,,,,,,,,
,2026-05.csv,,,,,,,,,,,,,,,,,,
,2026-05.csv,,,,,,,,,,,,,,,,,,
,2026-05.csv,,,,,,,,,,,,,,,,,,
,2026-05.csv,,,,,,,,,,,,,,,,,,
27/09/2019,2026-05.csv,,,,,,,,,,,,,,,,,,
,2026-05.csv,,,,,,,,,,,,,,,,,,
25/10/2016,2026-05.csv,,,,,,,,,,,,,,,,,,
11/09/2025,2026-05.csv,,,,,,,,,,,,,,,,,,
18/06/2022,2026-05.csv,,,,,,,,,,,,,,,,,,
16/07/2019,2026-05.csv,,,,,,,,,,,,,,,,,,
10/12/2010,2026-05.csv,,,,,,,,,,,,,,,,,,
18/02/2015,2026-05.csv,,,,,,,,,,,,,,,,,,
28/10/2013,2026-05.csv,,,,,,,,,,,,,,,,,,
22/02/2021,2026-05.csv,,,,,,,,,,,,,,,,,,
22/02/2021,2026-05.csv,,,,,,,,,,,,,,,,,,
26/08/2022,2026-05.csv,,,,,,,,,,,,,,,,,,
26/12/2008,2026-05.csv,,,,,,,,,,,,,,,,,,
03/01/2018,2026-05.csv,,,,,,,,,,,,,,,,,,
16/05/2018,2026-05.csv,,,,,,,,,,,,,,,,,,
30/12/2020,2026-05.csv,,,,,,,,,,,,,,,,,,
27/09/2017,2026-05.csv,,,,,,,,,,,,,,,,,,
21/04/2017,2026-05.csv,,,,,,,,,,,,,,,,,,
30/09/2011,2026-05.csv,,,,,,,,,,,,,,,,,,
14/05/2018,2026-05.csv,,,,,,,,,,,,,,,,,,
11/11/2017,2026-05.csv,,,,,,,,,,,,,,,,,,
12/08/2021,2026-05.csv,,,,,,,,,,,,,,,,,,
19/05/2020,2026-05.csv,,,,,,,,,,,,,,,,,,
08/04/2021,2026-05.csv,,,,,,,,,,,,,,,,,,
06/03/2025,2026-05.csv,,,,,,,,,,,,,,,,,,
22/08/2022,2026-05.csv,,,,,,,,,,,,,,,,,,
12/09/2024,2026-05.csv,,,,,,,,,,,,,,,,,,
23/06/2025,2026-05.csv,,,,,,,,,,,,,,,,,,
18/08/2023,2026-05.csv,,,,,,,,,,,,,,,,,,
06/04/2022,2026-05.csv,,,,,,,,,,,,,,,,,,
30/01/2020,2026-05.csv,,,,,,,,,,,,,,,,,,
18/09/2023,2026-05.csv,,,,,,,,,,,,,,,,,,
26/09/2025,2026-05.csv,,,,,,,,,,,,,,,,,,
16/05/2024,2026-05.csv,,,,,,,,,,,,,,,,,,
28/06/2022,2026-05.csv,,,,,,,,,,,,,,,,,,
26/02/2021,2026-05.csv,,,,,,,,,,,,,,,,,,
03/09/2021,2026-05.csv,,,,,,,,,,,,,,,,,,
30/05/2025,2026-05.csv,,,,,,,,,,,,,,,,,,
28/02/2022,2026-05.csv,,,,,,,,,,,,,,,,,,
13/06/2022,2026-05.csv,,,,,,,,,,,,,,,,,,
13/01/2006,2026-05.csv,,,,,,,,,,,,,,,,,,
15/03/2022,2026-05.csv,,,,,,,,,,,,,,,,,,
23/03/2022,2026-05.csv,,,,,,,,,,,,,,,,,,
15/03/2022,2026-05.csv,,,,,,,,,,,,,,,,,,
29/03/2022,2026-05.csv,,,,,,,,,,,,,,,,,,
21/12/2022,2026-05.csv,,,,,,,,,,,,,,,,,,
21/12/2022,2026-05.csv,,,,,,,,,,,,,,,,,,
21/12/2022,2026-05.csv,,,,,,,,,,,,,,,,,,
21/12/2022,2026-05.csv,,,,,,,,,,,,,,,,,,
21/12/2022,2026-05.csv,,,,,,,,,,,,,,,,,,
21/12/2022,2026-05.csv,,,,,,,,,,,,,,,,,,
20/12/2022,2026-05.csv,,,,,,,,,,,,,,,,,,
21/01/2022,2026-05.csv,,,,,,,,,,,,,,,,,,
19/04/2022,2026-05.csv,,,,,,,,,,,,,,,,,,
29/12/2020,2026-05.csv,,,,,,,,,,,,,,,,,,
08/03/2022,2026-05.csv,,,,,,,,,,,,,,,,,,
21/04/2021,2026-05.csv,,,,,,,,,,,,,,,,,,
29/06/2022,2026-05.csv,,,,,,,,,,,,,,,,,,
05/08/2021,2026-05.csv,,,,,,,,,,,,,,,,,,
22/03/2024,2026-05.csv,,,,,,,,,,,,,,,,,,
21/11/2019,2026-05.csv,,,,,,,,,,,,,,,,,,
10/01/2018,2026-05.csv,,,,,,,,,,,,,,,,,,
03/03/2020,2026-05.csv,,,,,,,,,,,,,,,,,,
01/03/2017,2026-05.csv,,,,,,,,,,,,,,,,,,
15/05/2023,2026-05.csv,,,,,,,,,,,,,,,,,,
09/10/2025,2026-05.csv,,,,,,,,,,,,,,,,,,
12/07/2023,2026-05.csv,,,,,,,,,,,,,,,,,,
09/11/2022,2026-05.csv,,,,,,,,,,,,,,,,,,
19/06/2024,2026-05.csv,,,,,,,,,,,,,,,,,,
23/09/2021,2026-05.csv,,,,,,,,,,,,,,,,,,
27/06/2019,2026-05.csv,,,,,,,,,,,,,,,,,,
31/01/2022,2026-05.csv,,,,,,,,,,,,,,,,,,
09/04/2025,2026-05.csv,,,,,,,,,,,,,,,,,,
22/12/2020,2026-05.csv,,,,,,,,,,,,,,,,,,
31/01/2022,2026-05.csv,,,,,,,,,,,,,,,,,,
26/05/2023,2026-05.csv,,,,,,,,,,,,,,,,,,
31/07/2020,2026-05.csv,,,,,,,,,,,,,,,,,,
30/08/2022,2026-05.csv,,,,,,,,,,,,,,,,,,
26/09/2025,2026-05.csv,,,,,,,,,,,,,,,,,,
28/03/2016,2026-05.csv,,,,,,,,,,,,,,,,,,
22/06/2009,2026-05.csv,,,,,,,,,,,,,,,,,,
09/02/2023,2026-05.csv,,,,,,,,,,,,,,,,,,
22/01/2024,2026-05.csv,,,,,,,,,,,,,,,,,,
22/12/2015,2026-05.csv,,,,,,,,,,,,,,,,,,
16/12/2024,2026-05.csv,,,,,,,,,,,,,,,,,,
07/07/2011,2026-05.csv,,,,,,,,,,,,,,,,,,
29/06/2022,2026-05.csv,,,,,,,,,,,,,,,,,,
01/04/2020,2026-05.csv,,,,,,,,,,,,,,,,,,
27/07/2020,2026-05.csv,,,,,,,,,,,,,,,,,,
01/07/2021,2026-05.csv,,,,,,,,,,,,,,,,,,
25/11/2025,2026-05.csv,,,,,,,,,,,,,,,,,,
30/05/2025,2026-05.csv,,,,,,,,,,,,,,,,,,
21/09/2020,2026-05.csv,,,,,,,,,,,,,,,,,,
27/01/2023,2026-05.csv,,,,,,,,,,,,,,,,,,
18/12/2024,2026-05.csv,,,,,,,,,,,,,,,,,,
21/08/2025,2026-05.csv,,,,,,,,,,,,,,,,,,
15/05/2023,2026-05.csv,,,,,,,,,,,,,,,,,,
16/03/2022,2026-05.csv,,,,,,,,,,,,,,,,,,
12/04/2023,2026-05.csv,,,,,,,,,,,,,,,,,,
30/10/2023,2026-05.csv,,,,,,,,,,,,,,,,,,
24/09/2025,2026-05.csv,,,,,,,,,,,,,,,,,,
05/09/2024,2026-05.csv,,,,,,,,,,,,,,,,,,
20/06/2024,2026-05.csv,,,,,,,,,,,,,,,,,,
23/04/2021,2026-05.csv,,,,,,,,,,,,,,,,,,
23/02/2017,2026-05.csv,,,,,,,,,,,,,,,,,,
13/08/2021,2026-05.csv,,,,,,,,,,,,,,,,,,
27/05/2022,2026-05.csv,,,,,,,,,,,,,,,,,,
19/04/2022,2026-05.csv,,,,,,,,,,,,,,,,,,
30/11/2022,2026-05.csv,,,,,,,,,,,,,,,,,,
31/01/2022,2026-05.csv,,,,,,,,,,,,,,,,,,
27/10/2023,2026-05.csv,,,,,,,,,,,,,,,,,,
19/12/2023,2026-05.csv,,,,,,,,,,,,,,,,,,
08/11/2021,2026-05.csv,,,,,,,,,,,,,,,,,,
30/09/2024,2026-05.csv,,,,,,,,,,,,,,,,,,
11/09/2024,2026-05.csv,,,,,,,,,,,,,,,,,,
22/05/2018,2026-05.csv,,,,,,,,,,,,,,,,,,
27/02/2018,2026-05.csv,,,,,,,,,,,,,,,,,,
19/04/2023,2026-05.csv,,,,,,,,,,,,,,,,,,
11/04/2023,2026-05.csv,,,,,,,,,,,,,,,,,,
11/07/2013,2026-05.csv,,,,,,,,,,,,,,,,,,
12/09/2022,2026-05.csv,,,,,,,,,,,,,,,,,,
03/10/2024,2026-05.csv,,,,,,,,,,,,,,,,,,
14/09/2015,2026-05.csv,,,,,,,,,,,,,,,,,,
30/05/2017,2026-05.csv,,,,,,,,,,,,,,,,,,
07/03/2016,2026-05.csv,,,,,,,,,,,,,,,,,,
04/09/2015,2026-05.csv,,,,,,,,,,,,,,,,,,
30/09/2022,2026-05.csv,,,,,,,,,,,,,,,,,,
30/09/2022,2026-05.csv,,,,,,,,,,,,,,,,,,
15/09/2022,2026-05.csv,,,,,,,,,,,,,,,,,,
03/02/2023,2026-05.csv,,,,,,,,,,,,,,,,,,
08/12/2022,2026-05.csv,,,,,,,,,,,,,,,,,,
12/09/2022,2026-05.csv,,,,,,,,,,,,,,,,,,
20/04/2017,2026-05.csv,,,,,,,,,,,,,,,,,,
01/06/2022,2026-05.csv,,,,,,,,,,,,,,,,,,
01/01/1999,2026-05.csv,,,,,,,,,,,,,,,,,,
19/02/2024,2026-05.csv,,,,,,,,,,,,,,,,,,
01/04/2019,2026-05.csv,,,,,,,,,,,,,,,,,,
30/04/2020,2026-05.csv,,,,,,,,,,,,,,,,,,
01/04/2019,2026-05.csv,,,,,,,,,,,,,,,,,,
31/03/2013,2026-05.csv,,,,,,,,,,,,,,,,,,
25/10/2023,2026-05.csv,,,,,,,,,,,,,,,,,,
29/06/2018,2026-05.csv,,,,,,,,,,,,,,,,,,
25/05/2023,2026-05.csv,,,,,,,,,,,,,,,,,,
25/10/2024,2026-05.csv,,,,,,,,,,,,,,,,,,
19/08/2024,2026-05.csv,,,,,,,,,,,,,,,,,,
04/10/2013,2026-05.csv,,,,,,,,,,,,,,,,,,
03/10/2018,2026-05.csv,,,,,,,,,,,,,,,,,,
01/04/2019,2026-05.csv,,,,,,,,,,,,,,,,,,
21/10/2020,2026-05.csv,,,,,,,,,,,,,,,,,,
04/02/1999,2026-05.csv,,,,,,,,,,,,,,,,,,
20/02/2018,2026-05.csv,,,,,,,,,,,,,,,,,,
19/08/2024,2026-05.csv,,,,,,,,,,,,,,,,,,
01/01/2019,2026-05.csv,,,,,,,,,,,,,,,,,,
31/03/2016,2026-05.csv,,,,,,,,,,,,,,,,,,
15/03/2010,2026-05.csv,,,,,,,,,,,,,,,,,,
07/10/2022,2026-05.csv,,,,,,,,,,,,,,,,,,
07/09/2020,2026-05.csv,,,,,,,,,,,,,,,,,,
05/10/2015,2026-05.csv,,,,,,,,,,,,,,,,,,
11/07/2020,2026-05.csv,,,,,,,,,,,,,,,,,,
31/03/2009,2026-05.csv,,,,,,,,,,,,,,,,,,
01/03/2018,2026-05.csv,,,,,,,,,,,,,,,,,,
01/02/2023,2026-05.csv,,,,,,,,,,,,,,,,,,
01/06/2022,2026-05.csv,,,,,,,,,,,,,,,,,,
30/01/2014,2026-05.csv,,,,,,,,,,,,,,,,,,
19/08/2024,2026-05.csv,,,,,,,,,,,,,,,,,,
10/11/2017,2026-05.csv,,,,,,,,,,,,,,,,,,
13/04/2011,2026-05.csv,,,,,,,,,,,,,,,,,,
,2026-05.csv,,,,,,,,,,,,,,,,,,
15/02/2018,2026-05.csv,,,,,,,,,,,,,,,,,,
09/09/2024,2026-05.csv,,,,,,,,,,,,,,,,,,
31/03/2013,2026-05.csv,,,,,,,,,,,,,,,,,,
19/11/2008,2026-05.csv,,,,,,,,,,,,,,,,,,
25/08/2023,2026-05.csv,,,,,,,,,,,,,,,,,,
05/12/2017,2026-05.csv,,,,,,,,,,,,,,,,,,
29/12/2010,2026-05.csv,,,,,,,,,,,,,,,,,,
07/06/2024,2026-05.csv,,,,,,,,,,,,,,,,,,
18/06/2019,2026-05.csv,,,,,,,,,,,,,,,,,,
01/03/2019,2026-05.csv,,,,,,,,,,,,,,,,,,
31/05/2022,2026-05.csv,,,,,,,,,,,,,,,,,,
11/11/2022,2026-05.csv,,,,,,,,,,,,,,,,,,
15/07/2009,2026-05.csv,,,,,,,,,,,,,,,,,,
15/07/2009,2026-05.csv,,,,,,,,,,,,,,,,,,
30/11/2021,2026-05.csv,,,,,,,,,,,,,,,,,,
03/09/2025,2026-05.csv,,,,,,,,,,,,,,,,,,
05/12/2025,2026-05.csv,,,,,,,,,,,,,,,,,,
28/02/2008,2026-05.csv,,,,,,,,,,,,,,,,,,
24/01/2023,2026-05.csv,,,,,,,,,,,,,,,,,,
31/03/2022,2026-05.csv,,,,,,,,,,,,,,,,,,
31/01/2019,2026-05.csv,,,,,,,,,,,,,,,,,,
26/08/2015,2026-05.csv,,,,,,,,,,,,,,,,,,
30/01/2025,2026-05.csv,,,,,,,,,,,,,,,,,,
28/08/2023,2026-05.csv,,,,,,,,,,,,,,,,,,
29/03/2023,2026-05.csv,,,,,,,,,,,,,,,,,,
19/02/2024,2026-05.csv,,,,,,,,,,,,,,,,,,
25/08/2023,2026-05.csv,,,,,,,,,,,,,,,,,,
06/12/2023,2026-05.csv,,,,,,,,,,,,,,,,,,
21/11/2022,2026-05.csv,,,,,,,,,,,,,,,,,,
04/10/2017,2026-05.csv,,,,,,,,,,,,,,,,,,
25/08/2023,2026-05.csv,,,,,,,,,,,,,,,,,,
31/03/2016,2026-05.csv,,,,,,,,,,,,,,,,,,
31/03/2016,2026-05.csv,,,,,,,,,,,,,,,,,,
20/02/2013,2026-05.csv,,,,,,,,,,,,,,,,,,
08/12/2015,2026-05.csv,,,,,,,,,,,,,,,,,,
12/09/2022,2026-05.csv,,,,,,,,,,,,,,,,,,
19/08/2022,2026-05.csv,,,,,,,,,,,,,,,,,,
05/11/2024,2026-05.csv,,,,,,,,,,,,,,,,,,
02/09/2016,2026-05.csv,,,,,,,,,,,,,,,,,,
15/03/2010,2026-05.csv,,,,,,,,,,,,,,,,,,
03/04/2023,2026-05.csv,,,,,,,,,,,,,,,,,,
19/08/2002,2026-05.csv,,,,,,,,,,,,,,,,,,
11/04/2023,2026-05.csv,,,,,,,,,,,,,,,,,,
19/04/2023,2026-05.csv,,,,,,,,,,,,,,,,,,
02/09/2025,2026-05.csv,,,,,,,,,,,,,,,,,,
01/04/2013,2026-05.csv,,,,,,,,,,,,,,,,,,
09/09/2022,2026-05.csv,,,,,,,,,,,,,,,,,,
01/07/2011,2026-05.csv,,,,,,,,,,,,,,,,,,
26/08/2022,2026-05.csv,,,,,,,,,,,,,,,,,,
05/04/2014,2026-05.csv,,,,,,,,,,,,,,,,,,
29/01/2018,2026-05.csv,,,,,,,,,,,,,,,,,,
14/10/2025,2026-05.csv,,,,,,,,,,,,,,,,,,
09/04/2025,2026-05.csv,,,,,,,,,,,,,,,,,,
01/03/2023,2026-05.csv,,,,,,,,,,,,,,,,,,
25/08/2023,2026-05.csv,,,,,,,,,,,,,,,,,,
01/04/2019,2026-05.csv,,,,,,,,,,,,,,,,,,
27/07/2023,2026-05.csv,,,,,,,,,,,,,,,,,,
31/03/2017,2026-05.csv,,,,,,,,,,,,,,,,,,
30/09/2020,2026-05.csv,,,,,,,,,,,,,,,,,,
31/03/2011,2026-05.csv,,,,,,,,,,,,,,,,,,
05/10/2007,2026-05.csv,,,,,,,,,,,,,,,,,,
13/09/2018,2026-05.csv,,,,,,,,,,,,,,,,,,
31/03/2010,2026-05.csv,,,,,,,,,,,,,,,,,,
20/07/2015,2026-05.csv,,,,,,,,,,,,,,,,,,
01/01/1999,2026-05.csv,,,,,,,,,,,,,,,,,,
21/08/2019,2026-05.csv,,,,,,,,,,,,,,,,,,
02/09/2016,2026-05.csv,,,,,,,,,,,,,,,,,,
08/12/2015,2026-05.csv,,,,,,,,,,,,,,,,,,
10/11/2017,2026-05.csv,,,,,,,,,,,,,,,,,,
18/11/2015,2026-05.csv,,,,,,,,,,,,,,,,,,
21/08/2015,2026-05.csv,,,,,,,,,,,,,,,,,,
18/02/2018,2026-05.csv,,,,,,,,,,,,,,,,,,
04/07/2017,2026-05.csv,,,,,,,,,,,,,,,,,,
14/03/2023,2026-05.csv,,,,,,,,,,,,,,,,,,
30/09/2016,2026-05.csv,,,,,,,,,,,,,,,,,,
01/03/2018,2026-05.csv,,,,,,,,,,,,,,,,,,
05/10/2021,2026-05.csv,,,,,,,,,,,,,,,,,,
08/09/2016,2026-05.csv,,,,,,,,,,,,,,,,,,
31/03/2013,2026-05.csv,,,,,,,,,,,,,,,,,,
28/06/2010,2026-05.csv,,,,,,,,,,,,,,,,,,
05/03/2010,2026-05.csv,,,,,,,,,,,,,,,,,,
27/01/2014,2026-05.csv,,,,,,,,,,,,,,,,,,
28/07/2015,2026-05.csv,,,,,,,,,,,,,,,,,,
26/08/2022,2026-05.csv,,,,,,,,,,,,,,,,,,
31/03/2016,2026-05.csv,,,,,,,,,,,,,,,,,,
19/09/2017,2026-05.csv,,,,,,,,,,,,,,,,,,
31/03/2013,2026-05.csv,,,,,,,,,,,,,,,,,,
20/04/2019,2026-05.csv,,,,,,,,,,,,,,,,,,
05/09/2016,2026-05.csv,,,,,,,,,,,,,,,,,,
11/04/2025,2026-05.csv,,,,,,,,,,,,,,,,,,
05/03/2016,2026-05.csv,,,,,,,,,,,,,,,,,,
13/09/2018,2026-05.csv,,,,,,,,,,,,,,,,,,
31/03/1994,2026-05.csv,,,,,,,,,,,,,,,,,,
24/06/2025,2026-05.csv,,,,,,,,,,,,,,,,,,
04/11/2004,2026-05.csv,,,,,,,,,,,,,,,,,,
08/12/2015,2026-05.csv,,,,,,,,,,,,,,,,,,
14/07/2023,2026-05.csv,,,,,,,,,,,,,,,,,,
14/07/2023,2026-05.csv,,,,,,,,,,,,,,,,,,
31/03/2009,2026-05.csv,,,,,,,,,,,,,,,,,,
03/04/2023,2026-05.csv,,,,,,,,,,,,,,,,,,
01/01/2014,2026-05.csv,,,,,,,,,,,,,,,,,,
16/05/2016,2026-05.csv,,,,,,,,,,,,,,,,,,
22/03/2017,2026-05.csv,,,,,,,,,,,,,,,,,,
24/01/2007,2026-05.csv,,,,,,,,,,,,,,,,,,
27/08/2021,2026-05.csv,,,,,,,,,,,,,,,,,,
,2026-05.csv,,,,,,,,,,,,,,,,,,
01/03/2019,2026-05.csv,,,,,,,,,,,,,,,,,,
19/02/2024,2026-05.csv,,,,,,,,,,,,,,,,,,
19/02/2024,2026-05.csv,,,,,,,,,,,,,,,,,,
01/04/2011,2026-05.csv,,,,,,,,,,,,,,,,,,
12/09/2022,2026-05.csv,,,,,,,,,,,,,,,,,,
16/07/2016,2026-05.csv,,,,,,,,,,,,,,,,,,
13/09/2018,2026-05.csv,,,,,,,,,,,,,,,,,,
01/04/2012,2026-05.csv,,,,,,,,,,,,,,,,,,
11/12/2015,2026-05.csv,,,,,,,,,,,,,,,,,,
17/01/2017,2026-05.csv,,,,,,,,,,,,,,,,,,
01/09/2012,2026-05.csv,,,,,,,,,,,,,,,,,,
08/12/2015,2026-05.csv,,,,,,,,,,,,,,,,,,
25/08/2023,2026-05.csv,,,,,,,,,,,,,,,,,,
25/09/2019,2026-05.csv,,,,,,,,,,,,,,,,,,
01/04/2019,2026-05.csv,,,,,,,,,,,,,,,,,,
09/05/2008,2026-05.csv,,,,,,,,,,,,,,,,,,
30/11/2016,2026-05.csv,,,,,,,,,,,,,,,,,,
31/03/2015,2026-05.csv,,,,,,,,,,,,,,,,,,
09/02/2011,2026-05.csv,,,,,,,,,,,,,,,,,,
01/03/2018,2026-05.csv,,,,,,,,,,,,,,,,,,
17/05/2022,2026-05.csv,,,,,,,,,,,,,,,,,,
31/03/2012,2026-05.csv,,,,,,,,,,,,,,,,,,
24/07/2008,2026-05.csv,,,,,,,,,,,,,,,,,,
01/10/2019,2026-05.csv,,,,,,,,,,,,,,,,,,
31/03/1983,2026-05.csv,,,,,,,,,,,,,,,,,,
07/03/2019,2026-05.csv,,,,,,,,,,,,,,,,,,
10/03/2019,2026-05.csv,,,,,,,,,,,,,,,,,,
19/08/2024,2026-05.csv,,,,,,,,,,,,,,,,,,
20/05/2022,2026-05.csv,,,,,,,,,,,,,,,,,,
17/10/2022,2026-05.csv,,,,,,,,,,,,,,,,,,
01/02/2023,2026-05.csv,,,,,,,,,,,,,,,,,,
01/09/2019,2026-05.csv,,,,,,,,,,,,,,,,,,
19/08/2024,2026-05.csv,,,,,,,,,,,,,,,,,,
19/06/2012,2026-05.csv,,,,,,,,,,,,,,,,,,
31/03/2008,2026-05.csv,,,,,,,,,,,,,,,,,,
24/04/2026,2026-05.csv,,,,,,,,,,,,,,,,,,
01/04/2017,2026-05.csv,,,,,,,,,,,,,,,,,,
07/10/2021,2026-05.csv,,,,,,,,,,,,,,,,,,
02/11/2010,2026-05.csv,,,,,,,,,,,,,,,,,,
01/06/2020,2026-05.csv,,,,,,,,,,,,,,,,,,
31/08/2023,2026-05.csv,,,,,,,,,,,,,,,,,,
01/03/2019,2026-05.csv,,,,,,,,,,,,,,,,,,
01/05/2022,2026-05.csv,,,,,,,,,,,,,,,,,,
15/11/2007,2026-05.csv,,,,,,,,,,,,,,,,,,
31/03/2014,2026-05.csv,,,,,,,,,,,,,,,,,,
08/04/2025,2026-05.csv,,,,,,,,,,,,,,,,,,
21/11/2022,2026-05.csv,,,,,,,,,,,,,,,,,,
08/08/2022,2026-05.csv,,,,,,,,,,,,,,,,,,
13/02/2024,2026-05.csv,,,,,,,,,,,,,,,,,,
24/11/2024,2026-05.csv,,,,,,,,,,,,,,,,,,
01/07/2016,2026-05.csv,,,,,,,,,,,,,,,,,,
01/09/2019,2026-05.csv,,,,,,,,,,,,,,,,,,
07/10/2021,2026-05.csv,,,,,,,,,,,,,,,,,,
08/09/2016,2026-05.csv,,,,,,,,,,,,,,,,,,
31/03/2001,2026-05.csv,,,,,,,,,,,,,,,,,,
31/03/2016,2026-05.csv,,,,,,,,,,,,,,,,,,
19/10/2015,2026-05.csv,,,,,,,,,,,,,,,,,,
01/04/2008,2026-05.csv,,,,,,,,,,,,,,,,,,
31/03/2008,2026-05.csv,,,,,,,,,,,,,,,,,,
24/01/2023,2026-05.csv,,,,,,,,,,,,,,,,,,
25/05/2022,2026-05.csv,,,,,,,,,,,,,,,,,,
28/04/2023,2026-05.csv,,,,,,,,,,,,,,,,,,
24/01/2023,2026-05.csv,,,,,,,,,,,,,,,,,,
01/04/2016,2026-05.csv,,,,,,,,,,,,,,,,,,
01/02/2023,2026-05.csv,,,,,,,,,,,,,,,,,,
10/11/2016,2026-05.csv,,,,,,,,,,,,,,,,,,
26/09/2022,2026-05.csv,,,,,,,,,,,,,,,,,,
19/01/2023,2026-05.csv,,,,,,,,,,,,,,,,,,
24/01/2024,2026-05.csv,,,,,,,,,,,,,,,,,,
01/03/2018,2026-05.csv,,,,,,,,,,,,,,,,,,
02/08/2019,2026-05.csv,,,,,,,,,,,,,,,,,,
10/08/2017,2026-05.csv,,,,,,,,,,,,,,,,,,
15/12/2023,2026-05.csv,,,,,,,,,,,,,,,,,,
18/11/2015,2026-05.csv,,,,,,,,,,,,,,,,,,
03/02/2023,2026-05.csv,,,,,,,,,,,,,,,,,,
01/05/2022,2026-05.csv,,,,,,,,,,,,,,,,,,
11/09/2024,2026-05.csv,,,,,,,,,,,,,,,,,,
01/11/2015,2026-05.csv,,,,,,,,,,,,,,,,,,
19/02/2024,2026-05.csv,,,,,,,,,,,,,,,,,,
01/12/2022,2026-05.csv,,,,,,,,,,,,,,,,,,
04/03/2024,2026-05.csv,,,,,,,,,,,,,,,,,,
19/09/2019,2026-05.csv,,,,,,,,,,,,,,,,,,
30/10/2009,2026-05.csv,,,,,,,,,,,,,,,,,,
29/08/2018,2026-05.csv,,,,,,,,,,,,,,,,,,
06/10/2022,2026-05.csv,,,,,,,,,,,,,,,,,,
31/03/2004,2026-05.csv,,,,,,,,,,,,,,,,,,
31/03/2001,2026-05.csv,,,,,,,,,,,,,,,,,,
21/07/2022,2026-05.csv,,,,,,,,,,,,,,,,,,
05/08/2010,2026-05.csv,,,,,,,,,,,,,,,,,,
16/09/2016,2026-05.csv,,,,,,,,,,,,,,,,,,
21/07/2008,2026-05.csv,,,,,,,,,,,,,,,,,,
17/04/2025,2026-05.csv,,,,,,,,,,,,,,,,,,
28/08/2017,2026-05.csv,,,,,,,,,,,,,,,,,,
29/10/2013,2026-05.csv,,,,,,,,,,,,,,,,,,
24/10/2024,2026-05.csv,,,,,,,,,,,,,,,,,,
22/04/2016,2026-05.csv,,,,,,,,,,,,,,,,,,
24/08/2016,2026-05.csv,,,,,,,,,,,,,,,,,,
10/06/2016,2026-05.csv,,,,,,,,,,,,,,,,,,
17/05/2017,2026-05.csv,,,,,,,,,,,,,,,,,,
16/02/2008,2026-05.csv,,,,,,,,,,,,,,,,,,
20/12/2017,2026-05.csv,,,,,,,,,,,,,,,,,,
28/02/2008,2026-05.csv,,,,,,,,,,,,,,,,,,
25/08/2023,2026-05.csv,,,,,,,,,,,,,,,,,,
01/04/2019,2026-05.csv,,,,,,,,,,,,,,,,,,
28/08/2024,2026-05.csv,,,,,,,,,,,,,,,,,,
28/08/2024,2026-05.csv,,,,,,,,,,,,,,,,,,
28/08/2024,2026-05.csv,,,,,,,,,,,,,,,,,,
28/08/2024,2026-05.csv,,,,,,,,,,,,,,,,,,
28/08/2024,2026-05.csv,,,,,,,,,,,,,,,,,,
30/12/2020,2026-05.csv,,,,,,,,,,,,,,,,,,
28/08/2024,2026-05.csv,,,,,,,,,,,,,,,,,,
30/12/2020,2026-05.csv,,,,,,,,,,,,,,,,,,
07/11/2019,2026-05.csv,,,,,,,,,,,,,,,,,,
19/07/2021,2026-05.csv,,,,,,,,,,,,,,,,,,
05/07/2016,2026-05.csv,,,,,,,,,,,,,,,,,,
29/02/2016,2026-05.csv,,,,,,,,,,,,,,,,,,
31/03/2022,2026-05.csv,,,,,,,,,,,,,,,,,,
15/06/2022,2026-05.csv,,,,,,,,,,,,,,,,,,
16/02/2023,2026-05.csv,,,,,,,,,,,,,,,,,,
07/11/2022,2026-05.csv,,,,,,,,,,,,,,,,,,
25/08/2022,2026-05.csv,,,,,,,,,,,,,,,,,,
12/10/2022,2026-05.csv,,,,,,,,,,,,,,,,,,
13/03/2018,2026-05.csv,,,,,,,,,,,,,,,,,,
23/01/2018,2026-05.csv,,,,,,,,,,,,,,,,,,
05/10/2021,2026-05.csv,,,,,,,,,,,,,,,,,,
15/02/2021,2026-05.csv,,,,,,,,,,,,,,,,,,
09/03/2024,2026-05.csv,,,,,,,,,,,,,,,,,,
09/12/2017,2026-05.csv,,,,,,,,,,,,,,,,,,
20/03/2023,2026-05.csv,,,,,,,,,,,,,,,,,,
17/04/2022,2026-05.csv,,,,,,,,,,,,,,,,,,
20/10/2022,2026-05.csv,,,,,,,,,,,,,,,,,,
05/12/2022,2026-05.csv,,,,,,,,,,,,,,,,,,
19/02/2025,2026-05.csv,,,,,,,,,,,,,,,,,,
24/08/2023,2026-05.csv,,,,,,,,,,,,,,,,,,
02/08/2024,2026-05.csv,,,,,,,,,,,,,,,,,,
29/03/2023,2026-05.csv,,,,,,,,,,,,,,,,,,
12/02/2024,2026-05.csv,,,,,,,,,,,,,,,,,,
07/02/2024,2026-05.csv,,,,,,,,,,,,,,,,,,
27/03/2023,2026-05.csv,,,,,,,,,,,,,,,,,,
20/02/2024,2026-05.csv,,,,,,,,,,,,,,,,,,
11/01/2024,2026-05.csv,,,,,,,,,,,,,,,,,,
15/03/2024,2026-05.csv,,,,,,,,,,,,,,,,,,
08/02/2024,2026-05.csv,,,,,,,,,,,,,,,,,,
08/02/2021,2026-05.csv,,,,,,,,,,,,,,,,,,
19/01/2018,2026-05.csv,,,,,,,,,,,,,,,,,,
11/10/2022,2026-05.csv,,,,,,,,,,,,,,,,,,
14/10/2022,2026-05.csv,,,,,,,,,,,,,,,,,,
01/07/2025,2026-05.csv,,,,,,,,,,,,,,,,,,
30/03/2025,2026-05.csv,,,,,,,,,,,,,,,,,,
14/01/2018,2026-05.csv,,,,,,,,,,,,,,,,,,
17/12/2019,2026-05.csv,,,,,,,,,,,,,,,,,,
11/03/2024,2026-05.csv,,,,,,,,,,,,,,,,,,
08/08/2022,2026-05.csv,,,,,,,,,,,,,,,,,,
31/03/2023,2026-05.csv,,,,,,,,,,,,,,,,,,
07/03/2023,2026-05.csv,,,,,,,,,,,,,,,,,,
26/10/2017,2026-05.csv,,,,,,,,,,,,,,,,,,
03/12/2021,2026-05.csv,,,,,,,,,,,,,,,,,,
16/07/2024,2026-05.csv,,,,,,,,,,,,,,,,,,
12/01/2016,2026-05.csv,,,,,,,,,,,,,,,,,,
17/10/2022,2026-05.csv,,,,,,,,,,,,,,,,,,
31/03/2016,2026-05.csv,,,,,,,,,,,,,,,,,,
20/12/2021,2026-05.csv,,,,,,,,,,,,,,,,,,
31/03/2023,2026-05.csv,,,,,,,,,,,,,,,,,,
24/06/2020,2026-05.csv,,,,,,,,,,,,,,,,,,
31/03/2015,2026-05.csv,,,,,,,,,,,,,,,,,,
17/11/2021,2026-05.csv,,,,,,,,,,,,,,,,,,
20/12/2024,2026-05.csv,,,,,,,,,,,,,,,,,,
14/01/2016,2026-05.csv,,,,,,,,,,,,,,,,,,
16/01/2023,2026-05.csv,,,,,,,,,,,,,,,,,,
20/12/2021,2026-05.csv,,,,,,,,,,,,,,,,,,
28/02/2023,2026-05.csv,,,,,,,,,,,,,,,,,,
28/10/2024,2026-05.csv,,,,,,,,,,,,,,,,,,
30/03/2025,2026-05.csv,,,,,,,,,,,,,,,,,,
10/10/2015,2026-05.csv,,,,,,,,,,,,,,,,,,
29/06/2022,2026-05.csv,,,,,,,,,,,,,,,,,,
27/05/2021,2026-05.csv,,,,,,,,,,,,,,,,,,
30/07/2021,2026-05.csv,,,,,,,,,,,,,,,,,,
15/11/2021,2026-05.csv,,,,,,,,,,,,,,,,,,
27/12/2021,2026-05.csv,,,,,,,,,,,,,,,,,,
11/05/2020,2026-05.csv,,,,,,,,,,,,,,,,,,
02/08/2024,2026-05.csv,,,,,,,,,,,,,,,,,,
02/08/2024,2026-05.csv,,,,,,,,,,,,,,,,,,
11/10/2022,2026-05.csv,,,,,,,,,,,,,,,,,,
04/03/2022,2026-05.csv,,,,,,,,,,,,,,,,,,
22/02/2022,2026-05.csv,,,,,,,,,,,,,,,,,,
27/03/2023,2026-05.csv,,,,,,,,,,,,,,,,,,
24/03/2023,2026-05.csv,,,,,,,,,,,,,,,,,,
20/03/2023,2026-05.csv,,,,,,,,,,,,,,,,,,
16/03/2023,2026-05.csv,,,,,,,,,,,,,,,,,,
28/03/2023,2026-05.csv,,,,,,,,,,,,,,,,,,
28/03/2023,2026-05.csv,,,,,,,,,,,,,,,,,,
01/03/2023,2026-05.csv,,,,,,,,,,,,,,,,,,
20/01/2023,2026-05.csv,,,,,,,,,,,,,,,,,,
25/02/2021,2026-05.csv,,,,,,,,,,,,,,,,,,
13/03/2023,2026-05.csv,,,,,,,,,,,,,,,,,,
04/11/2022,2026-05.csv,,,,,,,,,,,,,,,,,,
04/11/2022,2026-05.csv,,,,,,,,,,,,,,,,,,
06/10/2022,2026-05.csv,,,,,,,,,,,,,,,,,,
07/03/2024,2026-05.csv,,,,,,,,,,,,,,,,,,
20/10/2021,2026-05.csv,,,,,,,,,,,,,,,,,,
15/10/2021,2026-05.csv,,,,,,,,,,,,,,,,,,
20/03/2023,2026-05.csv,,,,,,,,,,,,,,,,,,
25/12/2021,2026-05.csv,,,,,,,,,,,,,,,,,,
18/10/2024,2026-05.csv,,,,,,,,,,,,,,,,,,
03/10/2022,2026-05.csv,,,,,,,,,,,,,,,,,,
29/09/2020,2026-05.csv,,,,,,,,,,,,,,,,,,
30/03/2022,2026-05.csv,,,,,,,,,,,,,,,,,,
14/02/2024,2026-05.csv,,,,,,,,,,,,,,,,,,
24/03/2023,2026-05.csv,,,,,,,,,,,,,,,,,,
07/01/2022,2026-05.csv,,,,,,,,,,,,,,,,,,
27/12/2024,2026-05.csv,,,,,,,,,,,,,,,,,,
28/02/2023,2026-05.csv,,,,,,,,,,,,,,,,,,
12/11/2021,2026-05.csv,,,,,,,,,,,,,,,,,,
01/02/2022,2026-05.csv,,,,,,,,,,,,,,,,,,
02/02/2022,2026-05.csv,,,,,,,,,,,,,,,,,,
24/08/2022,2026-05.csv,,,,,,,,,,,,,,,,,,
04/11/2022,2026-05.csv,,,,,,,,,,,,,,,,,,
09/03/2022,2026-05.csv,,,,,,,,,,,,,,,,,,
17/07/2023,2026-05.csv,,,,,,,,,,,,,,,,,,
05/12/2021,2026-05.csv,,,,,,,,,,,,,,,,,,
28/02/2023,2026-05.csv,,,,,,,,,,,,,,,,,,
28/03/2023,2026-05.csv,,,,,,,,,,,,,,,,,,
31/03/2022,2026-05.csv,,,,,,,,,,,,,,,,,,
30/03/2022,2026-05.csv,,,,,,,,,,,,,,,,,,
06/02/2021,2026-05.csv,,,,,,,,,,,,,,,,,,
27/12/2021,2026-05.csv,,,,,,,,,,,,,,,,,,
28/02/2020,2026-05.csv,,,,,,,,,,,,,,,,,,
23/12/2020,2026-05.csv,,,,,,,,,,,,,,,,,,
23/12/2020,2026-05.csv,,,,,,,,,,,,,,,,,,
19/09/2022,2026-05.csv,,,,,,,,,,,,,,,,,,
13/01/2021,2026-05.csv,,,,,,,,,,,,,,,,,,
19/08/2020,2026-05.csv,,,,,,,,,,,,,,,,,,
19/08/2020,2026-05.csv,,,,,,,,,,,,,,,,,,
18/09/2019,2026-05.csv,,,,,,,,,,,,,,,,,,
18/09/2019,2026-05.csv,,,,,,,,,,,,,,,,,,
30/03/2022,2026-05.csv,,,,,,,,,,,,,,,,,,
15/01/2021,2026-05.csv,,,,,,,,,,,,,,,,,,
03/02/2023,2026-05.csv,,,,,,,,,,,,,,,,,,
06/09/2022,2026-05.csv,,,,,,,,,,,,,,,,,,
16/08/2021,2026-05.csv,,,,,,,,,,,,,,,,,,
22/01/2019,2026-05.csv,,,,,,,,,,,,,,,,,,
18/03/2021,2026-05.csv,,,,,,,,,,,,,,,,,,
23/03/2016,2026-05.csv,,,,,,,,,,,,,,,,,,
27/04/2020,2026-05.csv,,,,,,,,,,,,,,,,,,
07/03/2024,2026-05.csv,,,,,,,,,,,,,,,,,,
29/04/2020,2026-05.csv,,,,,,,,,,,,,,,,,,
18/10/2024,2026-05.csv,,,,,,,,,,,,,,,,,,
06/03/2024,2026-05.csv,,,,,,,,,,,,,,,,,,
29/10/2021,2026-05.csv,,,,,,,,,,,,,,,,,,
21/10/2021,2026-05.csv,,,,,,,,,,,,,,,,,,
16/12/2024,2026-05.csv,,,,,,,,,,,,,,,,,,
13/03/2023,2026-05.csv,,,,,,,,,,,,,,,,,,
20/01/2021,2026-05.csv,,,,,,,,,,,,,,,,,,
25/02/2022,2026-05.csv,,,,,,,,,,,,,,,,,,
30/03/2022,2026-05.csv,,,,,,,,,,,,,,,,,,
24/03/2022,2026-05.csv,,,,,,,,,,,,,,,,,,
12/08/2010,2026-05.csv,,,,,,,,,,,,,,,,,,
17/11/2021,2026-05.csv,,,,,,,,,,,,,,,,,,
01/12/2015,2026-05.csv,,,,,,,,,,,,,,,,,,
26/03/2021,2026-05.csv,,,,,,,,,,,,,,,,,,
01/07/2016,2026-05.csv,,,,,,,,,,,,,,,,,,
20/03/2023,2026-05.csv,,,,,,,,,,,,,,,,,,
21/01/2021,2026-05.csv,,,,,,,,,,,,,,,,,,
25/01/2019,2026-05.csv,,,,,,,,,,,,,,,,,,
05/12/2022,2026-05.csv,,,,,,,,,,,,,,,,,,
09/03/2022,2026-05.csv,,,,,,,,,,,,,,,,,,
26/11/2021,2026-05.csv,,,,,,,,,,,,,,,,,,
21/03/2022,2026-05.csv,,,,,,,,,,,,,,,,,,
27/01/2025,2026-05.csv,,,,,,,,,,,,,,,,,,
11/08/2020,2026-05.csv,,,,,,,,,,,,,,,,,,
19/07/2021,2026-05.csv,,,,,,,,,,,,,,,,,,
22/01/2021,2026-05.csv,,,,,,,,,,,,,,,,,,
11/03/2024,2026-05.csv,,,,,,,,,,,,,,,,,,
09/11/2022,2026-05.csv,,,,,,,,,,,,,,,,,,
06/03/2023,2026-05.csv,,,,,,,,,,,,,,,,,,
23/02/2022,2026-05.csv,,,,,,,,,,,,,,,,,,
22/01/2019,2026-05.csv,,,,,,,,,,,,,,,,,,
06/12/2018,2026-05.csv,,,,,,,,,,,,,,,,,,
31/03/2022,2026-05.csv,,,,,,,,,,,,,,,,,,
02/11/2022,2026-05.csv,,,,,,,,,,,,,,,,,,
07/10/2022,2026-05.csv,,,,,,,,,,,,,,,,,,
03/02/2021,2026-05.csv,,,,,,,,,,,,,,,,,,
10/02/2021,2026-05.csv,,,,,,,,,,,,,,,,,,
28/01/2021,2026-05.csv,,,,,,,,,,,,,,,,,,
28/01/2021,2026-05.csv,,,,,,,,,,,,,,,,,,
11/02/2021,2026-05.csv,,,,,,,,,,,,,,,,,,
10/01/2022,2026-05.csv,,,,,,,,,,,,,,,,,,
18/10/2024,2026-05.csv,,,,,,,,,,,,,,,,,,
24/03/2018,2026-05.csv,,,,,,,,,,,,,,,,,,
27/02/2025,2026-05.csv,,,,,,,,,,,,,,,,,,
28/02/2022,2026-05.csv,,,,,,,,,,,,,,,,,,
04/03/2020,2026-05.csv,,,,,,,,,,,,,,,,,,
02/08/2024,2026-05.csv,,,,,,,,,,,,,,,,,,
09/11/2022,2026-05.csv,,,,,,,,,,,,,,,,,,
11/03/2022,2026-05.csv,,,,,,,,,,,,,,,,,,
21/01/2021,2026-05.csv,,,,,,,,,,,,,,,,,,
30/03/2022,2026-05.csv,,,,,,,,,,,,,,,,,,
08/02/2022,2026-05.csv,,,,,,,,,,,,,,,,,,
11/02/2022,2026-05.csv,,,,,,,,,,,,,,,,,,
14/02/2022,2026-05.csv,,,,,,,,,,,,,,,,,,
05/03/2021,2026-05.csv,,,,,,,,,,,,,,,,,,
13/10/2016,2026-05.csv,,,,,,,,,,,,,,,,,,
24/03/2021,2026-05.csv,,,,,,,,,,,,,,,,,,
23/03/2017,2026-05.csv,,,,,,,,,,,,,,,,,,
07/04/2022,2026-05.csv,,,,,,,,,,,,,,,,,,
23/08/2022,2026-05.csv,,,,,,,,,,,,,,,,,,
24/12/2021,2026-05.csv,,,,,,,,,,,,,,,,,,
04/03/2022,2026-05.csv,,,,,,,,,,,,,,,,,,
27/02/2018,2026-05.csv,,,,,,,,,,,,,,,,,,
13/07/2021,2026-05.csv,,,,,,,,,,,,,,,,,,
30/03/2022,2026-05.csv,,,,,,,,,,,,,,,,,,
25/02/2022,2026-05.csv,,,,,,,,,,,,,,,,,,
31/03/2022,2026-05.csv,,,,,,,,,,,,,,,,,,
24/08/2023,2026-05.csv,,,,,,,,,,,,,,,,,,
21/02/2023,2026-05.csv,,,,,,,,,,,,,,,,,,
03/12/2021,2026-05.csv,,,,,,,,,,,,,,,,,,
03/03/2023,2026-05.csv,,,,,,,,,,,,,,,,,,
27/03/2023,2026-05.csv,,,,,,,,,,,,,,,,,,
18/01/2024,2026-05.csv,,,,,,,,,,,,,,,,,,
29/03/2023,2026-05.csv,,,,,,,,,,,,,,,,,,
01/02/2023,2026-05.csv,,,,,,,,,,,,,,,,,,
07/02/2023,2026-05.csv,,,,,,,,,,,,,,,,,,
09/02/2023,2026-05.csv,,,,,,,,,,,,,,,,,,
30/01/2023,2026-05.csv,,,,,,,,,,,,,,,,,,
25/05/2022,2026-05.csv,,,,,,,,,,,,,,,,,,
27/02/2023,2026-05.csv,,,,,,,,,,,,,,,,,,
18/10/2024,2026-05.csv,,,,,,,,,,,,,,,,,,
02/03/2021,2026-05.csv,,,,,,,,,,,,,,,,,,
01/12/2022,2026-05.csv,,,,,,,,,,,,,,,,,,
07/10/2021,2026-05.csv,,,,,,,,,,,,,,,,,,
05/10/2021,2026-05.csv,,,,,,,,,,,,,,,,,,
27/02/2018,2026-05.csv,,,,,,,,,,,,,,,,,,
13/07/2021,2026-05.csv,,,,,,,,,,,,,,,,,,
18/10/2024,2026-05.csv,,,,,,,,,,,,,,,,,,
29/03/2016,2026-05.csv,,,,,,,,,,,,,,,,,,
07/02/2024,2026-05.csv,,,,,,,,,,,,,,,,,,
29/03/2023,2026-05.csv,,,,,,,,,,,,,,,,,,
06/12/2017,2026-05.csv,,,,,,,,,,,,,,,,,,
18/01/2018,2026-05.csv,,,,,,,,,,,,,,,,,,
27/12/2009,2026-05.csv,,,,,,,,,,,,,,,,,,
27/03/2023,2026-05.csv,,,,,,,,,,,,,,,,,,
21/02/2023,2026-05.csv,,,,,,,,,,,,,,,,,,
15/02/2023,2026-05.csv,,,,,,,,,,,,,,,,,,
21/02/2023,2026-05.csv,,,,,,,,,,,,,,,,,,
24/02/2023,2026-05.csv,,,,,,,,,,,,,,,,,,
18/02/2023,2026-05.csv,,,,,,,,,,,,,,,,,,
24/02/2023,2026-05.csv,,,,,,,,,,,,,,,,,,
18/02/2023,2026-05.csv,,,,,,,,,,,,,,,,,,
18/03/2021,2026-05.csv,,,,,,,,,,,,,,,,,,
11/03/2021,2026-05.csv,,,,,,,,,,,,,,,,,,
30/05/2022,2026-05.csv,,,,,,,,,,,,,,,,,,
23/06/2022,2026-05.csv,,,,,,,,,,,,,,,,,,
03/01/2023,2026-05.csv,,,,,,,,,,,,,,,,,,
18/02/2022,2026-05.csv,,,,,,,,,,,,,,,,,,
03/01/2023,2026-05.csv,,,,,,,,,,,,,,,,,,
18/02/2023,2026-05.csv,,,,,,,,,,,,,,,,,,
22/06/2022,2026-05.csv,,,,,,,,,,,,,,,,,,
03/01/2023,2026-05.csv,,,,,,,,,,,,,,,,,,
12/12/2022,2026-05.csv,,,,,,,,,,,,,,,,,,
15/02/2023,2026-05.csv,,,,,,,,,,,,,,,,,,
27/01/2022,2026-05.csv,,,,,,,,,,,,,,,,,,
18/03/2021,2026-05.csv,,,,,,,,,,,,,,,,,,
04/02/2022,2026-05.csv,,,,,,,,,,,,,,,,,,
30/07/2020,2026-05.csv,,,,,,,,,,,,,,,,,,
27/09/2022,2026-05.csv,,,,,,,,,,,,,,,,,,
24/06/2021,2026-05.csv,,,,,,,,,,,,,,,,,,
05/07/2021,2026-05.csv,,,,,,,,,,,,,,,,,,
26/11/2020,2026-05.csv,,,,,,,,,,,,,,,,,,
27/09/2022,2026-05.csv,,,,,,,,,,,,,,,,,,
10/02/2021,2026-05.csv,,,,,,,,,,,,,,,,,,
30/03/2021,2026-05.csv,,,,,,,,,,,,,,,,,,
31/03/2021,2026-05.csv,,,,,,,,,,,,,,,,,,
30/03/2021,2026-05.csv,,,,,,,,,,,,,,,,,,
27/09/2022,2026-05.csv,,,,,,,,,,,,,,,,,,
31/12/2024,2026-05.csv,,,,,,,,,,,,,,,,,,
29/12/2021,2026-05.csv,,,,,,,,,,,,,,,,,,
24/03/2023,2026-05.csv,,,,,,,,,,,,,,,,,,
19/09/2023,2026-05.csv,,,,,,,,,,,,,,,,,,
12/11/2021,2026-05.csv,,,,,,,,,,,,,,,,,,
20/01/2022,2026-05.csv,,,,,,,,,,,,,,,,,,
20/12/2021,2026-05.csv,,,,,,,,,,,,,,,,,,
26/08/2021,2026-05.csv,,,,,,,,,,,,,,,,,,
03/09/2021,2026-05.csv,,,,,,,,,,,,,,,,,,
29/12/2021,2026-05.csv,,,,,,,,,,,,,,,,,,
29/03/2023,2026-05.csv,,,,,,,,,,,,,,,,,,
29/03/2023,2026-05.csv,,,,,,,,,,,,,,,,,,
24/03/2023,2026-05.csv,,,,,,,,,,,,,,,,,,
27/03/2023,2026-05.csv,,,,,,,,,,,,,,,,,,
24/03/2023,2026-05.csv,,,,,,,,,,,,,,,,,,
24/03/2023,2026-05.csv,,,,,,,,,,,,,,,,,,
24/03/2023,2026-05.csv,,,,,,,,,,,,,,,,,,
09/02/2021,2026-05.csv,,,,,,,,,,,,,,,,,,
25/02/2021,2026-05.csv,,,,,,,,,,,,,,,,,,
25/02/2021,2026-05.csv,,,,,,,,,,,,,,,,,,
11/03/2020,2026-05.csv,,,,,,,,,,,,,,,,,,
11/02/2021,2026-05.csv,,,,,,,,,,,,,,,,,,
08/06/2021,2026-05.csv,,,,,,,,,,,,,,,,,,
07/01/2022,2026-05.csv,,,,,,,,,,,,,,,,,,
31/03/2022,2026-05.csv,,,,,,,,,,,,,,,,,,
19/01/2018,2026-05.csv,,,,,,,,,,,,,,,,,,
03/06/2021,2026-05.csv,,,,,,,,,,,,,,,,,,
10/02/2021,2026-05.csv,,,,,,,,,,,,,,,,,,
14/10/2020,2026-05.csv,,,,,,,,,,,,,,,,,,
25/03/2021,2026-05.csv,,,,,,,,,,,,,,,,,,
29/01/2009,2026-05.csv,,,,,,,,,,,,,,,,,,
02/06/2020,2026-05.csv,,,,,,,,,,,,,,,,,,
15/11/2016,2026-05.csv,,,,,,,,,,,,,,,,,,
27/12/2021,2026-05.csv,,,,,,,,,,,,,,,,,,
28/02/2024,2026-05.csv,,,,,,,,,,,,,,,,,,
31/10/2018,2026-05.csv,,,,,,,,,,,,,,,,,,
11/02/2021,2026-05.csv,,,,,,,,,,,,,,,,,,
19/05/2020,2026-05.csv,,,,,,,,,,,,,,,,,,
22/12/2021,2026-05.csv,,,,,,,,,,,,,,,,,,
22/12/2021,2026-05.csv,,,,,,,,,,,,,,,,,,
09/11/2021,2026-05.csv,,,,,,,,,,,,,,,,,,
10/02/2021,2026-05.csv,,,,,,,,,,,,,,,,,,
16/03/2022,2026-05.csv,,,,,,,,,,,,,,,,,,
24/02/2022,2026-05.csv,,,,,,,,,,,,,,,,,,
04/03/2022,2026-05.csv,,,,,,,,,,,,,,,,,,
10/08/2022,2026-05.csv,,,,,,,,,,,,,,,,,,
19/06/2020,2026-05.csv,,,,,,,,,,,,,,,,,,
10/02/2021,2026-05.csv,,,,,,,,,,,,,,,,,,
28/01/2021,2026-05.csv,,,,,,,,,,,,,,,,,,
03/08/2020,2026-05.csv,,,,,,,,,,,,,,,,,,
24/06/2021,2026-05.csv,,,,,,,,,,,,,,,,,,
10/02/2021,2026-05.csv,,,,,,,,,,,,,,,,,,
10/02/2021,2026-05.csv,,,,,,,,,,,,,,,,,,
31/03/2021,2026-05.csv,,,,,,,,,,,,,,,,,,
24/03/2022,2026-05.csv,,,,,,,,,,,,,,,,,,
28/04/2022,2026-05.csv,,,,,,,,,,,,,,,,,,
17/01/2023,2026-05.csv,,,,,,,,,,,,,,,,,,
18/01/2018,2026-05.csv,,,,,,,,,,,,,,,,,,
07/03/2024,2026-05.csv,,,,,,,,,,,,,,,,,,
11/03/2024,2026-05.csv,,,,,,,,,,,,,,,,,,
03/08/2022,2026-05.csv,,,,,,,,,,,,,,,,,,
04/08/2022,2026-05.csv,,,,,,,,,,,,,,,,,,
08/11/2024,2026-05.csv,,,,,,,,,,,,,,,,,,
05/05/2020,2026-05.csv,,,,,,,,,,,,,,,,,,
05/05/2020,2026-05.csv,,,,,,,,,,,,,,,,,,
05/05/2020,2026-05.csv,,,,,,,,,,,,,,,,,,
05/05/2020,2026-05.csv,,,,,,,,,,,,,,,,,,
28/03/2023,2026-05.csv,,,,,,,,,,,,,,,,,,
08/09/2020,2026-05.csv,,,,,,,,,,,,,,,,,,
01/03/2018,2026-05.csv,,,,,,,,,,,,,,,,,,
11/02/2021,2026-05.csv,,,,,,,,,,,,,,,,,,
31/12/2020,2026-05.csv,,,,,,,,,,,,,,,,,,
11/08/2020,2026-05.csv,,,,,,,,,,,,,,,,,,
19/03/2025,2026-05.csv,,,,,,,,,,,,,,,,,,
31/03/2016,2026-05.csv,,,,,,,,,,,,,,,,,,
18/08/2022,2026-05.csv,,,,,,,,,,,,,,,,,,
12/01/2017,2026-05.csv,,,,,,,,,,,,,,,,,,
01/12/2015,2026-05.csv,,,,,,,,,,,,,,,,,,
09/09/2020,2026-05.csv,,,,,,,,,,,,,,,,,,
09/09/2020,2026-05.csv,,,,,,,,,,,,,,,,,,
27/12/2019,2026-05.csv,,,,,,,,,,,,,,,,,,
10/11/2021,2026-05.csv,,,,,,,,,,,,,,,,,,
17/01/2022,2026-05.csv,,,,,,,,,,,,,,,,,,
03/03/2022,2026-05.csv,,,,,,,,,,,,,,,,,,
04/01/2021,2026-05.csv,,,,,,,,,,,,,,,,,,
13/12/2022,2026-05.csv,,,,,,,,,,,,,,,,,,
26/09/2023,2026-05.csv,,,,,,,,,,,,,,,,,,
30/03/2020,2026-05.csv,,,,,,,,,,,,,,,,,,
10/12/2019,2026-05.csv,,,,,,,,,,,,,,,,,,
01/01/2021,2026-05.csv,,,,,,,,,,,,,,,,,,
23/03/2025,2026-05.csv,,,,,,,,,,,,,,,,,,
08/09/2020,2026-05.csv,,,,,,,,,,,,,,,,,,
27/03/2018,2026-05.csv,,,,,,,,,,,,,,,,,,
10/01/2025,2026-05.csv,,,,,,,,,,,,,,,,,,
21/03/2025,2026-05.csv,,,,,,,,,,,,,,,,,,
31/03/2022,2026-05.csv,,,,,,,,,,,,,,,,,,
07/06/2024,2026-05.csv,,,,,,,,,,,,,,,,,,
27/04/2020,2026-05.csv,,,,,,,,,,,,,,,,,,
15/06/2020,2026-05.csv,,,,,,,,,,,,,,,,,,
08/10/2025,2026-05.csv,,,,,,,,,,,,,,,,,,
22/01/2025,2026-05.csv,,,,,,,,,,,,,,,,,,
07/06/2024,2026-05.csv,,,,,,,,,,,,,,,,,,
06/10/2022,2026-05.csv,,,,,,,,,,,,,,,,,,
16/08/2023,2026-05.csv,,,,,,,,,,,,,,,,,,
14/11/2023,2026-05.csv,,,,,,,,,,,,,,,,,,
08/03/2022,2026-05.csv,,,,,,,,,,,,,,,,,,
04/12/2020,2026-05.csv,,,,,,,,,,,,,,,,,,
19/02/2021,2026-05.csv,,,,,,,,,,,,,,,,,,
23/11/2020,2026-05.csv,,,,,,,,,,,,,,,,,,
21/10/2020,2026-05.csv,,,,,,,,,,,,,,,,,,
08/01/2021,2026-05.csv,,,,,,,,,,,,,,,,,,
08/12/2020,2026-05.csv,,,,,,,,,,,,,,,,,,
16/03/2022,2026-05.csv,,,,,,,,,,,,,,,,,,
13/02/2018,2026-05.csv,,,,,,,,,,,,,,,,,,
14/02/2022,2026-05.csv,,,,,,,,,,,,,,,,,,
27/02/2017,2026-05.csv,,,,,,,,,,,,,,,,,,
17/08/2010,2026-05.csv,,,,,,,,,,,,,,,,,,
02/12/2020,2026-05.csv,,,,,,,,,,,,,,,,,,
27/03/2018,2026-05.csv,,,,,,,,,,,,,,,,,,
04/03/2018,2026-05.csv,,,,,,,,,,,,,,,,,,
08/01/2024,2026-05.csv,,,,,,,,,,,,,,,,,,
03/02/2022,2026-05.csv,,,,,,,,,,,,,,,,,,
27/11/2014,2026-05.csv,,,,,,,,,,,,,,,,,,
25/02/2021,2026-05.csv,,,,,,,,,,,,,,,,,,
21/03/2025,2026-05.csv,,,,,,,,,,,,,,,,,,
03/02/2021,2026-05.csv,,,,,,,,,,,,,,,,,,
09/08/2018,2026-05.csv,,,,,,,,,,,,,,,,,,
07/04/2016,2026-05.csv,,,,,,,,,,,,,,,,,,
30/03/2025,2026-05.csv,,,,,,,,,,,,,,,,,,
01/03/2018,2026-05.csv,,,,,,,,,,,,,,,,,,
24/03/2018,2026-05.csv,,,,,,,,,,,,,,,,,,
18/10/2009,2026-05.csv,,,,,,,,,,,,,,,,,,
05/07/2010,2026-05.csv,,,,,,,,,,,,,,,,,,
15/03/2022,2026-05.csv,,,,,,,,,,,,,,,,,,
09/07/2020,2026-05.csv,,,,,,,,,,,,,,,,,,
07/10/2020,2026-05.csv,,,,,,,,,,,,,,,,,,
25/06/2020,2026-05.csv,,,,,,,,,,,,,,,,,,
29/06/2020,2026-05.csv,,,,,,,,,,,,,,,,,,
02/02/2021,2026-05.csv,,,,,,,,,,,,,,,,,,
30/03/2021,2026-05.csv,,,,,,,,,,,,,,,,,,
30/03/2021,2026-05.csv,,,,,,,,,,,,,,,,,,
20/03/2017,2026-05.csv,,,,,,,,,,,,,,,,,,
17/03/2020,2026-05.csv,,,,,,,,,,,,,,,,,,
14/02/2019,2026-05.csv,,,,,,,,,,,,,,,,,,
07/12/2023,2026-05.csv,,,,,,,,,,,,,,,,,,
07/12/2023,2026-05.csv,,,,,,,,,,,,,,,,,,
07/12/2023,2026-05.csv,,,,,,,,,,,,,,,,,,
28/02/2023,2026-05.csv,,,,,,,,,,,,,,,,,,
30/03/2021,2026-05.csv,,,,,,,,,,,,,,,,,,
09/09/2021,2026-05.csv,,,,,,,,,,,,,,,,,,
13/09/2021,2026-05.csv,,,,,,,,,,,,,,,,,,
28/03/2023,2026-05.csv,,,,,,,,,,,,,,,,,,
29/03/2025,2026-05.csv,,,,,,,,,,,,,,,,,,
31/03/2022,2026-05.csv,,,,,,,,,,,,,,,,,,
07/12/2021,2026-05.csv,,,,,,,,,,,,,,,,,,
12/01/2023,2026-05.csv,,,,,,,,,,,,,,,,,,
26/02/2018,2026-05.csv,,,,,,,,,,,,,,,,,,
16/03/2023,2026-05.csv,,,,,,,,,,,,,,,,,,
22/03/2023,2026-05.csv,,,,,,,,,,,,,,,,,,
11/02/2021,2026-05.csv,,,,,,,,,,,,,,,,,,
27/03/2023,2026-05.csv,,,,,,,,,,,,,,,,,,
28/02/2023,2026-05.csv,,,,,,,,,,,,,,,,,,
01/03/2019,2026-05.csv,,,,,,,,,,,,,,,,,,
11/03/2020,2026-05.csv,,,,,,,,,,,,,,,,,,
22/03/2018,2026-05.csv,,,,,,,,,,,,,,,,,,
22/03/2018,2026-05.csv,,,,,,,,,,,,,,,,,,
31/03/2021,2026-05.csv,,,,,,,,,,,,,,,,,,
31/07/2020,2026-05.csv,,,,,,,,,,,,,,,,,,
07/07/2020,2026-05.csv,,,,,,,,,,,,,,,,,,
31/07/2020,2026-05.csv,,,,,,,,,,,,,,,,,,
07/07/2020,2026-05.csv,,,,,,,,,,,,,,,,,,
07/03/2023,2026-05.csv,,,,,,,,,,,,,,,,,,
13/03/2023,2026-05.csv,,,,,,,,,,,,,,,,,,
28/06/2021,2026-05.csv,,,,,,,,,,,,,,,,,,
30/03/2021,2026-05.csv,,,,,,,,,,,,,,,,,,
07/03/2023,2026-05.csv,,,,,,,,,,,,,,,,,,
09/09/2021,2026-05.csv,,,,,,,,,,,,,,,,,,
07/09/2021,2026-05.csv,,,,,,,,,,,,,,,,,,
19/08/2020,2026-05.csv,,,,,,,,,,,,,,,,,,
07/10/2020,2026-05.csv,,,,,,,,,,,,,,,,,,
18/01/2021,2026-05.csv,,,,,,,,,,,,,,,,,,
01/02/2023,2026-05.csv,,,,,,,,,,,,,,,,,,
07/12/2023,2026-05.csv,,,,,,,,,,,,,,,,,,
29/10/2024,2026-05.csv,,,,,,,,,,,,,,,,,,
31/03/2021,2026-05.csv,,,,,,,,,,,,,,,,,,
15/03/2024,2026-05.csv,,,,,,,,,,,,,,,,,,
07/03/2024,2026-05.csv,,,,,,,,,,,,,,,,,,
11/03/2023,2026-05.csv,,,,,,,,,,,,,,,,,,
30/12/2021,2026-05.csv,,,,,,,,,,,,,,,,,,
29/06/2022,2026-05.csv,,,,,,,,,,,,,,,,,,
22/03/2023,2026-05.csv,,,,,,,,,,,,,,,,,,
27/03/2025,2026-05.csv,,,,,,,,,,,,,,,,,,
22/03/2018,2026-05.csv,,,,,,,,,,,,,,,,,,
28/02/2023,2026-05.csv,,,,,,,,,,,,,,,,,,
06/05/2019,2026-05.csv,,,,,,,,,,,,,,,,,,
17/06/2022,2026-05.csv,,,,,,,,,,,,,,,,,,
08/05/2018,2026-05.csv,,,,,,,,,,,,,,,,,,
06/01/2022,2026-05.csv,,,,,,,,,,,,,,,,,,
08/01/2022,2026-05.csv,,,,,,,,,,,,,,,,,,
16/03/2023,2026-05.csv,,,,,,,,,,,,,,,,,,
22/03/2023,2026-05.csv,,,,,,,,,,,,,,,,,,
12/02/2024,2026-05.csv,,,,,,,,,,,,,,,,,,
12/02/2024,2026-05.csv,,,,,,,,,,,,,,,,,,
18/12/2024,2026-05.csv,,,,,,,,,,,,,,,,,,
09/03/2018,2026-05.csv,,,,,,,,,,,,,,,,,,
16/02/2017,2026-05.csv,,,,,,,,,,,,,,,,,,
06/09/2021,2026-05.csv,,,,,,,,,,,,,,,,,,
18/01/2024,2026-05.csv,,,,,,,,,,,,,,,,,,
16/07/2024,2026-05.csv,,,,,,,,,,,,,,,,,,
15/03/2024,2026-05.csv,,,,,,,,,,,,,,,,,,
28/02/2024,2026-05.csv,,,,,,,,,,,,,,,,,,
08/03/2024,2026-05.csv,,,,,,,,,,,,,,,,,,
11/07/2018,2026-05.csv,,,,,,,,,,,,,,,,,,
05/01/2024,2026-05.csv,,,,,,,,,,,,,,,,,,
11/03/2024,2026-05.csv,,,,,,,,,,,,,,,,,,
27/01/2025,2026-05.csv,,,,,,,,,,,,,,,,,,
16/01/2025,2026-05.csv,,,,,,,,,,,,,,,,,,
12/02/2019,2026-05.csv,,,,,,,,,,,,,,,,,,
20/09/2018,2026-05.csv,,,,,,,,,,,,,,,,,,
15/03/2024,2026-05.csv,,,,,,,,,,,,,,,,,,
16/11/2023,2026-05.csv,,,,,,,,,,,,,,,,,,
06/03/2024,2026-05.csv,,,,,,,,,,,,,,,,,,
29/05/2024,2026-05.csv,,,,,,,,,,,,,,,,,,
22/03/2018,2026-05.csv,,,,,,,,,,,,,,,,,,
22/03/2018,2026-05.csv,,,,,,,,,,,,,,,,,,
12/12/2022,2026-05.csv,,,,,,,,,,,,,,,,,,
29/07/2013,2026-05.csv,,,,,,,,,,,,,,,,,,
27/03/2023,2026-05.csv,,,,,,,,,,,,,,,,,,
18/01/2021,2026-05.csv,,,,,,,,,,,,,,,,,,
15/02/2017,2026-05.csv,,,,,,,,,,,,,,,,,,
15/02/2017,2026-05.csv,,,,,,,,,,,,,,,,,,
12/01/2016,2026-05.csv,,,,,,,,,,,,,,,,,,
04/01/2016,2026-05.csv,,,,,,,,,,,,,,,,,,
04/01/2016,2026-05.csv,,,,,,,,,,,,,,,,,,
31/10/2014,2026-05.csv,,,,,,,,,,,,,,,,,,
31/10/2014,2026-05.csv,,,,,,,,,,,,,,,,,,
10/01/2024,2026-05.csv,,,,,,,,,,,,,,,,,,
10/01/2024,2026-05.csv,,,,,,,,,,,,,,,,,,
10/01/2024,2026-05.csv,,,,,,,,,,,,,,,,,,
10/01/2024,2026-05.csv,,,,,,,,,,,,,,,,,,
31/03/2015,2026-05.csv,,,,,,,,,,,,,,,,,,
13/12/2022,2026-05.csv,,,,,,,,,,,,,,,,,,
08/12/2022,2026-05.csv,,,,,,,,,,,,,,,,,,
17/02/2022,2026-05.csv,,,,,,,,,,,,,,,,,,
22/02/2022,2026-05.csv,,,,,,,,,,,,,,,,,,
17/03/2023,2026-05.csv,,,,,,,,,,,,,,,,,,
08/02/2023,2026-05.csv,,,,,,,,,,,,,,,,,,
31/03/2021,2026-05.csv,,,,,,,,,,,,,,,,,,
30/03/2023,2026-05.csv,,,,,,,,,,,,,,,,,,
22/02/2022,2026-05.csv,,,,,,,,,,,,,,,,,,
09/02/2022,2026-05.csv,,,,,,,,,,,,,,,,,,
21/03/2022,2026-05.csv,,,,,,,,,,,,,,,,,,
20/01/2022,2026-05.csv,,,,,,,,,,,,,,,,,,
27/11/2024,2026-05.csv,,,,,,,,,,,,,,,,,,
20/02/2025,2026-05.csv,,,,,,,,,,,,,,,,,,
24/03/2023,2026-05.csv,,,,,,,,,,,,,,,,,,
27/03/2023,2026-05.csv,,,,,,,,,,,,,,,,,,
13/03/2023,2026-05.csv,,,,,,,,,,,,,,,,,,
29/03/2023,2026-05.csv,,,,,,,,,,,,,,,,,,
31/08/2020,2026-05.csv,,,,,,,,,,,,,,,,,,
07/03/2025,2026-05.csv,,,,,,,,,,,,,,,,,,
10/08/2022,2026-05.csv,,,,,,,,,,,,,,,,,,
29/01/2024,2026-05.csv,,,,,,,,,,,,,,,,,,
26/03/2025,2026-05.csv,,,,,,,,,,,,,,,,,,
07/10/2022,2026-05.csv,,,,,,,,,,,,,,,,,,
14/10/2022,2026-05.csv,,,,,,,,,,,,,,,,,,
05/10/2022,2026-05.csv,,,,,,,,,,,,,,,,,,
12/10/2022,2026-05.csv,,,,,,,,,,,,,,,,,,
30/03/2022,2026-05.csv,,,,,,,,,,,,,,,,,,
15/11/2021,2026-05.csv,,,,,,,,,,,,,,,,,,
27/03/2023,2026-05.csv,,,,,,,,,,,,,,,,,,
14/02/2023,2026-05.csv,,,,,,,,,,,,,,,,,,
31/03/2021,2026-05.csv,,,,,,,,,,,,,,,,,,
22/09/2022,2026-05.csv,,,,,,,,,,,,,,,,,,
07/07/2022,2026-05.csv,,,,,,,,,,,,,,,,,,
18/01/2018,2026-05.csv,,,,,,,,,,,,,,,,,,
15/01/2024,2026-05.csv,,,,,,,,,,,,,,,,,,
27/02/2024,2026-05.csv,,,,,,,,,,,,,,,,,,
27/02/2024,2026-05.csv,,,,,,,,,,,,,,,,,,
27/02/2024,2026-05.csv,,,,,,,,,,,,,,,,,,
15/02/2023,2026-05.csv,,,,,,,,,,,,,,,,,,
26/09/2021,2026-05.csv,,,,,,,,,,,,,,,,,,
04/03/2022,2026-05.csv,,,,,,,,,,,,,,,,,,
24/03/2023,2026-05.csv,,,,,,,,,,,,,,,,,,
30/03/2021,2026-05.csv,,,,,,,,,,,,,,,,,,
15/07/2022,2026-05.csv,,,,,,,,,,,,,,,,,,
07/12/2023,2026-05.csv,,,,,,,,,,,,,,,,,,
06/03/2019,2026-05.csv,,,,,,,,,,,,,,,,,,
06/03/2019,2026-05.csv,,,,,,,,,,,,,,,,,,
14/02/2024,2026-05.csv,,,,,,,,,,,,,,,,,,
30/03/2022,2026-05.csv,,,,,,,,,,,,,,,,,,
01/03/2023,2026-05.csv,,,,,,,,,,,,,,,,,,
30/03/2022,2026-05.csv,,,,,,,,,,,,,,,,,,
23/06/2023,2026-05.csv,,,,,,,,,,,,,,,,,,
08/02/2023,2026-05.csv,,,,,,,,,,,,,,,,,,
23/02/2024,2026-05.csv,,,,,,,,,,,,,,,,,,
09/09/2021,2026-05.csv,,,,,,,,,,,,,,,,,,
15/03/2024,2026-05.csv,,,,,,,,,,,,,,,,,,
17/07/2020,2026-05.csv,,,,,,,,,,,,,,,,,,
15/03/2023,2026-05.csv,,,,,,,,,,,,,,,,,,
15/03/2023,2026-05.csv,,,,,,,,,,,,,,,,,,
15/03/2023,2026-05.csv,,,,,,,,,,,,,,,,,,
15/03/2023,2026-05.csv,,,,,,,,,,,,,,,,,,
29/03/2022,2026-05.csv,,,,,,,,,,,,,,,,,,
12/08/2016,2026-05.csv,,,,,,,,,,,,,,,,,,
20/07/2021,2026-05.csv,,,,,,,,,,,,,,,,,,
29/03/2023,2026-05.csv,,,,,,,,,,,,,,,,,,
10/10/2022,2026-05.csv,,,,,,,,,,,,,,,,,,
31/03/2022,2026-05.csv,,,,,,,,,,,,,,,,,,
31/03/2022,2026-05.csv,,,,,,,,,,,,,,,,,,
09/11/2021,2026-05.csv,,,,,,,,,,,,,,,,,,
15/03/2024,2026-05.csv,,,,,,,,,,,,,,,,,,
02/08/2024,2026-05.csv,,,,,,,,,,,,,,,,,,
06/09/2023,2026-05.csv,,,,,,,,,,,,,,,,,,
10/02/2023,2026-05.csv,,,,,,,,,,,,,,,,,,
01/01/2023,2026-05.csv,,,,,,,,,,,,,,,,,,
02/08/2024,2026-05.csv,,,,,,,,,,,,,,,,,,
04/03/2016,2026-05.csv,,,,,,,,,,,,,,,,,,
16/02/2021,2026-05.csv,,,,,,,,,,,,,,,,,,
27/03/2023,2026-05.csv,,,,,,,,,,,,,,,,,,
27/03/2022,2026-05.csv,,,,,,,,,,,,,,,,,,
10/10/2022,2026-05.csv,,,,,,,,,,,,,,,,,,
11/03/2024,2026-05.csv,,,,,,,,,,,,,,,,,,
27/03/2018,2026-05.csv,,,,,,,,,,,,,,,,,,
25/04/2023,2026-05.csv,,,,,,,,,,,,,,,,,,
27/01/2025,2026-05.csv,,,,,,,,,,,,,,,,,,
27/01/2025,2026-05.csv,,,,,,,,,,,,,,,,,,
23/02/2021,2026-05.csv,,,,,,,,,,,,,,,,,,
30/11/2022,2026-05.csv,,,,,,,,,,,,,,,,,,
24/02/2025,2026-05.csv,,,,,,,,,,,,,,,,,,
03/05/2023,2026-05.csv,,,,,,,,,,,,,,,,,,
28/11/2022,2026-05.csv,,,,,,,,,,,,,,,,,,
10/01/2024,2026-05.csv,,,,,,,,,,,,,,,,,,
22/03/2023,2026-05.csv,,,,,,,,,,,,,,,,,,
30/03/2022,2026-05.csv,,,,,,,,,,,,,,,,,,
22/12/2021,2026-05.csv,,,,,,,,,,,,,,,,,,
18/10/2021,2026-05.csv,,,,,,,,,,,,,,,,,,
24/03/2022,2026-05.csv,,,,,,,,,,,,,,,,,,
30/03/2025,2026-05.csv,,,,,,,,,,,,,,,,,,
13/02/2025,2026-05.csv,,,,,,,,,,,,,,,,,,
03/02/2025,2026-05.csv,,,,,,,,,,,,,,,,,,
06/03/2023,2026-05.csv,,,,,,,,,,,,,,,,,,
27/03/2023,2026-05.csv,,,,,,,,,,,,,,,,,,
28/02/2024,2026-05.csv,,,,,,,,,,,,,,,,,,
09/03/2018,2026-05.csv,,,,,,,,,,,,,,,,,,
22/03/2018,2026-05.csv,,,,,,,,,,,,,,,,,,
31/03/2021,2026-05.csv,,,,,,,,,,,,,,,,,,
08/05/2022,2026-05.csv,,,,,,,,,,,,,,,,,,
16/06/2022,2026-05.csv,,,,,,,,,,,,,,,,,,
25/10/2017,2026-05.csv,,,,,,,,,,,,,,,,,,
25/10/2017,2026-05.csv,,,,,,,,,,,,,,,,,,
12/01/2017,2026-05.csv,,,,,,,,,,,,,,,,,,
27/03/2018,2026-05.csv,,,,,,,,,,,,,,,,,,
20/12/2022,2026-05.csv,,,,,,,,,,,,,,,,,,
07/12/2020,2026-05.csv,,,,,,,,,,,,,,,,,,
23/12/2020,2026-05.csv,,,,,,,,,,,,,,,,,,
17/12/2020,2026-05.csv,,,,,,,,,,,,,,,,,,
15/01/2021,2026-05.csv,,,,,,,,,,,,,,,,,,
23/12/2020,2026-05.csv,,,,,,,,,,,,,,,,,,
28/01/2021,2026-05.csv,,,,,,,,,,,,,,,,,,
23/12/2020,2026-05.csv,,,,,,,,,,,,,,,,,,
23/12/2020,2026-05.csv,,,,,,,,,,,,,,,,,,
23/12/2020,2026-05.csv,,,,,,,,,,,,,,,,,,
04/03/2021,2026-05.csv,,,,,,,,,,,,,,,,,,
04/03/2021,2026-05.csv,,,,,,,,,,,,,,,,,,
13/12/2021,2026-05.csv,,,,,,,,,,,,,,,,,,
04/03/2021,2026-05.csv,,,,,,,,,,,,,,,,,,
29/10/2021,2026-05.csv,,,,,,,,,,,,,,,,,,
07/10/2021,2026-05.csv,,,,,,,,,,,,,,,,,,
03/09/2021,2026-05.csv,,,,,,,,,,,,,,,,,,
25/11/2019,2026-05.csv,,,,,,,,,,,,,,,,,,
25/11/2019,2026-05.csv,,,,,,,,,,,,,,,,,,
03/07/2020,2026-05.csv,,,,,,,,,,,,,,,,,,
08/09/2020,2026-05.csv,,,,,,,,,,,,,,,,,,
08/09/2020,2026-05.csv,,,,,,,,,,,,,,,,,,
08/09/2020,2026-05.csv,,,,,,,,,,,,,,,,,,
25/11/2019,2026-05.csv,,,,,,,,,,,,,,,,,,
01/10/2019,2026-05.csv,,,,,,,,,,,,,,,,,,
01/10/2019,2026-05.csv,,,,,,,,,,,,,,,,,,
05/09/2022,2026-05.csv,,,,,,,,,,,,,,,,,,
31/03/2021,2026-05.csv,,,,,,,,,,,,,,,,,,
21/03/2022,2026-05.csv,,,,,,,,,,,,,,,,,,
22/11/2021,2026-05.csv,,,,,,,,,,,,,,,,,,
20/12/2021,2026-05.csv,,,,,,,,,,,,,,,,,,
03/07/2020,2026-05.csv,,,,,,,,,,,,,,,,,,
13/04/2018,2026-05.csv,,,,,,,,,,,,,,,,,,
03/02/2020,2026-05.csv,,,,,,,,,,,,,,,,,,
29/03/2023,2026-05.csv,,,,,,,,,,,,,,,,,,
05/03/2024,2026-05.csv,,,,,,,,,,,,,,,,,,
16/03/2022,2026-05.csv,,,,,,,,,,,,,,,,,,
12/03/2024,2026-05.csv,,,,,,,,,,,,,,,,,,
03/01/2020,2026-05.csv,,,,,,,,,,,,,,,,,,
15/01/2021,2026-05.csv,,,,,,,,,,,,,,,,,,
23/11/2021,2026-05.csv,,,,,,,,,,,,,,,,,,
24/06/2005,2026-05.csv,,,,,,,,,,,,,,,,,,
08/09/2020,2026-05.csv,,,,,,,,,,,,,,,,,,
22/12/2022,2026-05.csv,,,,,,,,,,,,,,,,,,
29/06/2022,2026-05.csv,,,,,,,,,,,,,,,,,,
29/06/2022,2026-05.csv,,,,,,,,,,,,,,,,,,
31/03/2021,2026-05.csv,,,,,,,,,,,,,,,,,,
15/03/2018,2026-05.csv,,,,,,,,,,,,,,,,,,
18/01/2018,2026-05.csv,,,,,,,,,,,,,,,,,,
03/02/2020,2026-05.csv,,,,,,,,,,,,,,,,,,
11/01/2022,2026-05.csv,,,,,,,,,,,,,,,,,,
09/12/2024,2026-05.csv,,,,,,,,,,,,,,,,,,
14/12/2023,2026-05.csv,,,,,,,,,,,,,,,,,,
04/06/2024,2026-05.csv,,,,,,,,,,,,,,,,,,
22/09/2016,2026-05.csv,,,,,,,,,,,,,,,,,,
13/03/2018,2026-05.csv,,,,,,,,,,,,,,,,,,
19/12/2006,2026-05.csv,,,,,,,,,,,,,,,,,,
17/02/2016,2026-05.csv,,,,,,,,,,,,,,,,,,
03/02/2023,2026-05.csv,,,,,,,,,,,,,,,,,,
21/01/2014,2026-05.csv,,,,,,,,,,,,,,,,,,
31/07/2012,2026-05.csv,,,,,,,,,,,,,,,,,,
25/01/2019,2026-05.csv,,,,,,,,,,,,,,,,,,
15/10/2024,2026-05.csv,,,,,,,,,,,,,,,,,,
29/01/2025,2026-05.csv,,,,,,,,,,,,,,,,,,
08/11/2024,2026-05.csv,,,,,,,,,,,,,,,,,,
16/03/2022,2026-05.csv,,,,,,,,,,,,,,,,,,
24/01/2017,2026-05.csv,,,,,,,,,,,,,,,,,,
02/08/2024,2026-05.csv,,,,,,,,,,,,,,,,,,
29/09/2020,2026-05.csv,,,,,,,,,,,,,,,,,,
29/12/2015,2026-05.csv,,,,,,,,,,,,,,,,,,
17/03/2015,2026-05.csv,,,,,,,,,,,,,,,,,,
07/10/2021,2026-05.csv,,,,,,,,,,,,,,,,,,
07/10/2021,2026-05.csv,,,,,,,,,,,,,,,,,,
19/09/2022,2026-05.csv,,,,,,,,,,,,,,,,,,
02/02/2023,2026-05.csv,,,,,,,,,,,,,,,,,,
21/12/2023,2026-05.csv,,,,,,,,,,,,,,,,,,
06/03/2025,2026-05.csv,,,,,,,,,,,,,,,,,,
09/03/2023,2026-05.csv,,,,,,,,,,,,,,,,,,
30/03/2022,2026-05.csv,,,,,,,,,,,,,,,,,,
18/09/2022,2026-05.csv,,,,,,,,,,,,,,,,,,
17/09/2021,2026-05.csv,,,,,,,,,,,,,,,,,,
18/09/2022,2026-05.csv,,,,,,,,,,,,,,,,,,
31/03/2022,2026-05.csv,,,,,,,,,,,,,,,,,,
31/03/2022,2026-05.csv,,,,,,,,,,,,,,,,,,
17/03/2023,2026-05.csv,,,,,,,,,,,,,,,,,,
23/05/2023,2026-05.csv,,,,,,,,,,,,,,,,,,
08/01/2022,2026-05.csv,,,,,,,,,,,,,,,,,,
08/01/2022,2026-05.csv,,,,,,,,,,,,,,,,,,
08/11/2021,2026-05.csv,,,,,,,,,,,,,,,,,,
08/08/2021,2026-05.csv,,,,,,,,,,,,,,,,,,
31/03/2023,2026-05.csv,,,,,,,,,,,,,,,,,,
09/01/2024,2026-05.csv,,,,,,,,,,,,,,,,,,
09/01/2024,2026-05.csv,,,,,,,,,,,,,,,,,,
09/01/2024,2026-05.csv,,,,,,,,,,,,,,,,,,
09/01/2024,2026-05.csv,,,,,,,,,,,,,,,,,,
08/12/2023,2026-05.csv,,,,,,,,,,,,,,,,,,
20/01/2023,2026-05.csv,,,,,,,,,,,,,,,,,,
11/02/2021,2026-05.csv,,,,,,,,,,,,,,,,,,
11/02/2021,2026-05.csv,,,,,,,,,,,,,,,,,,
04/03/2022,2026-05.csv,,,,,,,,,,,,,,,,,,
04/03/2022,2026-05.csv,,,,,,,,,,,,,,,,,,
27/02/2024,2026-05.csv,,,,,,,,,,,,,,,,,,
24/01/2022,2026-05.csv,,,,,,,,,,,,,,,,,,
09/02/2022,2026-05.csv,,,,,,,,,,,,,,,,,,
19/05/2022,2026-05.csv,,,,,,,,,,,,,,,,,,
08/03/2021,2026-05.csv,,,,,,,,,,,,,,,,,,
14/06/2021,2026-05.csv,,,,,,,,,,,,,,,,,,
03/03/2021,2026-05.csv,,,,,,,,,,,,,,,,,,
01/09/2020,2026-05.csv,,,,,,,,,,,,,,,,,,
01/09/2020,2026-05.csv,,,,,,,,,,,,,,,,,,
22/03/2023,2026-05.csv,,,,,,,,,,,,,,,,,,
13/07/2020,2026-05.csv,,,,,,,,,,,,,,,,,,
13/07/2020,2026-05.csv,,,,,,,,,,,,,,,,,,
13/07/2020,2026-05.csv,,,,,,,,,,,,,,,,,,
13/07/2020,2026-05.csv,,,,,,,,,,,,,,,,,,
07/03/2024,2026-05.csv,,,,,,,,,,,,,,,,,,
11/03/2022,2026-05.csv,,,,,,,,,,,,,,,,,,
16/12/2009,2026-05.csv,,,,,,,,,,,,,,,,,,
31/01/2022,2026-05.csv,,,,,,,,,,,,,,,,,,
04/01/2023,2026-05.csv,,,,,,,,,,,,,,,,,,
01/01/2020,2026-05.csv,,,,,,,,,,,,,,,,,,
31/08/2017,2026-05.csv,,,,,,,,,,,,,,,,,,
31/03/2022,2026-05.csv,,,,,,,,,,,,,,,,,,
14/03/2018,2026-05.csv,,,,,,,,,,,,,,,,,,
01/02/2016,2026-05.csv,,,,,,,,,,,,,,,,,,
06/12/2021,2026-05.csv,,,,,,,,,,,,,,,,,,
17/02/2016,2026-05.csv,,,,,,,,,,,,,,,,,,
27/02/2018,2026-05.csv,,,,,,,,,,,,,,,,,,
22/01/2019,2026-05.csv,,,,,,,,,,,,,,,,,,
17/03/2016,2026-05.csv,,,,,,,,,,,,,,,,,,
08/08/2018,2026-05.csv,,,,,,,,,,,,,,,,,,
31/03/2021,2026-05.csv,,,,,,,,,,,,,,,,,,
04/11/2022,2026-05.csv,,,,,,,,,,,,,,,,,,
25/09/2018,2026-05.csv,,,,,,,,,,,,,,,,,,
07/03/2016,2026-05.csv,,,,,,,,,,,,,,,,,,
22/01/2021,2026-05.csv,,,,,,,,,,,,,,,,,,
22/01/2021,2026-05.csv,,,,,,,,,,,,,,,,,,
22/01/2021,2026-05.csv,,,,,,,,,,,,,,,,,,
23/11/2020,2026-05.csv,,,,,,,,,,,,,,,,,,
07/12/2020,2026-05.csv,,,,,,,,,,,,,,,,,,
17/02/2016,2026-05.csv,,,,,,,,,,,,,,,,,,
15/10/2024,2026-05.csv,,,,,,,,,,,,,,,,,,
22/06/2022,2026-05.csv,,,,,,,,,,,,,,,,,,
08/06/2021,2026-05.csv,,,,,,,,,,,,,,,,,,
15/02/2018,2026-05.csv,,,,,,,,,,,,,,,,,,
14/03/2023,2026-05.csv,,,,,,,,,,,,,,,,,,
09/01/2023,2026-05.csv,,,,,,,,,,,,,,,,,,
09/11/2022,2026-05.csv,,,,,,,,,,,,,,,,,,
08/12/2023,2026-05.csv,,,,,,,,,,,,,,,,,,
24/01/2024,2026-05.csv,,,,,,,,,,,,,,,,,,
01/03/2018,2026-05.csv,,,,,,,,,,,,,,,,,,
14/02/2019,2026-05.csv,,,,,,,,,,,,,,,,,,
14/02/2019,2026-05.csv,,,,,,,,,,,,,,,,,,
30/03/2017,2026-05.csv,,,,,,,,,,,,,,,,,,
27/02/2017,2026-05.csv,,,,,,,,,,,,,,,,,,
26/03/2018,2026-05.csv,,,,,,,,,,,,,,,,,,
26/03/2025,2026-05.csv,,,,,,,,,,,,,,,,,,
05/01/2023,2026-05.csv,,,,,,,,,,,,,,,,,,
20/12/2018,2026-05.csv,,,,,,,,,,,,,,,,,,
25/01/2017,2026-05.csv,,,,,,,,,,,,,,,,,,
11/05/2020,2026-05.csv,,,,,,,,,,,,,,,,,,
15/10/2024,2026-05.csv,,,,,,,,,,,,,,,,,,
30/05/2011,2026-05.csv,,,,,,,,,,,,,,,,,,
09/11/2017,2026-05.csv,,,,,,,,,,,,,,,,,,
25/09/2024,2026-05.csv,,,,,,,,,,,,,,,,,,
15/10/2024,2026-05.csv,,,,,,,,,,,,,,,,,,
05/07/2017,2026-05.csv,,,,,,,,,,,,,,,,,,
31/03/2016,2026-05.csv,,,,,,,,,,,,,,,,,,
16/03/2023,2026-05.csv,,,,,,,,,,,,,,,,,,
27/02/2018,2026-05.csv,,,,,,,,,,,,,,,,,,
28/10/2024,2026-05.csv,,,,,,,,,,,,,,,,,,
01/09/2022,2026-05.csv,,,,,,,,,,,,,,,,,,
26/08/2022,2026-05.csv,,,,,,,,,,,,,,,,,,
07/11/2022,2026-05.csv,,,,,,,,,,,,,,,,,,
20/09/2022,2026-05.csv,,,,,,,,,,,,,,,,,,
01/03/2017,2026-05.csv,,,,,,,,,,,,,,,,,,
27/03/2018,2026-05.csv,,,,,,,,,,,,,,,,,,
13/06/2017,2026-05.csv,,,,,,,,,,,,,,,,,,
22/12/2021,2026-05.csv,,,,,,,,,,,,,,,,,,
20/03/2018,2026-05.csv,,,,,,,,,,,,,,,,,,
12/04/2022,2026-05.csv,,,,,,,,,,,,,,,,,,
01/03/2018,2026-05.csv,,,,,,,,,,,,,,,,,,
01/03/2018,2026-05.csv,,,,,,,,,,,,,,,,,,
09/02/2022,2026-05.csv,,,,,,,,,,,,,,,,,,
10/11/2022,2026-05.csv,,,,,,,,,,,,,,,,,,
01/03/2018,2026-05.csv,,,,,,,,,,,,,,,,,,
15/03/2018,2026-05.csv,,,,,,,,,,,,,,,,,,
04/01/2021,2026-05.csv,,,,,,,,,,,,,,,,,,
03/03/2021,2026-05.csv,,,,,,,,,,,,,,,,,,
26/10/2016,2026-05.csv,,,,,,,,,,,,,,,,,,
13/03/2018,2026-05.csv,,,,,,,,,,,,,,,,,,
14/03/2024,2026-05.csv,,,,,,,,,,,,,,,,,,
17/05/2023,2026-05.csv,,,,,,,,,,,,,,,,,,
24/03/2022,2026-05.csv,,,,,,,,,,,,,,,,,,
29/03/2022,2026-05.csv,,,,,,,,,,,,,,,,,,
09/03/2023,2026-05.csv,,,,,,,,,,,,,,,,,,
19/10/2022,2026-05.csv,,,,,,,,,,,,,,,,,,
09/07/2020,2026-05.csv,,,,,,,,,,,,,,,,,,
22/03/2022,2026-05.csv,,,,,,,,,,,,,,,,,,
23/03/2022,2026-05.csv,,,,,,,,,,,,,,,,,,
14/03/2018,2026-05.csv,,,,,,,,,,,,,,,,,,
31/03/2021,2026-05.csv,,,,,,,,,,,,,,,,,,
17/03/2016,2026-05.csv,,,,,,,,,,,,,,,,,,
20/02/2020,2026-05.csv,,,,,,,,,,,,,,,,,,
31/03/2021,2026-05.csv,,,,,,,,,,,,,,,,,,
30/03/2023,2026-05.csv,,,,,,,,,,,,,,,,,,
14/02/2023,2026-05.csv,,,,,,,,,,,,,,,,,,
27/03/2023,2026-05.csv,,,,,,,,,,,,,,,,,,
27/03/2023,2026-05.csv,,,,,,,,,,,,,,,,,,
27/03/2023,2026-05.csv,,,,,,,,,,,,,,,,,,
27/03/2023,2026-05.csv,,,,,,,,,,,,,,,,,,
27/03/2025,2026-05.csv,,,,,,,,,,,,,,,,,,
21/09/2021,2026-05.csv,,,,,,,,,,,,,,,,,,
18/03/2020,2026-05.csv,,,,,,,,,,,,,,,,,,
27/02/2018,2026-05.csv,,,,,,,,,,,,,,,,,,
22/12/2021,2026-05.csv,,,,,,,,,,,,,,,,,,
01/03/2023,2026-05.csv,,,,,,,,,,,,,,,,,,
25/02/2016,2026-05.csv,,,,,,,,,,,,,,,,,,
28/12/2021,2026-05.csv,,,,,,,,,,,,,,,,,,
11/03/2022,2026-05.csv,,,,,,,,,,,,,,,,,,
15/03/2024,2026-05.csv,,,,,,,,,,,,,,,,,,
15/03/2024,2026-05.csv,,,,,,,,,,,,,,,,,,
15/03/2024,2026-05.csv,,,,,,,,,,,,,,,,,,
02/11/2016,2026-05.csv,,,,,,,,,,,,,,,,,,
13/08/2020,2026-05.csv,,,,,,,,,,,,,,,,,,
22/03/2017,2026-05.csv,,,,,,,,,,,,,,,,,,
26/02/2020,2026-05.csv,,,,,,,,,,,,,,,,,,
27/02/2018,2026-05.csv,,,,,,,,,,,,,,,,,,
10/08/2016,2026-05.csv,,,,,,,,,,,,,,,,,,
05/01/2022,2026-05.csv,,,,,,,,,,,,,,,,,,
08/02/2024,2026-05.csv,,,,,,,,,,,,,,,,,,
16/02/2023,2026-05.csv,,,,,,,,,,,,,,,,,,
02/07/2021,2026-05.csv,,,,,,,,,,,,,,,,,,
20/03/2020,2026-05.csv,,,,,,,,,,,,,,,,,,
19/03/2020,2026-05.csv,,,,,,,,,,,,,,,,,,
31/03/2022,2026-05.csv,,,,,,,,,,,,,,,,,,
24/03/2023,2026-05.csv,,,,,,,,,,,,,,,,,,
06/07/2022,2026-05.csv,,,,,,,,,,,,,,,,,,
27/03/2025,2026-05.csv,,,,,,,,,,,,,,,,,,
22/03/2022,2026-05.csv,,,,,,,,,,,,,,,,,,
08/01/2022,2026-05.csv,,,,,,,,,,,,,,,,,,
30/06/2022,2026-05.csv,,,,,,,,,,,,,,,,,,
16/05/2025,2026-05.csv,,,,,,,,,,,,,,,,,,
18/09/2020,2026-05.csv,,,,,,,,,,,,,,,,,,
26/03/2021,2026-05.csv,,,,,,,,,,,,,,,,,,
20/03/2018,2026-05.csv,,,,,,,,,,,,,,,,,,
13/03/2018,2026-05.csv,,,,,,,,,,,,,,,,,,
26/02/2018,2026-05.csv,,,,,,,,,,,,,,,,,,
26/02/2018,2026-05.csv,,,,,,,,,,,,,,,,,,
27/01/2022,2026-05.csv,,,,,,,,,,,,,,,,,,
27/01/2015,2026-05.csv,,,,,,,,,,,,,,,,,,
20/03/2018,2026-05.csv,,,,,,,,,,,,,,,,,,
16/05/2023,2026-05.csv,,,,,,,,,,,,,,,,,,
22/03/2022,2026-05.csv,,,,,,,,,,,,,,,,,,
04/03/2024,2026-05.csv,,,,,,,,,,,,,,,,,,
20/03/2018,2026-05.csv,,,,,,,,,,,,,,,,,,
28/03/2017,2026-05.csv,,,,,,,,,,,,,,,,,,
14/09/2021,2026-05.csv,,,,,,,,,,,,,,,,,,
08/07/2020,2026-05.csv,,,,,,,,,,,,,,,,,,
18/03/2020,2026-05.csv,,,,,,,,,,,,,,,,,,
11/08/2020,2026-05.csv,,,,,,,,,,,,,,,,,,
14/08/2020,2026-05.csv,,,,,,,,,,,,,,,,,,
19/08/2020,2026-05.csv,,,,,,,,,,,,,,,,,,
18/04/2020,2026-05.csv,,,,,,,,,,,,,,,,,,
18/04/2020,2026-05.csv,,,,,,,,,,,,,,,,,,
18/04/2020,2026-05.csv,,,,,,,,,,,,,,,,,,
18/04/2020,2026-05.csv,,,,,,,,,,,,,,,,,,
10/08/2020,2026-05.csv,,,,,,,,,,,,,,,,,,
11/08/2020,2026-05.csv,,,,,,,,,,,,,,,,,,
24/08/2020,2026-05.csv,,,,,,,,,,,,,,,,,,
09/06/2022,2026-05.csv,,,,,,,,,,,,,,,,,,
17/03/2022,2026-05.csv,,,,,,,,,,,,,,,,,,
06/01/2022,2026-05.csv,,,,,,,,,,,,,,,,,,
20/12/2024,2026-05.csv,,,,,,,,,,,,,,,,,,
11/03/2024,2026-05.csv,,,,,,,,,,,,,,,,,,
28/06/2017,2026-05.csv,,,,,,,,,,,,,,,,,,
31/03/2022,2026-05.csv,,,,,,,,,,,,,,,,,,
02/03/2015,2026-05.csv,,,,,,,,,,,,,,,,,,
02/01/2014,2026-05.csv,,,,,,,,,,,,,,,,,,
10/02/2022,2026-05.csv,,,,,,,,,,,,,,,,,,
15/03/2024,2026-05.csv,,,,,,,,,,,,,,,,,,
14/03/2024,2026-05.csv,,,,,,,,,,,,,,,,,,
20/02/2023,2026-05.csv,,,,,,,,,,,,,,,,,,
25/03/2022,2026-05.csv,,,,,,,,,,,,,,,,,,
25/03/2022,2026-05.csv,,,,,,,,,,,,,,,,,,
18/03/2020,2026-05.csv,,,,,,,,,,,,,,,,,,
11/04/2025,2026-05.csv,,,,,,,,,,,,,,,,,,
30/05/2025,2026-05.csv,,,,,,,,,,,,,,,,,,
15/02/2017,2026-05.csv,,,,,,,,,,,,,,,,,,
16/12/2006,2026-05.csv,,,,,,,,,,,,,,,,,,
18/02/2020,2026-05.csv,,,,,,,,,,,,,,,,,,
18/02/2020,2026-05.csv,,,,,,,,,,,,,,,,,,
15/10/2024,2026-05.csv,,,,,,,,,,,,,,,,,,
04/02/2019,2026-05.csv,,,,,,,,,,,,,,,,,,
20/02/2017,2026-05.csv,,,,,,,,,,,,,,,,,,
22/09/2009,2026-05.csv,,,,,,,,,,,,,,,,,,
25/01/2017,2026-05.csv,,,,,,,,,,,,,,,,,,
01/03/2018,2026-05.csv,,,,,,,,,,,,,,,,,,
01/02/2016,2026-05.csv,,,,,,,,,,,,,,,,,,
17/02/2017,2026-05.csv,,,,,,,,,,,,,,,,,,
01/12/2015,2026-05.csv,,,,,,,,,,,,,,,,,,
01/02/2016,2026-05.csv,,,,,,,,,,,,,,,,,,
26/12/2017,2026-05.csv,,,,,,,,,,,,,,,,,,
19/05/2020,2026-05.csv,,,,,,,,,,,,,,,,,,
10/02/2009,2026-05.csv,,,,,,,,,,,,,,,,,,
20/01/2020,2026-05.csv,,,,,,,,,,,,,,,,,,
20/01/2020,2026-05.csv,,,,,,,,,,,,,,,,,,
28/02/2024,2026-05.csv,,,,,,,,,,,,,,,,,,
05/02/2024,2026-05.csv,,,,,,,,,,,,,,,,,,
28/03/2018,2026-05.csv,,,,,,,,,,,,,,,,,,
31/01/2024,2026-05.csv,,,,,,,,,,,,,,,,,,
17/08/2005,2026-05.csv,,,,,,,,,,,,,,,,,,
08/06/2021,2026-05.csv,,,,,,,,,,,,,,,,,,
08/11/2017,2026-05.csv,,,,,,,,,,,,,,,,,,
31/03/2021,2026-05.csv,,,,,,,,,,,,,,,,,,
24/03/2023,2026-05.csv,,,,,,,,,,,,,,,,,,
12/08/2022,2026-05.csv,,,,,,,,,,,,,,,,,,
15/03/2024,2026-05.csv,,,,,,,,,,,,,,,,,,
30/03/2023,2026-05.csv,,,,,,,,,,,,,,,,,,
23/02/2018,2026-05.csv,,,,,,,,,,,,,,,,,,
23/06/2016,2026-05.csv,,,,,,,,,,,,,,,,,,
09/09/2017,2026-05.csv,,,,,,,,,,,,,,,,,,
19/11/2013,2026-05.csv,,,,,,,,,,,,,,,,,,
14/02/2019,2026-05.csv,,,,,,,,,,,,,,,,,,
24/06/2005,2026-05.csv,,,,,,,,,,,,,,,,,,
06/09/2021,2026-05.csv,,,,,,,,,,,,,,,,,,
02/11/2022,2026-05.csv,,,,,,,,,,,,,,,,,,
09/12/2006,2026-05.csv,,,,,,,,,,,,,,,,,,
04/03/2021,2026-05.csv,,,,,,,,,,,,,,,,,,
27/02/2018,2026-05.csv,,,,,,,,,,,,,,,,,,
07/11/2017,2026-05.csv,,,,,,,,,,,,,,,,,,
15/11/2009,2026-05.csv,,,,,,,,,,,,,,,,,,
24/08/2020,2026-05.csv,,,,,,,,,,,,,,,,,,
17/04/2020,2026-05.csv,,,,,,,,,,,,,,,,,,
24/08/2020,2026-05.csv,,,,,,,,,,,,,,,,,,
29/11/2024,2026-05.csv,,,,,,,,,,,,,,,,,,
20/08/2022,2026-05.csv,,,,,,,,,,,,,,,,,,
01/02/2019,2026-05.csv,,,,,,,,,,,,,,,,,,
07/10/2022,2026-05.csv,,,,,,,,,,,,,,,,,,
30/09/2022,2026-05.csv,,,,,,,,,,,,,,,,,,
14/10/2022,2026-05.csv,,,,,,,,,,,,,,,,,,
22/12/2020,2026-05.csv,,,,,,,,,,,,,,,,,,
12/03/2020,2026-05.csv,,,,,,,,,,,,,,,,,,
01/02/2024,2026-05.csv,,,,,,,,,,,,,,,,,,
07/02/2022,2026-05.csv,,,,,,,,,,,,,,,,,,
27/02/2023,2026-05.csv,,,,,,,,,,,,,,,,,,
13/12/2021,2026-05.csv,,,,,,,,,,,,,,,,,,
14/07/2020,2026-05.csv,,,,,,,,,,,,,,,,,,
14/07/2020,2026-05.csv,,,,,,,,,,,,,,,,,,
21/09/2021,2026-05.csv,,,,,,,,,,,,,,,,,,
14/03/2024,2026-05.csv,,,,,,,,,,,,,,,,,,
14/03/2018,2026-05.csv,,,,,,,,,,,,,,,,,,
28/10/2024,2026-05.csv,,,,,,,,,,,,,,,,,,
14/02/2023,2026-05.csv,,,,,,,,,,,,,,,,,,
12/03/2021,2026-05.csv,,,,,,,,,,,,,,,,,,
29/12/2022,2026-05.csv,,,,,,,,,,,,,,,,,,
31/03/2021,2026-05.csv,,,,,,,,,,,,,,,,,,
06/12/2022,2026-05.csv,,,,,,,,,,,,,,,,,,
12/01/2025,2026-05.csv,,,,,,,,,,,,,,,,,,
15/03/2022,2026-05.csv,,,,,,,,,,,,,,,,,,
22/11/2021,2026-05.csv,,,,,,,,,,,,,,,,,,
28/03/2022,2026-05.csv,,,,,,,,,,,,,,,,,,
24/03/2023,2026-05.csv,,,,,,,,,,,,,,,,,,
14/03/2022,2026-05.csv,,,,,,,,,,,,,,,,,,
06/03/2024,2026-05.csv,,,,,,,,,,,,,,,,,,
06/03/2025,2026-05.csv,,,,,,,,,,,,,,,,,,
24/03/2022,2026-05.csv,,,,,,,,,,,,,,,,,,
24/03/2022,2026-05.csv,,,,,,,,,,,,,,,,,,
25/03/2022,2026-05.csv,,,,,,,,,,,,,,,,,,
12/01/2022,2026-05.csv,,,,,,,,,,,,,,,,,,
31/03/2021,2026-05.csv,,,,,,,,,,,,,,,,,,
27/03/2023,2026-05.csv,,,,,,,,,,,,,,,,,,
31/03/2022,2026-05.csv,,,,,,,,,,,,,,,,,,
31/03/2022,2026-05.csv,,,,,,,,,,,,,,,,,,
26/02/2024,2026-05.csv,,,,,,,,,,,,,,,,,,
06/12/2021,2026-05.csv,,,,,,,,,,,,,,,,,,
27/03/2023,2026-05.csv,,,,,,,,,,,,,,,,,,
01/02/2024,2026-05.csv,,,,,,,,,,,,,,,,,,
08/03/2022,2026-05.csv,,,,,,,,,,,,,,,,,,
20/10/2022,2026-05.csv,,,,,,,,,,,,,,,,,,
21/02/2024,2026-05.csv,,,,,,,,,,,,,,,,,,
11/03/2022,2026-05.csv,,,,,,,,,,,,,,,,,,
24/12/2021,2026-05.csv,,,,,,,,,,,,,,,,,,
29/12/2022,2026-05.csv,,,,,,,,,,,,,,,,,,
28/11/2022,2026-05.csv,,,,,,,,,,,,,,,,,,
24/03/2022,2026-05.csv,,,,,,,,,,,,,,,,,,
26/03/2018,2026-05.csv,,,,,,,,,,,,,,,,,,
07/05/2020,2026-05.csv,,,,,,,,,,,,,,,,,,
30/07/2020,2026-05.csv,,,,,,,,,,,,,,,,,,
11/07/2023,2026-05.csv,,,,,,,,,,,,,,,,,,
11/07/2023,2026-05.csv,,,,,,,,,,,,,,,,,,
19/02/2018,2026-05.csv,,,,,,,,,,,,,,,,,,
19/06/2020,2026-05.csv,,,,,,,,,,,,,,,,,,
07/08/2020,2026-05.csv,,,,,,,,,,,,,,,,,,
06/06/2020,2026-05.csv,,,,,,,,,,,,,,,,,,
27/05/2021,2026-05.csv,,,,,,,,,,,,,,,,,,
18/05/2021,2026-05.csv,,,,,,,,,,,,,,,,,,
24/06/2021,2026-05.csv,,,,,,,,,,,,,,,,,,
03/09/2021,2026-05.csv,,,,,,,,,,,,,,,,,,
07/10/2020,2026-05.csv,,,,,,,,,,,,,,,,,,
16/04/2015,2026-05.csv,,,,,,,,,,,,,,,,,,
26/12/2017,2026-05.csv,,,,,,,,,,,,,,,,,,
01/03/2018,2026-05.csv,,,,,,,,,,,,,,,,,,
06/12/2024,2026-05.csv,,,,,,,,,,,,,,,,,,
11/12/2023,2026-05.csv,,,,,,,,,,,,,,,,,,
30/03/2020,2026-05.csv,,,,,,,,,,,,,,,,,,
30/03/2021,2026-05.csv,,,,,,,,,,,,,,,,,,
26/02/2018,2026-05.csv,,,,,,,,,,,,,,,,,,
31/03/2022,2026-05.csv,,,,,,,,,,,,,,,,,,
31/03/2021,2026-05.csv,,,,,,,,,,,,,,,,,,
31/03/2021,2026-05.csv,,,,,,,,,,,,,,,,,,
31/03/2021,2026-05.csv,,,,,,,,,,,,,,,,,,
31/03/2023,2026-05.csv,,,,,,,,,,,,,,,,,,
31/03/2023,2026-05.csv,,,,,,,,,,,,,,,,,,
29/03/2023,2026-05.csv,,,,,,,,,,,,,,,,,,
31/03/2021,2026-05.csv,,,,,,,,,,,,,,,,,,
11/03/2022,2026-05.csv,,,,,,,,,,,,,,,,,,
16/03/2022,2026-05.csv,,,,,,,,,,,,,,,,,,
05/01/2022,2026-05.csv,,,,,,,,,,,,,,,,,,
31/03/2022,2026-05.csv,,,,,,,,,,,,,,,,,,
09/05/2022,2026-05.csv,,,,,,,,,,,,,,,,,,
19/01/2018,2026-05.csv,,,,,,,,,,,,,,,,,,
21/01/2022,2026-05.csv,,,,,,,,,,,,,,,,,,
12/02/2024,2026-05.csv,,,,,,,,,,,,,,,,,,
11/03/2024,2026-05.csv,,,,,,,,,,,,,,,,,,
11/09/2023,2026-05.csv,,,,,,,,,,,,,,,,,,
24/01/2022,2026-05.csv,,,,,,,,,,,,,,,,,,
24/01/2022,2026-05.csv,,,,,,,,,,,,,,,,,,
24/03/2022,2026-05.csv,,,,,,,,,,,,,,,,,,
07/03/2022,2026-05.csv,,,,,,,,,,,,,,,,,,
31/03/2022,2026-05.csv,,,,,,,,,,,,,,,,,,
17/05/2023,2026-05.csv,,,,,,,,,,,,,,,,,,
06/10/2022,2026-05.csv,,,,,,,,,,,,,,,,,,
17/03/2022,2026-05.csv,,,,,,,,,,,,,,,,,,
30/09/2019,2026-05.csv,,,,,,,,,,,,,,,,,,
30/09/2019,2026-05.csv,,,,,,,,,,,,,,,,,,
30/09/2019,2026-05.csv,,,,,,,,,,,,,,,,,,
30/09/2019,2026-05.csv,,,,,,,,,,,,,,,,,,
30/09/2019,2026-05.csv,,,,,,,,,,,,,,,,,,
30/09/2019,2026-05.csv,,,,,,,,,,,,,,,,,,
14/03/2018,2026-05.csv,,,,,,,,,,,,,,,,,,
08/03/2023,2026-05.csv,,,,,,,,,,,,,,,,,,
14/10/2022,2026-05.csv,,,,,,,,,,,,,,,,,,
17/01/2024,2026-05.csv,,,,,,,,,,,,,,,,,,
23/06/2020,2026-05.csv,,,,,,,,,,,,,,,,,,
19/02/2021,2026-05.csv,,,,,,,,,,,,,,,,,,
13/01/2022,2026-05.csv,,,,,,,,,,,,,,,,,,
31/03/2021,2026-05.csv,,,,,,,,,,,,,,,,,,
02/09/2021,2026-05.csv,,,,,,,,,,,,,,,,,,
25/01/2024,2026-05.csv,,,,,,,,,,,,,,,,,,
16/12/2022,2026-05.csv,,,,,,,,,,,,,,,,,,
16/12/2022,2026-05.csv,,,,,,,,,,,,,,,,,,
16/12/2022,2026-05.csv,,,,,,,,,,,,,,,,,,
22/03/2022,2026-05.csv,,,,,,,,,,,,,,,,,,
09/02/2022,2026-05.csv,,,,,,,,,,,,,,,,,,
03/12/2021,2026-05.csv,,,,,,,,,,,,,,,,,,
13/12/2021,2026-05.csv,,,,,,,,,,,,,,,,,,
03/01/2023,2026-05.csv,,,,,,,,,,,,,,,,,,
26/10/2022,2026-05.csv,,,,,,,,,,,,,,,,,,
13/01/2023,2026-05.csv,,,,,,,,,,,,,,,,,,
14/10/2022,2026-05.csv,,,,,,,,,,,,,,,,,,
18/01/2022,2026-05.csv,,,,,,,,,,,,,,,,,,
20/01/2022,2026-05.csv,,,,,,,,,,,,,,,,,,
10/02/2017,2026-05.csv,,,,,,,,,,,,,,,,,,
19/10/2022,2026-05.csv,,,,,,,,,,,,,,,,,,
18/06/2020,2026-05.csv,,,,,,,,,,,,,,,,,,
31/03/2021,2026-05.csv,,,,,,,,,,,,,,,,,,
27/04/2020,2026-05.csv,,,,,,,,,,,,,,,,,,
27/04/2020,2026-05.csv,,,,,,,,,,,,,,,,,,
14/02/2020,2026-05.csv,,,,,,,,,,,,,,,,,,
31/03/2021,2026-05.csv,,,,,,,,,,,,,,,,,,
30/03/2022,2026-05.csv,,,,,,,,,,,,,,,,,,
06/10/2016,2026-05.csv,,,,,,,,,,,,,,,,,,
15/03/2024,2026-05.csv,,,,,,,,,,,,,,,,,,
30/12/2022,2026-05.csv,,,,,,,,,,,,,,,,,,
13/03/2023,2026-05.csv,,,,,,,,,,,,,,,,,,
09/02/2023,2026-05.csv,,,,,,,,,,,,,,,,,,
12/01/2022,2026-05.csv,,,,,,,,,,,,,,,,,,
29/03/2023,2026-05.csv,,,,,,,,,,,,,,,,,,
24/01/2022,2026-05.csv,,,,,,,,,,,,,,,,,,
31/05/2023,2026-05.csv,,,,,,,,,,,,,,,,,,
14/03/2023,2026-05.csv,,,,,,,,,,,,,,,,,,
09/03/2023,2026-05.csv,,,,,,,,,,,,,,,,,,
21/03/2022,2026-05.csv,,,,,,,,,,,,,,,,,,
30/03/2022,2026-05.csv,,,,,,,,,,,,,,,,,,
31/03/2021,2026-05.csv,,,,,,,,,,,,,,,,,,
01/12/2022,2026-05.csv,,,,,,,,,,,,,,,,,,
31/03/2022,2026-05.csv,,,,,,,,,,,,,,,,,,
30/03/2022,2026-05.csv,,,,,,,,,,,,,,,,,,
08/01/2024,2026-05.csv,,,,,,,,,,,,,,,,,,
23/03/2022,2026-05.csv,,,,,,,,,,,,,,,,,,
14/10/2022,2026-05.csv,,,,,,,,,,,,,,,,,,
08/03/2023,2026-05.csv,,,,,,,,,,,,,,,,,,
21/02/2023,2026-05.csv,,,,,,,,,,,,,,,,,,
14/02/2023,2026-05.csv,,,,,,,,,,,,,,,,,,
31/03/2020,2026-05.csv,,,,,,,,,,,,,,,,,,
29/03/2022,2026-05.csv,,,,,,,,,,,,,,,,,,
31/03/2022,2026-05.csv,,,,,,,,,,,,,,,,,,
31/03/2022,2026-05.csv,,,,,,,,,,,,,,,,,,
20/01/2017,2026-05.csv,,,,,,,,,,,,,,,,,,
30/03/2017,2026-05.csv,,,,,,,,,,,,,,,,,,
20/01/2017,2026-05.csv,,,,,,,,,,,,,,,,,,
03/03/2022,2026-05.csv,,,,,,,,,,,,,,,,,,
30/03/2017,2026-05.csv,,,,,,,,,,,,,,,,,,
06/10/2016,2026-05.csv,,,,,,,,,,,,,,,,,,
14/10/2022,2026-05.csv,,,,,,,,,,,,,,,,,,
28/02/2024,2026-05.csv,,,,,,,,,,,,,,,,,,
15/03/2024,2026-05.csv,,,,,,,,,,,,,,,,,,
15/03/2024,2026-05.csv,,,,,,,,,,,,,,,,,,
12/09/2022,2026-05.csv,,,,,,,,,,,,,,,,,,
30/03/2021,2026-05.csv,,,,,,,,,,,,,,,,,,
01/09/2020,2026-05.csv,,,,,,,,,,,,,,,,,,
31/03/2023,2026-05.csv,,,,,,,,,,,,,,,,,,
31/03/2023,2026-05.csv,,,,,,,,,,,,,,,,,,
29/03/2023,2026-05.csv,,,,,,,,,,,,,,,,,,
04/01/2023,2026-05.csv,,,,,,,,,,,,,,,,,,
13/03/2020,2026-05.csv,,,,,,,,,,,,,,,,,,
13/03/2020,2026-05.csv,,,,,,,,,,,,,,,,,,
30/03/2021,2026-05.csv,,,,,,,,,,,,,,,,,,
11/03/2022,2026-05.csv,,,,,,,,,,,,,,,,,,
30/11/2023,2026-05.csv,,,,,,,,,,,,,,,,,,
09/09/2021,2026-05.csv,,,,,,,,,,,,,,,,,,
05/01/2023,2026-05.csv,,,,,,,,,,,,,,,,,,
31/03/2023,2026-05.csv,,,,,,,,,,,,,,,,,,
03/01/2023,2026-05.csv,,,,,,,,,,,,,,,,,,
07/03/2023,2026-05.csv,,,,,,,,,,,,,,,,,,
11/03/2024,2026-05.csv,,,,,,,,,,,,,,,,,,
28/02/2024,2026-05.csv,,,,,,,,,,,,,,,,,,
04/03/2024,2026-05.csv,,,,,,,,,,,,,,,,,,
07/02/2024,2026-05.csv,,,,,,,,,,,,,,,,,,
27/02/2024,2026-05.csv,,,,,,,,,,,,,,,,,,
28/02/2024,2026-05.csv,,,,,,,,,,,,,,,,,,
27/03/2023,2026-05.csv,,,,,,,,,,,,,,,,,,
11/03/2024,2026-05.csv,,,,,,,,,,,,,,,,,,
27/03/2023,2026-05.csv,,,,,,,,,,,,,,,,,,
11/03/2022,2026-05.csv,,,,,,,,,,,,,,,,,,
31/03/2022,2026-05.csv,,,,,,,,,,,,,,,,,,
30/09/2021,2026-05.csv,,,,,,,,,,,,,,,,,,
23/05/2022,2026-05.csv,,,,,,,,,,,,,,,,,,
21/10/2022,2026-05.csv,,,,,,,,,,,,,,,,,,
24/03/2025,2026-05.csv,,,,,,,,,,,,,,,,,,
31/12/2023,2026-05.csv,,,,,,,,,,,,,,,,,,
30/09/2021,2026-05.csv,,,,,,,,,,,,,,,,,,
31/12/2019,2026-05.csv,,,,,,,,,,,,,,,,,,
28/11/2014,2026-05.csv,,,,,,,,,,,,,,,,,,
09/07/2024,2026-05.csv,,,,,,,,,,,,,,,,,,
30/03/2015,2026-05.csv,,,,,,,,,,,,,,,,,,
10/11/2015,2026-05.csv,,,,,,,,,,,,,,,,,,
11/09/2023,2026-05.csv,,,,,,,,,,,,,,,,,,
15/11/2023,2026-05.csv,,,,,,,,,,,,,,,,,,
30/11/2023,2026-05.csv,,,,,,,,,,,,,,,,,,
31/10/2023,2026-05.csv,,,,,,,,,,,,,,,,,,
20/01/2025,2026-05.csv,,,,,,,,,,,,,,,,,,
26/07/2024,2026-05.csv,,,,,,,,,,,,,,,,,,
28/03/2024,2026-05.csv,,,,,,,,,,,,,,,,,,
11/07/2024,2026-05.csv,,,,,,,,,,,,,,,,,,
09/08/2023,2026-05.csv,,,,,,,,,,,,,,,,,,
31/01/2009,2026-05.csv,,,,,,,,,,,,,,,,,,
20/01/2025,2026-05.csv,,,,,,,,,,,,,,,,,,
20/01/2025,2026-05.csv,,,,,,,,,,,,,,,,,,
16/11/2024,2026-05.csv,,,,,,,,,,,,,,,,,,
09/09/2024,2026-05.csv,,,,,,,,,,,,,,,,,,
01/11/2020,2026-05.csv,,,,,,,,,,,,,,,,,,
23/12/2019,2026-05.csv,,,,,,,,,,,,,,,,,,
19/07/2017,2026-05.csv,,,,,,,,,,,,,,,,,,
27/04/2022,2026-05.csv,,,,,,,,,,,,,,,,,,
23/05/2018,2026-05.csv,,,,,,,,,,,,,,,,,,
31/05/2023,2026-05.csv,,,,,,,,,,,,,,,,,,
08/05/2023,2026-05.csv,,,,,,,,,,,,,,,,,,
17/11/2021,2026-05.csv,,,,,,,,,,,,,,,,,,
19/09/2019,2026-05.csv,,,,,,,,,,,,,,,,,,
09/12/2020,2026-05.csv,,,,,,,,,,,,,,,,,,
27/07/2022,2026-05.csv,,,,,,,,,,,,,,,,,,
09/10/2014,2026-05.csv,,,,,,,,,,,,,,,,,,
22/02/2019,2026-05.csv,,,,,,,,,,,,,,,,,,
28/08/2024,2026-05.csv,,,,,,,,,,,,,,,,,,
21/03/2025,2026-05.csv,,,,,,,,,,,,,,,,,,
21/08/2025,2026-05.csv,,,,,,,,,,,,,,,,,,
24/03/2025,2026-05.csv,,,,,,,,,,,,,,,,,,
08/10/2025,2026-05.csv,,,,,,,,,,,,,,,,,,
24/02/2025,2026-05.csv,,,,,,,,,,,,,,,,,,
15/10/2024,2026-05.csv,,,,,,,,,,,,,,,,,,
18/02/2025,2026-05.csv,,,,,,,,,,,,,,,,,,
18/02/2025,2026-05.csv,,,,,,,,,,,,,,,,,,
14/10/2014,2026-05.csv,,,,,,,,,,,,,,,,,,
02/09/2024,2026-05.csv,,,,,,,,,,,,,,,,,,
25/11/2024,2026-05.csv,,,,,,,,,,,,,,,,,,
07/06/2024,2026-05.csv,,,,,,,,,,,,,,,,,,
24/02/2012,2026-05.csv,,,,,,,,,,,,,,,,,,
16/10/2025,2026-05.csv,,,,,,,,,,,,,,,,,,
03/02/2026,2026-05.csv,,,,,,,,,,,,,,,,,,
17/10/2025,2026-05.csv,,,,,,,,,,,,,,,,,,
,2026-05.csv,,,,,,,,,,,,,,,,,,
30/08/2024,2026-05.csv,,,,,,,,,,,,,,,,,,
,2026-05.csv,,,,,,,,,,,,,,,,,,
26/03/2025,2026-05.csv,,,,,,,,,,,,,,,,,,
12/03/2026,2026-05.csv,,,,,,,,,,,,,,,,,,
04/08/2025,2026-05.csv,,,,,,,,,,,,,,,,,,
01/12/2014,2026-05.csv,,,,,,,,,,,,,,,,,,
07/11/2024,2026-05.csv,,,,,,,,,,,,,,,,,,
18/03/2025,2026-05.csv,,,,,,,,,,,,,,,,,,
20/01/2025,2026-05.csv,,,,,,,,,,,,,,,,,,
24/03/2025,2026-05.csv,,,,,,,,,,,,,,,,,,
16/01/2025,2026-05.csv,,,,,,,,,,,,,,,,,,
15/07/2024,2026-05.csv,,,,,,,,,,,,,,,,,,
09/02/2024,2026-05.csv,,,,,,,,,,,,,,,,,,
21/03/2025,2026-05.csv,,,,,,,,,,,,,,,,,,
26/12/2023,2026-05.csv,,,,,,,,,,,,,,,,,,
27/09/2023,2026-05.csv,,,,,,,,,,,,,,,,,,
09/02/2024,2026-05.csv,,,,,,,,,,,,,,,,,,
26/12/2023,2026-05.csv,,,,,,,,,,,,,,,,,,
04/06/2025,2026-05.csv,,,,,,,,,,,,,,,,,,
30/05/2024,2026-05.csv,,,,,,,,,,,,,,,,,,
01/11/2023,2026-05.csv,,,,,,,,,,,,,,,,,,
15/10/2024,2026-05.csv,,,,,,,,,,,,,,,,,,
19/11/2024,2026-05.csv,,,,,,,,,,,,,,,,,,
07/11/2024,2026-05.csv,,,,,,,,,,,,,,,,,,
27/12/2023,2026-05.csv,,,,,,,,,,,,,,,,,,
27/12/2023,2026-05.csv,,,,,,,,,,,,,,,,,,
15/10/2024,2026-05.csv,,,,,,,,,,,,,,,,,,
19/08/2024,2026-05.csv,,,,,,,,,,,,,,,,,,
22/08/2024,2026-05.csv,,,,,,,,,,,,,,,,,,
19/08/2024,2026-05.csv,,,,,,,,,,,,,,,,,,
23/08/2024,2026-05.csv,,,,,,,,,,,,,,,,,,
12/11/2024,2026-05.csv,,,,,,,,,,,,,,,,,,
12/11/2024,2026-05.csv,,,,,,,,,,,,,,,,,,
30/12/2024,2026-05.csv,,,,,,,,,,,,,,,,,,
07/11/2023,2026-05.csv,,,,,,,,,,,,,,,,,,
26/10/2023,2026-05.csv,,,,,,,,,,,,,,,,,,
30/10/2023,2026-05.csv,,,,,,,,,,,,,,,,,,
01/12/2022,2026-05.csv,,,,,,,,,,,,,,,,,,
23/08/2024,2026-05.csv,,,,,,,,,,,,,,,,,,
24/03/2025,2026-05.csv,,,,,,,,,,,,,,,,,,
23/11/2022,2026-05.csv,,,,,,,,,,,,,,,,,,
02/09/2024,2026-05.csv,,,,,,,,,,,,,,,,,,
10/12/2024,2026-05.csv,,,,,,,,,,,,,,,,,,
24/09/2025,2026-05.csv,,,,,,,,,,,,,,,,,,
27/03/2025,2026-05.csv,,,,,,,,,,,,,,,,,,
12/02/2026,2026-05.csv,,,,,,,,,,,,,,,,,,
30/08/2024,2026-05.csv,,,,,,,,,,,,,,,,,,
10/01/2025,2026-05.csv,,,,,,,,,,,,,,,,,,
,2026-05.csv,,,,,,,,,,,,,,,,,,
27/05/2019,2026-05.csv,,,,,,,,,,,,,,,,,,
,2026-05.csv,,,,,,,,,,,,,,,,,,
30/11/2018,2026-05.csv,,,,,,,,,,,,,,,,,,
18/10/2024,2026-05.csv,,,,,,,,,,,,,,,,,,
07/06/2021,2026-05.csv,,,,,,,,,,,,,,,,,,
21/02/2014,2026-05.csv,,,,,,,,,,,,,,,,,,
07/01/2026,2026-05.csv,,,,,,,,,,,,,,,,,,
28/03/2024,2026-05.csv,,,,,,,,,,,,,,,,,,
03/01/2025,2026-05.csv,,,,,,,,,,,,,,,,,,
04/07/2019,2026-05.csv,,,,,,,,,,,,,,,,,,
17/03/2026,2026-05.csv,,,,,,,,,,,,,,,,,,
30/11/2018,2026-05.csv,,,,,,,,,,,,,,,,,,
,2026-05.csv,,,,,,,,,,,,,,,,,,
,2026-05.csv,,,,,,,,,,,,,,,,,,
24/04/2018,2026-05.csv,,,,,,,,,,,,,,,,,,
27/05/2019,2026-05.csv,,,,,,,,,,,,,,,,,,
21/11/2022,2026-05.csv,,,,,,,,,,,,,,,,,,
03/09/2025,2026-05.csv,,,,,,,,,,,,,,,,,,
06/07/2023,2026-05.csv,,,,,,,,,,,,,,,,,,
18/07/2013,2026-05.csv,,,,,,,,,,,,,,,,,,
29/12/2022,2026-05.csv,,,,,,,,,,,,,,,,,,
26/04/2018,2026-05.csv,,,,,,,,,,,,,,,,,,
27/02/2019,2026-05.csv,,,,,,,,,,,,,,,,,,
23/10/2023,2026-05.csv,,,,,,,,,,,,,,,,,,
04/09/2024,2026-05.csv,,,,,,,,,,,,,,,,,,
16/07/2025,2026-05.csv,,,,,,,,,,,,,,,,,,
16/12/2025,2026-05.csv,,,,,,,,,,,,,,,,,,
09/03/2019,2026-05.csv,,,,,,,,,,,,,,,,,,
04/09/2024,2026-05.csv,,,,,,,,,,,,,,,,,,
06/05/2020,2026-05.csv,,,,,,,,,,,,,,,,,,
12/10/2017,2026-05.csv,,,,,,,,,,,,,,,,,,
10/05/2018,2026-05.csv,,,,,,,,,,,,,,,,,,
06/05/2020,2026-05.csv,,,,,,,,,,,,,,,,,,
11/08/2017,2026-05.csv,,,,,,,,,,,,,,,,,,
11/08/2017,2026-05.csv,,,,,,,,,,,,,,,,,,
08/03/2010,2026-05.csv,,,,,,,,,,,,,,,,,,
08/03/2010,2026-05.csv,,,,,,,,,,,,,,,,,,
02/02/2017,2026-05.csv,,,,,,,,,,,,,,,,,,
15/12/2015,2026-05.csv,,,,,,,,,,,,,,,,,,
02/02/2017,2026-05.csv,,,,,,,,,,,,,,,,,,
02/02/2017,2026-05.csv,,,,,,,,,,,,,,,,,,
21/12/2016,2026-05.csv,,,,,,,,,,,,,,,,,,
18/11/2016,2026-05.csv,,,,,,,,,,,,,,,,,,
15/03/2017,2026-05.csv,,,,,,,,,,,,,,,,,,
08/07/2016,2026-05.csv,,,,,,,,,,,,,,,,,,
,2026-05.csv,,,,,,,,,,,,,,,,,,
18/11/2016,2026-05.csv,,,,,,,,,,,,,,,,,,
18/11/2016,2026-05.csv,,,,,,,,,,,,,,,,,,
15/03/2017,2026-05.csv,,,,,,,,,,,,,,,,,,
02/02/2017,2026-05.csv,,,,,,,,,,,,,,,,,,
13/11/2015,2026-05.csv,,,,,,,,,,,,,,,,,,
15/03/2017,2026-05.csv,,,,,,,,,,,,,,,,,,
26/05/2016,2026-05.csv,,,,,,,,,,,,,,,,,,
01/04/2009,2026-05.csv,,,,,,,,,,,,,,,,,,
01/04/2007,2026-05.csv,,,,,,,,,,,,,,,,,,
01/04/2008,2026-05.csv,,,,,,,,,,,,,,,,,,
10/05/2002,2026-05.csv,,,,,,,,,,,,,,,,,,
01/04/1996,2026-05.csv,,,,,,,,,,,,,,,,,,
01/04/2008,2026-05.csv,,,,,,,,,,,,,,,,,,
01/04/2005,2026-05.csv,,,,,,,,,,,,,,,,,,
03/04/1996,2026-05.csv,,,,,,,,,,,,,,,,,,
01/04/1997,2026-05.csv,,,,,,,,,,,,,,,,,,
01/04/2006,2026-05.csv,,,,,,,,,,,,,,,,,,
31/10/2023,2026-05.csv,,,,,,,,,,,,,,,,,,
01/04/2003,2026-05.csv,,,,,,,,,,,,,,,,,,
01/04/2008,2026-05.csv,,,,,,,,,,,,,,,,,,
,2026-05.csv,,,,,,,,,,,,,,,,,,
01/04/2009,2026-05.csv,,,,,,,,,,,,,,,,,,
01/04/2008,2026-05.csv,,,,,,,,,,,,,,,,,,
01/04/2008,2026-05.csv,,,,,,,,,,,,,,,,,,
01/04/2007,2026-05.csv,,,,,,,,,,,,,,,,,,
01/04/2009,2026-05.csv,,,,,,,,,,,,,,,,,,
01/08/2017,2026-05.csv,,,,,,,,,,,,,,,,,,
20/01/2009,2026-05.csv,,,,,,,,,,,,,,,,,,
01/04/2007,2026-05.csv,,,,,,,,,,,,,,,,,,
03/02/2016,2026-05.csv,,,,,,,,,,,,,,,,,,
01/04/2005,2026-05.csv,,,,,,,,,,,,,,,,,,
01/04/1996,2026-05.csv,,,,,,,,,,,,,,,,,,
08/02/2010,2026-05.csv,,,,,,,,,,,,,,,,,,
03/04/1996,2026-05.csv,,,,,,,,,,,,,,,,,,
01/04/2011,2026-05.csv,,,,,,,,,,,,,,,,,,
28/12/1995,2026-05.csv,,,,,,,,,,,,,,,,,,
01/04/1997,2026-05.csv,,,,,,,,,,,,,,,,,,
01/04/2014,2026-05.csv,,,,,,,,,,,,,,,,,,
01/04/1996,2026-05.csv,,,,,,,,,,,,,,,,,,
Sanction Date,2025-11.csv,,,,,,,,,,,,,,,,,,
01/11/2021,2025-11.csv,,,,,,,,,,,,,,,,,,
01/12/2022,2025-11.csv,,,,,,,,,,,,,,,,,,
04/10/2018,2025-11.csv,,,,,,,,,,,,,,,,,,
01/06/2023,2025-11.csv,,,,,,,,,,,,,,,,,,
01/06/2023,2025-11.csv,,,,,,,,,,,,,,,,,,
01/03/2023,2025-11.csv,,,,,,,,,,,,,,,,,,
21/06/2023,2025-11.csv,,,,,,,,,,,,,,,,,,
17/06/2020,2025-11.csv,,,,,,,,,,,,,,,,,,
01/05/2022,2025-11.csv,,,,,,,,,,,,,,,,,,
,2025-11.csv,,,,,,,,,,,,,,,,,,
01/07/2022,2025-11.csv,,,,,,,,,,,,,,,,,,
27/07/2018,2025-11.csv,,,,,,,,,,,,,,,,,,
01/06/2023,2025-11.csv,,,,,,,,,,,,,,,,,,
14/06/2022,2025-11.csv,,,,,,,,,,,,,,,,,,
01/07/2024,2025-11.csv,,,,,,,,,,,,,,,,,,
01/07/2024,2025-11.csv,,,,,,,,,,,,,,,,,,
29/08/2024,2025-11.csv,,,,,,,,,,,,,,,,,,
28/08/2024,2025-11.csv,,,,,,,,,,,,,,,,,,
01/06/2024,2025-11.csv,,,,,,,,,,,,,,,,,,
01/11/2017,2025-11.csv,,,,,,,,,,,,,,,,,,
01/12/2016,2025-11.csv,,,,,,,,,,,,,,,,,,
14/05/2018,2025-11.csv,,,,,,,,,,,,,,,,,,
01/04/2023,2025-11.csv,,,,,,,,,,,,,,,,,,
18/12/2020,2025-11.csv,,,,,,,,,,,,,,,,,,
01/11/2023,2025-11.csv,,,,,,,,,,,,,,,,,,
25/07/2016,2025-11.csv,,,,,,,,,,,,,,,,,,
08/12/2015,2025-11.csv,,,,,,,,,,,,,,,,,,
31/10/2015,2025-11.csv,,,,,,,,,,,,,,,,,,
16/11/2018,2025-11.csv,,,,,,,,,,,,,,,,,,
05/03/2016,2025-11.csv,,,,,,,,,,,,,,,,,,
10/09/2024,2025-11.csv,,,,,,,,,,,,,,,,,,
04/01/2023,2025-11.csv,,,,,,,,,,,,,,,,,,
19/09/2022,2025-11.csv,,,,,,,,,,,,,,,,,,
22/09/2018,2025-11.csv,,,,,,,,,,,,,,,,,,
12/08/2015,2025-11.csv,,,,,,,,,,,,,,,,,,
04/02/2015,2025-11.csv,,,,,,,,,,,,,,,,,,
25/07/2015,2025-11.csv,,,,,,,,,,,,,,,,,,
26/04/2024,2025-11.csv,,,,,,,,,,,,,,,,,,
19/04/2023,2025-11.csv,,,,,,,,,,,,,,,,,,
12/06/2020,2025-11.csv,,,,,,,,,,,,,,,,,,
16/12/2022,2025-11.csv,,,,,,,,,,,,,,,,,,
04/08/2020,2025-11.csv,,,,,,,,,,,,,,,,,,
07/05/2014,2025-11.csv,,,,,,,,,,,,,,,,,,
12/11/2018,2025-11.csv,,,,,,,,,,,,,,,,,,
11/02/2020,2025-11.csv,,,,,,,,,,,,,,,,,,
26/03/2024,2025-11.csv,,,,,,,,,,,,,,,,,,
25/08/2020,2025-11.csv,,,,,,,,,,,,,,,,,,
22/07/2019,2025-11.csv,,,,,,,,,,,,,,,,,,
26/03/2024,2025-11.csv,,,,,,,,,,,,,,,,,,
10/08/2021,2025-11.csv,,,,,,,,,,,,,,,,,,
04/08/2020,2025-11.csv,,,,,,,,,,,,,,,,,,
16/12/2013,2025-11.csv,,,,,,,,,,,,,,,,,,
11/08/2018,2025-11.csv,,,,,,,,,,,,,,,,,,
29/12/2023,2025-11.csv,,,,,,,,,,,,,,,,,,
12/02/2019,2025-11.csv,,,,,,,,,,,,,,,,,,
11/02/2020,2025-11.csv,,,,,,,,,,,,,,,,,,
24/12/2020,2025-11.csv,,,,,,,,,,,,,,,,,,
11/02/2020,2025-11.csv,,,,,,,,,,,,,,,,,,
10/05/2021,2025-11.csv,,,,,,,,,,,,,,,,,,
11/11/2020,2025-11.csv,,,,,,,,,,,,,,,,,,
18/01/2021,2025-11.csv,,,,,,,,,,,,,,,,,,
28/10/2023,2025-11.csv,,,,,,,,,,,,,,,,,,
31/08/2019,2025-11.csv,,,,,,,,,,,,,,,,,,
08/08/2023,2025-11.csv,,,,,,,,,,,,,,,,,,
05/03/2016,2025-11.csv,,,,,,,,,,,,,,,,,,
23/03/2021,2025-11.csv,,,,,,,,,,,,,,,,,,
01/07/2019,2025-11.csv,,,,,,,,,,,,,,,,,,
23/04/2021,2025-11.csv,,,,,,,,,,,,,,,,,,
01/07/2021,2025-11.csv,,,,,,,,,,,,,,,,,,
25/04/2022,2025-11.csv,,,,,,,,,,,,,,,,,,
07/11/2022,2025-11.csv,,,,,,,,,,,,,,,,,,
10/08/2022,2025-11.csv,,,,,,,,,,,,,,,,,,
01/08/2017,2025-11.csv,,,,,,,,,,,,,,,,,,
19/04/2023,2025-11.csv,,,,,,,,,,,,,,,,,,
22/05/2018,2025-11.csv,,,,,,,,,,,,,,,,,,
29/12/2023,2025-11.csv,,,,,,,,,,,,,,,,,,
03/02/2020,2025-11.csv,,,,,,,,,,,,,,,,,,
01/12/2021,2025-11.csv,,,,,,,,,,,,,,,,,,
16/04/2020,2025-11.csv,,,,,,,,,,,,,,,,,,
25/08/2020,2025-11.csv,,,,,,,,,,,,,,,,,,
30/01/2024,2025-11.csv,,,,,,,,,,,,,,,,,,
01/03/2017,2025-11.csv,,,,,,,,,,,,,,,,,,
19/08/2017,2025-11.csv,,,,,,,,,,,,,,,,,,
01/03/2016,2025-11.csv,,,,,,,,,,,,,,,,,,
17/12/2014,2025-11.csv,,,,,,,,,,,,,,,,,,
24/01/2022,2025-11.csv,,,,,,,,,,,,,,,,,,
29/01/2023,2025-11.csv,,,,,,,,,,,,,,,,,,
25/06/2021,2025-11.csv,,,,,,,,,,,,,,,,,,
05/06/2024,2025-11.csv,,,,,,,,,,,,,,,,,,
28/01/2023,2025-11.csv,,,,,,,,,,,,,,,,,,
24/01/2022,2025-11.csv,,,,,,,,,,,,,,,,,,
04/08/2020,2025-11.csv,,,,,,,,,,,,,,,,,,
29/11/2024,2025-11.csv,,,,,,,,,,,,,,,,,,
24/05/2018,2025-11.csv,,,,,,,,,,,,,,,,,,
14/06/2022,2025-11.csv,,,,,,,,,,,,,,,,,,
13/01/2025,2025-11.csv,,,,,,,,,,,,,,,,,,
12/08/2009,2025-11.csv,,,,,,,,,,,,,,,,,,
11/11/2020,2025-11.csv,,,,,,,,,,,,,,,,,,
12/08/2011,2025-11.csv,,,,,,,,,,,,,,,,,,
14/02/2011,2025-11.csv,,,,,,,,,,,,,,,,,,
05/06/2024,2025-11.csv,,,,,,,,,,,,,,,,,,
01/03/2020,2025-11.csv,,,,,,,,,,,,,,,,,,
11/08/2018,2025-11.csv,,,,,,,,,,,,,,,,,,
25/05/2019,2025-11.csv,,,,,,,,,,,,,,,,,,
11/11/2020,2025-11.csv,,,,,,,,,,,,,,,,,,
27/08/2016,2025-11.csv,,,,,,,,,,,,,,,,,,
12/07/2021,2025-11.csv,,,,,,,,,,,,,,,,,,
10/03/2016,2025-11.csv,,,,,,,,,,,,,,,,,,
29/11/2024,2025-11.csv,,,,,,,,,,,,,,,,,,
31/01/2023,2025-11.csv,,,,,,,,,,,,,,,,,,
14/10/2022,2025-11.csv,,,,,,,,,,,,,,,,,,
24/12/2020,2025-11.csv,,,,,,,,,,,,,,,,,,
23/12/2009,2025-11.csv,,,,,,,,,,,,,,,,,,
01/11/2015,2025-11.csv,,,,,,,,,,,,,,,,,,
22/07/2019,2025-11.csv,,,,,,,,,,,,,,,,,,
25/06/2025,2025-11.csv,,,,,,,,,,,,,,,,,,
04/08/2020,2025-11.csv,,,,,,,,,,,,,,,,,,
02/02/2017,2025-11.csv,,,,,,,,,,,,,,,,,,
04/11/2022,2025-11.csv,,,,,,,,,,,,,,,,,,
28/12/2021,2025-11.csv,,,,,,,,,,,,,,,,,,
26/03/2024,2025-11.csv,,,,,,,,,,,,,,,,,,
31/01/2022,2025-11.csv,,,,,,,,,,,,,,,,,,
04/08/2020,2025-11.csv,,,,,,,,,,,,,,,,,,
29/07/2022,2025-11.csv,,,,,,,,,,,,,,,,,,
16/04/2020,2025-11.csv,,,,,,,,,,,,,,,,,,
02/02/2021,2025-11.csv,,,,,,,,,,,,,,,,,,
22/05/2018,2025-11.csv,,,,,,,,,,,,,,,,,,
05/05/2022,2025-11.csv,,,,,,,,,,,,,,,,,,
04/05/2020,2025-11.csv,,,,,,,,,,,,,,,,,,
28/07/2021,2025-11.csv,,,,,,,,,,,,,,,,,,
29/05/2021,2025-11.csv,,,,,,,,,,,,,,,,,,
04/11/2020,2025-11.csv,,,,,,,,,,,,,,,,,,
04/11/2019,2025-11.csv,,,,,,,,,,,,,,,,,,
05/07/2022,2025-11.csv,,,,,,,,,,,,,,,,,,
31/01/2023,2025-11.csv,,,,,,,,,,,,,,,,,,
28/11/2022,2025-11.csv,,,,,,,,,,,,,,,,,,
16/11/2018,2025-11.csv,,,,,,,,,,,,,,,,,,
29/07/2022,2025-11.csv,,,,,,,,,,,,,,,,,,
01/10/2020,2025-11.csv,,,,,,,,,,,,,,,,,,
29/01/2024,2025-11.csv,,,,,,,,,,,,,,,,,,
01/02/2019,2025-11.csv,,,,,,,,,,,,,,,,,,
10/07/2016,2025-11.csv,,,,,,,,,,,,,,,,,,
19/03/2024,2025-11.csv,,,,,,,,,,,,,,,,,,
16/04/2019,2025-11.csv,,,,,,,,,,,,,,,,,,
22/07/2022,2025-11.csv,,,,,,,,,,,,,,,,,,
01/08/2021,2025-11.csv,,,,,,,,,,,,,,,,,,
22/06/2020,2025-11.csv,,,,,,,,,,,,,,,,,,
30/06/2020,2025-11.csv,,,,,,,,,,,,,,,,,,
17/09/2009,2025-11.csv,,,,,,,,,,,,,,,,,,
01/08/2024,2025-11.csv,,,,,,,,,,,,,,,,,,
01/03/2019,2025-11.csv,,,,,,,,,,,,,,,,,,
01/07/2017,2025-11.csv,,,,,,,,,,,,,,,,,,
17/09/2009,2025-11.csv,,,,,,,,,,,,,,,,,,
18/09/2019,2025-11.csv,,,,,,,,,,,,,,,,,,
28/12/2020,2025-11.csv,,,,,,,,,,,,,,,,,,
10/03/2021,2025-11.csv,,,,,,,,,,,,,,,,,,
01/10/2019,2025-11.csv,,,,,,,,,,,,,,,,,,
17/09/2009,2025-11.csv,,,,,,,,,,,,,,,,,,
29/09/2022,2025-11.csv,,,,,,,,,,,,,,,,,,
01/08/2020,2025-11.csv,,,,,,,,,,,,,,,,,,
30/09/2024,2025-11.csv,,,,,,,,,,,,,,,,,,
17/09/2009,2025-11.csv,,,,,,,,,,,,,,,,,,
17/09/2009,2025-11.csv,,,,,,,,,,,,,,,,,,
12/02/2024,2025-11.csv,,,,,,,,,,,,,,,,,,
17/09/2018,2025-11.csv,,,,,,,,,,,,,,,,,,
25/06/2018,2025-11.csv,,,,,,,,,,,,,,,,,,
29/09/2022,2025-11.csv,,,,,,,,,,,,,,,,,,
28/03/2023,2025-11.csv,,,,,,,,,,,,,,,,,,
24/10/2018,2025-11.csv,,,,,,,,,,,,,,,,,,
17/09/2009,2025-11.csv,,,,,,,,,,,,,,,,,,
29/05/2025,2025-11.csv,,,,,,,,,,,,,,,,,,
29/05/2025,2025-11.csv,,,,,,,,,,,,,,,,,,
27/12/2023,2025-11.csv,,,,,,,,,,,,,,,,,,
29/05/2019,2025-11.csv,,,,,,,,,,,,,,,,,,
,2025-11.csv,,,,,,,,,,,,,,,,,,
21/07/2022,2025-11.csv,,,,,,,,,,,,,,,,,,
05/08/2023,2025-11.csv,,,,,,,,,,,,,,,,,,
21/07/2022,2025-11.csv,,,,,,,,,,,,,,,,,,
01/08/2023,2025-11.csv,,,,,,,,,,,,,,,,,,
27/07/2016,2025-11.csv,,,,,,,,,,,,,,,,,,
25/01/2017,2025-11.csv,,,,,,,,,,,,,,,,,,
11/12/2024,2025-11.csv,,,,,,,,,,,,,,,,,,
11/12/2024,2025-11.csv,,,,,,,,,,,,,,,,,,
,2025-11.csv,,,,,,,,,,,,,,,,,,
26/03/2021,2025-11.csv,,,,,,,,,,,,,,,,,,
04/10/2021,2025-11.csv,,,,,,,,,,,,,,,,,,
08/03/2019,2025-11.csv,,,,,,,,,,,,,,,,,,
01/10/2020,2025-11.csv,,,,,,,,,,,,,,,,,,
27/02/2023,2025-11.csv,,,,,,,,,,,,,,,,,,
25/06/2019,2025-11.csv,,,,,,,,,,,,,,,,,,
07/03/2019,2025-11.csv,,,,,,,,,,,,,,,,,,
08/03/2019,2025-11.csv,,,,,,,,,,,,,,,,,,
28/04/2023,2025-11.csv,,,,,,,,,,,,,,,,,,
10/05/2022,2025-11.csv,,,,,,,,,,,,,,,,,,
29/08/2023,2025-11.csv,,,,,,,,,,,,,,,,,,
20/11/2020,2025-11.csv,,,,,,,,,,,,,,,,,,
28/10/2014,2025-11.csv,,,,,,,,,,,,,,,,,,
07/11/2017,2025-11.csv,,,,,,,,,,,,,,,,,,
30/01/2023,2025-11.csv,,,,,,,,,,,,,,,,,,
10/09/2014,2025-11.csv,,,,,,,,,,,,,,,,,,
30/03/2021,2025-11.csv,,,,,,,,,,,,,,,,,,
11/02/2021,2025-11.csv,,,,,,,,,,,,,,,,,,
03/03/2024,2025-11.csv,,,,,,,,,,,,,,,,,,
20/09/2024,2025-11.csv,,,,,,,,,,,,,,,,,,
09/09/2003,2025-11.csv,,,,,,,,,,,,,,,,,,
12/01/2023,2025-11.csv,,,,,,,,,,,,,,,,,,
25/08/2022,2025-11.csv,,,,,,,,,,,,,,,,,,
16/11/2006,2025-11.csv,,,,,,,,,,,,,,,,,,
08/03/2019,2025-11.csv,,,,,,,,,,,,,,,,,,
08/07/2006,2025-11.csv,,,,,,,,,,,,,,,,,,
21/08/2008,2025-11.csv,,,,,,,,,,,,,,,,,,
27/06/2017,2025-11.csv,,,,,,,,,,,,,,,,,,
29/05/2023,2025-11.csv,,,,,,,,,,,,,,,,,,
28/08/2024,2025-11.csv,,,,,,,,,,,,,,,,,,
30/03/2023,2025-11.csv,,,,,,,,,,,,,,,,,,
31/01/2022,2025-11.csv,,,,,,,,,,,,,,,,,,
28/06/2022,2025-11.csv,,,,,,,,,,,,,,,,,,
29/09/2022,2025-11.csv,,,,,,,,,,,,,,,,,,
31/12/2018,2025-11.csv,,,,,,,,,,,,,,,,,,
31/01/2022,2025-11.csv,,,,,,,,,,,,,,,,,,
04/07/2024,2025-11.csv,,,,,,,,,,,,,,,,,,
09/11/2012,2025-11.csv,,,,,,,,,,,,,,,,,,
20/12/2021,2025-11.csv,,,,,,,,,,,,,,,,,,
28/01/2019,2025-11.csv,,,,,,,,,,,,,,,,,,
07/12/2023,2025-11.csv,,,,,,,,,,,,,,,,,,
09/10/2017,2025-11.csv,,,,,,,,,,,,,,,,,,
01/04/2023,2025-11.csv,,,,,,,,,,,,,,,,,,
29/03/2023,2025-11.csv,,,,,,,,,,,,,,,,,,
12/09/2019,2025-11.csv,,,,,,,,,,,,,,,,,,
17/12/2018,2025-11.csv,,,,,,,,,,,,,,,,,,
10/01/2019,2025-11.csv,,,,,,,,,,,,,,,,,,
28/02/2019,2025-11.csv,,,,,,,,,,,,,,,,,,
25/10/2016,2025-11.csv,,,,,,,,,,,,,,,,,,
11/09/2025,2025-11.csv,,,,,,,,,,,,,,,,,,
18/06/2022,2025-11.csv,,,,,,,,,,,,,,,,,,
13/06/2019,2025-11.csv,,,,,,,,,,,,,,,,,,
16/07/2019,2025-11.csv,,,,,,,,,,,,,,,,,,
10/12/2010,2025-11.csv,,,,,,,,,,,,,,,,,,
13/09/2019,2025-11.csv,,,,,,,,,,,,,,,,,,
18/02/2015,2025-11.csv,,,,,,,,,,,,,,,,,,
18/02/2015,2025-11.csv,,,,,,,,,,,,,,,,,,
24/05/2018,2025-11.csv,,,,,,,,,,,,,,,,,,
28/10/2013,2025-11.csv,,,,,,,,,,,,,,,,,,
06/12/2017,2025-11.csv,,,,,,,,,,,,,,,,,,
22/02/2021,2025-11.csv,,,,,,,,,,,,,,,,,,
22/02/2021,2025-11.csv,,,,,,,,,,,,,,,,,,
26/08/2022,2025-11.csv,,,,,,,,,,,,,,,,,,
26/12/2008,2025-11.csv,,,,,,,,,,,,,,,,,,
13/08/2019,2025-11.csv,,,,,,,,,,,,,,,,,,
18/10/2024,2025-11.csv,,,,,,,,,,,,,,,,,,
01/01/2018,2025-11.csv,,,,,,,,,,,,,,,,,,
03/01/2018,2025-11.csv,,,,,,,,,,,,,,,,,,
27/09/2017,2025-11.csv,,,,,,,,,,,,,,,,,,
,2025-11.csv,,,,,,,,,,,,,,,,,,
21/04/2017,2025-11.csv,,,,,,,,,,,,,,,,,,
30/09/2011,2025-11.csv,,,,,,,,,,,,,,,,,,
14/05/2018,2025-11.csv,,,,,,,,,,,,,,,,,,
11/11/2017,2025-11.csv,,,,,,,,,,,,,,,,,,
12/08/2021,2025-11.csv,,,,,,,,,,,,,,,,,,
19/05/2020,2025-11.csv,,,,,,,,,,,,,,,,,,
08/04/2021,2025-11.csv,,,,,,,,,,,,,,,,,,
,2025-11.csv,,,,,,,,,,,,,,,,,,
22/08/2022,2025-11.csv,,,,,,,,,,,,,,,,,,
12/09/2024,2025-11.csv,,,,,,,,,,,,,,,,,,
18/08/2023,2025-11.csv,,,,,,,,,,,,,,,,,,
06/04/2022,2025-11.csv,,,,,,,,,,,,,,,,,,
30/01/2020,2025-11.csv,,,,,,,,,,,,,,,,,,
18/09/2023,2025-11.csv,,,,,,,,,,,,,,,,,,
16/05/2024,2025-11.csv,,,,,,,,,,,,,,,,,,
28/06/2022,2025-11.csv,,,,,,,,,,,,,,,,,,
26/02/2021,2025-11.csv,,,,,,,,,,,,,,,,,,
03/09/2021,2025-11.csv,,,,,,,,,,,,,,,,,,
14/06/2022,2025-11.csv,,,,,,,,,,,,,,,,,,
17/06/2022,2025-11.csv,,,,,,,,,,,,,,,,,,
28/02/2022,2025-11.csv,,,,,,,,,,,,,,,,,,
13/06/2022,2025-11.csv,,,,,,,,,,,,,,,,,,
13/01/2006,2025-11.csv,,,,,,,,,,,,,,,,,,
15/03/2022,2025-11.csv,,,,,,,,,,,,,,,,,,
23/03/2022,2025-11.csv,,,,,,,,,,,,,,,,,,
15/03/2022,2025-11.csv,,,,,,,,,,,,,,,,,,
15/03/2022,2025-11.csv,,,,,,,,,,,,,,,,,,
29/03/2022,2025-11.csv,,,,,,,,,,,,,,,,,,
21/12/2022,2025-11.csv,,,,,,,,,,,,,,,,,,
21/12/2022,2025-11.csv,,,,,,,,,,,,,,,,,,
21/12/2022,2025-11.csv,,,,,,,,,,,,,,,,,,
21/12/2022,2025-11.csv,,,,,,,,,,,,,,,,,,
21/12/2022,2025-11.csv,,,,,,,,,,,,,,,,,,
21/12/2022,2025-11.csv,,,,,,,,,,,,,,,,,,
20/12/2022,2025-11.csv,,,,,,,,,,,,,,,,,,
21/01/2022,2025-11.csv,,,,,,,,,,,,,,,,,,
19/04/2022,2025-11.csv,,,,,,,,,,,,,,,,,,
29/12/2020,2025-11.csv,,,,,,,,,,,,,,,,,,
25/05/2022,2025-11.csv,,,,,,,,,,,,,,,,,,
08/03/2022,2025-11.csv,,,,,,,,,,,,,,,,,,
21/04/2021,2025-11.csv,,,,,,,,,,,,,,,,,,
29/06/2022,2025-11.csv,,,,,,,,,,,,,,,,,,
05/08/2021,2025-11.csv,,,,,,,,,,,,,,,,,,
21/04/2021,2025-11.csv,,,,,,,,,,,,,,,,,,
22/03/2024,2025-11.csv,,,,,,,,,,,,,,,,,,
21/11/2019,2025-11.csv,,,,,,,,,,,,,,,,,,
10/01/2018,2025-11.csv,,,,,,,,,,,,,,,,,,
03/03/2020,2025-11.csv,,,,,,,,,,,,,,,,,,
01/03/2017,2025-11.csv,,,,,,,,,,,,,,,,,,
15/05/2023,2025-11.csv,,,,,,,,,,,,,,,,,,
12/07/2023,2025-11.csv,,,,,,,,,,,,,,,,,,
19/05/2021,2025-11.csv,,,,,,,,,,,,,,,,,,
09/11/2022,2025-11.csv,,,,,,,,,,,,,,,,,,
19/06/2024,2025-11.csv,,,,,,,,,,,,,,,,,,
23/09/2021,2025-11.csv,,,,,,,,,,,,,,,,,,
27/06/2019,2025-11.csv,,,,,,,,,,,,,,,,,,
31/01/2022,2025-11.csv,,,,,,,,,,,,,,,,,,
01/03/2023,2025-11.csv,,,,,,,,,,,,,,,,,,
22/12/2020,2025-11.csv,,,,,,,,,,,,,,,,,,
31/01/2022,2025-11.csv,,,,,,,,,,,,,,,,,,
26/05/2023,2025-11.csv,,,,,,,,,,,,,,,,,,
31/07/2020,2025-11.csv,,,,,,,,,,,,,,,,,,
30/08/2022,2025-11.csv,,,,,,,,,,,,,,,,,,
28/03/2016,2025-11.csv,,,,,,,,,,,,,,,,,,
22/06/2009,2025-11.csv,,,,,,,,,,,,,,,,,,
09/02/2023,2025-11.csv,,,,,,,,,,,,,,,,,,
22/01/2024,2025-11.csv,,,,,,,,,,,,,,,,,,
22/12/2015,2025-11.csv,,,,,,,,,,,,,,,,,,
16/12/2024,2025-11.csv,,,,,,,,,,,,,,,,,,
07/07/2011,2025-11.csv,,,,,,,,,,,,,,,,,,
29/06/2022,2025-11.csv,,,,,,,,,,,,,,,,,,
15/06/2020,2025-11.csv,,,,,,,,,,,,,,,,,,
01/04/2020,2025-11.csv,,,,,,,,,,,,,,,,,,
27/07/2020,2025-11.csv,,,,,,,,,,,,,,,,,,
01/07/2021,2025-11.csv,,,,,,,,,,,,,,,,,,
10/11/2022,2025-11.csv,,,,,,,,,,,,,,,,,,
21/09/2020,2025-11.csv,,,,,,,,,,,,,,,,,,
27/01/2023,2025-11.csv,,,,,,,,,,,,,,,,,,
18/12/2024,2025-11.csv,,,,,,,,,,,,,,,,,,
15/05/2023,2025-11.csv,,,,,,,,,,,,,,,,,,
16/03/2022,2025-11.csv,,,,,,,,,,,,,,,,,,
12/04/2023,2025-11.csv,,,,,,,,,,,,,,,,,,
30/10/2023,2025-11.csv,,,,,,,,,,,,,,,,,,
05/03/2019,2025-11.csv,,,,,,,,,,,,,,,,,,
05/09/2024,2025-11.csv,,,,,,,,,,,,,,,,,,
20/06/2024,2025-11.csv,,,,,,,,,,,,,,,,,,
23/04/2021,2025-11.csv,,,,,,,,,,,,,,,,,,
23/02/2017,2025-11.csv,,,,,,,,,,,,,,,,,,
13/08/2021,2025-11.csv,,,,,,,,,,,,,,,,,,
01/03/2023,2025-11.csv,,,,,,,,,,,,,,,,,,
27/05/2022,2025-11.csv,,,,,,,,,,,,,,,,,,
19/04/2022,2025-11.csv,,,,,,,,,,,,,,,,,,
30/11/2022,2025-11.csv,,,,,,,,,,,,,,,,,,
31/01/2022,2025-11.csv,,,,,,,,,,,,,,,,,,
27/10/2023,2025-11.csv,,,,,,,,,,,,,,,,,,
19/12/2023,2025-11.csv,,,,,,,,,,,,,,,,,,
08/11/2021,2025-11.csv,,,,,,,,,,,,,,,,,,
30/09/2024,2025-11.csv,,,,,,,,,,,,,,,,,,
21/06/2021,2025-11.csv,,,,,,,,,,,,,,,,,,
11/09/2024,2025-11.csv,,,,,,,,,,,,,,,,,,
22/05/2018,2025-11.csv,,,,,,,,,,,,,,,,,,
27/02/2018,2025-11.csv,,,,,,,,,,,,,,,,,,
19/04/2023,2025-11.csv,,,,,,,,,,,,,,,,,,
11/04/2023,2025-11.csv,,,,,,,,,,,,,,,,,,
11/07/2013,2025-11.csv,,,,,,,,,,,,,,,,,,
12/09/2022,2025-11.csv,,,,,,,,,,,,,,,,,,
03/10/2024,2025-11.csv,,,,,,,,,,,,,,,,,,
14/09/2015,2025-11.csv,,,,,,,,,,,,,,,,,,
30/05/2017,2025-11.csv,,,,,,,,,,,,,,,,,,
07/03/2016,2025-11.csv,,,,,,,,,,,,,,,,,,
04/09/2015,2025-11.csv,,,,,,,,,,,,,,,,,,
30/09/2022,2025-11.csv,,,,,,,,,,,,,,,,,,
30/09/2022,2025-11.csv,,,,,,,,,,,,,,,,,,
15/09/2022,2025-11.csv,,,,,,,,,,,,,,,,,,
03/02/2023,2025-11.csv,,,,,,,,,,,,,,,,,,
08/12/2022,2025-11.csv,,,,,,,,,,,,,,,,,,
12/09/2022,2025-11.csv,,,,,,,,,,,,,,,,,,
20/04/2017,2025-11.csv,,,,,,,,,,,,,,,,,,
01/05/2022,2025-11.csv,,,,,,,,,,,,,,,,,,
01/06/2022,2025-11.csv,,,,,,,,,,,,,,,,,,
01/01/1999,2025-11.csv,,,,,,,,,,,,,,,,,,
19/02/2024,2025-11.csv,,,,,,,,,,,,,,,,,,
01/04/2019,2025-11.csv,,,,,,,,,,,,,,,,,,
01/04/2019,2025-11.csv,,,,,,,,,,,,,,,,,,
31/03/2013,2025-11.csv,,,,,,,,,,,,,,,,,,
25/10/2023,2025-11.csv,,,,,,,,,,,,,,,,,,
29/06/2018,2025-11.csv,,,,,,,,,,,,,,,,,,
25/05/2023,2025-11.csv,,,,,,,,,,,,,,,,,,
25/10/2024,2025-11.csv,,,,,,,,,,,,,,,,,,
19/08/2024,2025-11.csv,,,,,,,,,,,,,,,,,,
04/10/2013,2025-11.csv,,,,,,,,,,,,,,,,,,
03/10/2018,2025-11.csv,,,,,,,,,,,,,,,,,,
01/04/2019,2025-11.csv,,,,,,,,,,,,,,,,,,
01/10/2025,2025-11.csv,,,,,,,,,,,,,,,,,,
20/02/2018,2025-11.csv,,,,,,,,,,,,,,,,,,
19/08/2024,2025-11.csv,,,,,,,,,,,,,,,,,,
01/01/2019,2025-11.csv,,,,,,,,,,,,,,,,,,
31/03/2016,2025-11.csv,,,,,,,,,,,,,,,,,,
15/03/2010,2025-11.csv,,,,,,,,,,,,,,,,,,
07/10/2022,2025-11.csv,,,,,,,,,,,,,,,,,,
07/09/2020,2025-11.csv,,,,,,,,,,,,,,,,,,
05/10/2015,2025-11.csv,,,,,,,,,,,,,,,,,,
11/07/2020,2025-11.csv,,,,,,,,,,,,,,,,,,
31/03/2009,2025-11.csv,,,,,,,,,,,,,,,,,,
01/03/2018,2025-11.csv,,,,,,,,,,,,,,,,,,
01/02/2023,2025-11.csv,,,,,,,,,,,,,,,,,,
01/06/2022,2025-11.csv,,,,,,,,,,,,,,,,,,
01/09/2019,2025-11.csv,,,,,,,,,,,,,,,,,,
30/01/2014,2025-11.csv,,,,,,,,,,,,,,,,,,
19/08/2024,2025-11.csv,,,,,,,,,,,,,,,,,,
10/11/2017,2025-11.csv,,,,,,,,,,,,,,,,,,
15/02/2018,2025-11.csv,,,,,,,,,,,,,,,,,,
09/09/2024,2025-11.csv,,,,,,,,,,,,,,,,,,
31/03/2013,2025-11.csv,,,,,,,,,,,,,,,,,,
19/11/2008,2025-11.csv,,,,,,,,,,,,,,,,,,
25/08/2023,2025-11.csv,,,,,,,,,,,,,,,,,,
05/12/2017,2025-11.csv,,,,,,,,,,,,,,,,,,
29/12/2010,2025-11.csv,,,,,,,,,,,,,,,,,,
07/06/2024,2025-11.csv,,,,,,,,,,,,,,,,,,
01/03/2019,2025-11.csv,,,,,,,,,,,,,,,,,,
31/05/2022,2025-11.csv,,,,,,,,,,,,,,,,,,
11/11/2022,2025-11.csv,,,,,,,,,,,,,,,,,,
,2025-11.csv,,,,,,,,,,,,,,,,,,
15/07/2009,2025-11.csv,,,,,,,,,,,,,,,,,,
01/11/2021,2025-11.csv,,,,,,,,,,,,,,,,,,
28/02/2008,2025-11.csv,,,,,,,,,,,,,,,,,,
01/01/2023,2025-11.csv,,,,,,,,,,,,,,,,,,
23/08/2023,2025-11.csv,,,,,,,,,,,,,,,,,,
31/03/2022,2025-11.csv,,,,,,,,,,,,,,,,,,
31/01/2019,2025-11.csv,,,,,,,,,,,,,,,,,,
26/08/2015,2025-11.csv,,,,,,,,,,,,,,,,,,
30/01/2025,2025-11.csv,,,,,,,,,,,,,,,,,,
28/08/2023,2025-11.csv,,,,,,,,,,,,,,,,,,
29/03/2023,2025-11.csv,,,,,,,,,,,,,,,,,,
19/02/2024,2025-11.csv,,,,,,,,,,,,,,,,,,
25/08/2023,2025-11.csv,,,,,,,,,,,,,,,,,,
06/12/2023,2025-11.csv,,,,,,,,,,,,,,,,,,
21/11/2022,2025-11.csv,,,,,,,,,,,,,,,,,,
04/10/2017,2025-11.csv,,,,,,,,,,,,,,,,,,
25/08/2023,2025-11.csv,,,,,,,,,,,,,,,,,,
31/03/2016,2025-11.csv,,,,,,,,,,,,,,,,,,
31/03/2016,2025-11.csv,,,,,,,,,,,,,,,,,,
20/02/2013,2025-11.csv,,,,,,,,,,,,,,,,,,
08/12/2015,2025-11.csv,,,,,,,,,,,,,,,,,,
02/09/2016,2025-11.csv,,,,,,,,,,,,,,,,,,
01/12/2019,2025-11.csv,,,,,,,,,,,,,,,,,,
15/03/2010,2025-11.csv,,,,,,,,,,,,,,,,,,
03/04/2023,2025-11.csv,,,,,,,,,,,,,,,,,,
19/08/2002,2025-11.csv,,,,,,,,,,,,,,,,,,
11/04/2023,2025-11.csv,,,,,,,,,,,,,,,,,,
01/04/2013,2025-11.csv,,,,,,,,,,,,,,,,,,
09/09/2022,2025-11.csv,,,,,,,,,,,,,,,,,,
01/07/2011,2025-11.csv,,,,,,,,,,,,,,,,,,
05/04/2014,2025-11.csv,,,,,,,,,,,,,,,,,,
29/01/2018,2025-11.csv,,,,,,,,,,,,,,,,,,
09/04/2025,2025-11.csv,,,,,,,,,,,,,,,,,,
01/03/2023,2025-11.csv,,,,,,,,,,,,,,,,,,
25/08/2023,2025-11.csv,,,,,,,,,,,,,,,,,,
01/04/2019,2025-11.csv,,,,,,,,,,,,,,,,,,
27/07/2023,2025-11.csv,,,,,,,,,,,,,,,,,,
31/03/2017,2025-11.csv,,,,,,,,,,,,,,,,,,
30/09/2020,2025-11.csv,,,,,,,,,,,,,,,,,,
31/03/2011,2025-11.csv,,,,,,,,,,,,,,,,,,
05/10/2007,2025-11.csv,,,,,,,,,,,,,,,,,,
13/09/2018,2025-11.csv,,,,,,,,,,,,,,,,,,
31/03/2010,2025-11.csv,,,,,,,,,,,,,,,,,,
20/07/2015,2025-11.csv,,,,,,,,,,,,,,,,,,
01/04/2014,2025-11.csv,,,,,,,,,,,,,,,,,,
21/08/2019,2025-11.csv,,,,,,,,,,,,,,,,,,
02/09/2016,2025-11.csv,,,,,,,,,,,,,,,,,,
08/12/2015,2025-11.csv,,,,,,,,,,,,,,,,,,
01/11/2018,2025-11.csv,,,,,,,,,,,,,,,,,,
10/11/2017,2025-11.csv,,,,,,,,,,,,,,,,,,
18/11/2015,2025-11.csv,,,,,,,,,,,,,,,,,,
21/08/2015,2025-11.csv,,,,,,,,,,,,,,,,,,
18/02/2018,2025-11.csv,,,,,,,,,,,,,,,,,,
04/07/2017,2025-11.csv,,,,,,,,,,,,,,,,,,
14/03/2023,2025-11.csv,,,,,,,,,,,,,,,,,,
14/03/2023,2025-11.csv,,,,,,,,,,,,,,,,,,
30/09/2016,2025-11.csv,,,,,,,,,,,,,,,,,,
01/03/2018,2025-11.csv,,,,,,,,,,,,,,,,,,
08/09/2016,2025-11.csv,,,,,,,,,,,,,,,,,,
31/03/2013,2025-11.csv,,,,,,,,,,,,,,,,,,
28/06/2010,2025-11.csv,,,,,,,,,,,,,,,,,,
05/03/2010,2025-11.csv,,,,,,,,,,,,,,,,,,
27/01/2014,2025-11.csv,,,,,,,,,,,,,,,,,,
28/07/2015,2025-11.csv,,,,,,,,,,,,,,,,,,
01/08/2022,2025-11.csv,,,,,,,,,,,,,,,,,,
02/06/2016,2025-11.csv,,,,,,,,,,,,,,,,,,
31/03/2016,2025-11.csv,,,,,,,,,,,,,,,,,,
19/09/2017,2025-11.csv,,,,,,,,,,,,,,,,,,
31/03/2013,2025-11.csv,,,,,,,,,,,,,,,,,,
20/04/2019,2025-11.csv,,,,,,,,,,,,,,,,,,
05/09/2016,2025-11.csv,,,,,,,,,,,,,,,,,,
11/04/2025,2025-11.csv,,,,,,,,,,,,,,,,,,
05/03/2016,2025-11.csv,,,,,,,,,,,,,,,,,,
13/09/2018,2025-11.csv,,,,,,,,,,,,,,,,,,
31/03/1994,2025-11.csv,,,,,,,,,,,,,,,,,,
24/06/2025,2025-11.csv,,,,,,,,,,,,,,,,,,
04/11/2004,2025-11.csv,,,,,,,,,,,,,,,,,,
08/12/2015,2025-11.csv,,,,,,,,,,,,,,,,,,
14/07/2023,2025-11.csv,,,,,,,,,,,,,,,,,,
31/03/2009,2025-11.csv,,,,,,,,,,,,,,,,,,
03/04/2023,2025-11.csv,,,,,,,,,,,,,,,,,,
01/01/2014,2025-11.csv,,,,,,,,,,,,,,,,,,
16/05/2016,2025-11.csv,,,,,,,,,,,,,,,,,,
22/03/2017,2025-11.csv,,,,,,,,,,,,,,,,,,
24/01/2007,2025-11.csv,,,,,,,,,,,,,,,,,,
27/08/2021,2025-11.csv,,,,,,,,,,,,,,,,,,
01/03/2019,2025-11.csv,,,,,,,,,,,,,,,,,,
19/02/2024,2025-11.csv,,,,,,,,,,,,,,,,,,
19/02/2024,2025-11.csv,,,,,,,,,,,,,,,,,,
12/09/2022,2025-11.csv,,,,,,,,,,,,,,,,,,
01/09/2022,2025-11.csv,,,,,,,,,,,,,,,,,,
16/07/2016,2025-11.csv,,,,,,,,,,,,,,,,,,
13/09/2018,2025-11.csv,,,,,,,,,,,,,,,,,,
01/04/2012,2025-11.csv,,,,,,,,,,,,,,,,,,
11/12/2015,2025-11.csv,,,,,,,,,,,,,,,,,,
17/01/2017,2025-11.csv,,,,,,,,,,,,,,,,,,
01/09/2012,2025-11.csv,,,,,,,,,,,,,,,,,,
08/12/2015,2025-11.csv,,,,,,,,,,,,,,,,,,
25/08/2023,2025-11.csv,,,,,,,,,,,,,,,,,,
25/09/2019,2025-11.csv,,,,,,,,,,,,,,,,,,
01/04/2019,2025-11.csv,,,,,,,,,,,,,,,,,,
09/05/2008,2025-11.csv,,,,,,,,,,,,,,,,,,
30/11/2016,2025-11.csv,,,,,,,,,,,,,,,,,,
31/03/2015,2025-11.csv,,,,,,,,,,,,,,,,,,
09/02/2011,2025-11.csv,,,,,,,,,,,,,,,,,,
01/03/2018,2025-11.csv,,,,,,,,,,,,,,,,,,
17/05/2022,2025-11.csv,,,,,,,,,,,,,,,,,,
31/03/2012,2025-11.csv,,,,,,,,,,,,,,,,,,
24/07/2008,2025-11.csv,,,,,,,,,,,,,,,,,,
01/10/2019,2025-11.csv,,,,,,,,,,,,,,,,,,
31/03/1983,2025-11.csv,,,,,,,,,,,,,,,,,,
07/03/2019,2025-11.csv,,,,,,,,,,,,,,,,,,
10/03/2019,2025-11.csv,,,,,,,,,,,,,,,,,,
,2025-11.csv,,,,,,,,,,,,,,,,,,
17/10/2022,2025-11.csv,,,,,,,,,,,,,,,,,,
01/02/2023,2025-11.csv,,,,,,,,,,,,,,,,,,
01/09/2019,2025-11.csv,,,,,,,,,,,,,,,,,,
01/09/2019,2025-11.csv,,,,,,,,,,,,,,,,,,
19/06/2012,2025-11.csv,,,,,,,,,,,,,,,,,,
31/03/2008,2025-11.csv,,,,,,,,,,,,,,,,,,
01/04/2017,2025-11.csv,,,,,,,,,,,,,,,,,,
07/10/2021,2025-11.csv,,,,,,,,,,,,,,,,,,
02/11/2010,2025-11.csv,,,,,,,,,,,,,,,,,,
01/06/2020,2025-11.csv,,,,,,,,,,,,,,,,,,
26/08/2022,2025-11.csv,,,,,,,,,,,,,,,,,,
31/08/2023,2025-11.csv,,,,,,,,,,,,,,,,,,
01/04/2019,2025-11.csv,,,,,,,,,,,,,,,,,,
29/06/2018,2025-11.csv,,,,,,,,,,,,,,,,,,
01/05/2022,2025-11.csv,,,,,,,,,,,,,,,,,,
15/11/2007,2025-11.csv,,,,,,,,,,,,,,,,,,
30/05/2017,2025-11.csv,,,,,,,,,,,,,,,,,,
31/03/2014,2025-11.csv,,,,,,,,,,,,,,,,,,
08/04/2025,2025-11.csv,,,,,,,,,,,,,,,,,,
21/11/2022,2025-11.csv,,,,,,,,,,,,,,,,,,
08/08/2022,2025-11.csv,,,,,,,,,,,,,,,,,,
01/01/2016,2025-11.csv,,,,,,,,,,,,,,,,,,
10/06/2016,2025-11.csv,,,,,,,,,,,,,,,,,,
13/02/2024,2025-11.csv,,,,,,,,,,,,,,,,,,
01/02/2023,2025-11.csv,,,,,,,,,,,,,,,,,,
24/11/2024,2025-11.csv,,,,,,,,,,,,,,,,,,
01/07/2016,2025-11.csv,,,,,,,,,,,,,,,,,,
07/10/2021,2025-11.csv,,,,,,,,,,,,,,,,,,
08/09/2016,2025-11.csv,,,,,,,,,,,,,,,,,,
31/03/2001,2025-11.csv,,,,,,,,,,,,,,,,,,
31/03/2016,2025-11.csv,,,,,,,,,,,,,,,,,,
19/10/2015,2025-11.csv,,,,,,,,,,,,,,,,,,
01/04/2008,2025-11.csv,,,,,,,,,,,,,,,,,,
31/03/2008,2025-11.csv,,,,,,,,,,,,,,,,,,
01/10/2019,2025-11.csv,,,,,,,,,,,,,,,,,,
24/01/2023,2025-11.csv,,,,,,,,,,,,,,,,,,
25/05/2022,2025-11.csv,,,,,,,,,,,,,,,,,,
28/04/2023,2025-11.csv,,,,,,,,,,,,,,,,,,
24/01/2023,2025-11.csv,,,,,,,,,,,,,,,,,,
01/04/2016,2025-11.csv,,,,,,,,,,,,,,,,,,
01/02/2023,2025-11.csv,,,,,,,,,,,,,,,,,,
10/11/2016,2025-11.csv,,,,,,,,,,,,,,,,,,
19/01/2023,2025-11.csv,,,,,,,,,,,,,,,,,,
24/01/2024,2025-11.csv,,,,,,,,,,,,,,,,,,
01/03/2018,2025-11.csv,,,,,,,,,,,,,,,,,,
02/08/2019,2025-11.csv,,,,,,,,,,,,,,,,,,
10/08/2017,2025-11.csv,,,,,,,,,,,,,,,,,,
15/12/2023,2025-11.csv,,,,,,,,,,,,,,,,,,
18/11/2015,2025-11.csv,,,,,,,,,,,,,,,,,,
03/02/2023,2025-11.csv,,,,,,,,,,,,,,,,,,
01/05/2022,2025-11.csv,,,,,,,,,,,,,,,,,,
11/09/2024,2025-11.csv,,,,,,,,,,,,,,,,,,
01/11/2015,2025-11.csv,,,,,,,,,,,,,,,,,,
19/02/2024,2025-11.csv,,,,,,,,,,,,,,,,,,
01/12/2022,2025-11.csv,,,,,,,,,,,,,,,,,,
04/03/2024,2025-11.csv,,,,,,,,,,,,,,,,,,
19/09/2019,2025-11.csv,,,,,,,,,,,,,,,,,,
30/10/2009,2025-11.csv,,,,,,,,,,,,,,,,,,
29/08/2018,2025-11.csv,,,,,,,,,,,,,,,,,,
01/10/2019,2025-11.csv,,,,,,,,,,,,,,,,,,
06/10/2022,2025-11.csv,,,,,,,,,,,,,,,,,,
31/03/2004,2025-11.csv,,,,,,,,,,,,,,,,,,
31/03/2001,2025-11.csv,,,,,,,,,,,,,,,,,,
21/07/2022,2025-11.csv,,,,,,,,,,,,,,,,,,
16/09/2016,2025-11.csv,,,,,,,,,,,,,,,,,,
24/11/2016,2025-11.csv,,,,,,,,,,,,,,,,,,
21/07/2008,2025-11.csv,,,,,,,,,,,,,,,,,,
17/04/2025,2025-11.csv,,,,,,,,,,,,,,,,,,
20/04/2020,2025-11.csv,,,,,,,,,,,,,,,,,,
28/08/2017,2025-11.csv,,,,,,,,,,,,,,,,,,
29/10/2013,2025-11.csv,,,,,,,,,,,,,,,,,,
22/04/2016,2025-11.csv,,,,,,,,,,,,,,,,,,
24/08/2016,2025-11.csv,,,,,,,,,,,,,,,,,,
10/06/2016,2025-11.csv,,,,,,,,,,,,,,,,,,
10/06/2016,2025-11.csv,,,,,,,,,,,,,,,,,,
17/05/2017,2025-11.csv,,,,,,,,,,,,,,,,,,
20/12/2017,2025-11.csv,,,,,,,,,,,,,,,,,,
28/02/2008,2025-11.csv,,,,,,,,,,,,,,,,,,
25/08/2023,2025-11.csv,,,,,,,,,,,,,,,,,,
01/06/2020,2025-11.csv,,,,,,,,,,,,,,,,,,
12/06/2018,2025-11.csv,,,,,,,,,,,,,,,,,,
01/12/2019,2025-11.csv,,,,,,,,,,,,,,,,,,
01/04/2019,2025-11.csv,,,,,,,,,,,,,,,,,,
30/12/2020,2025-11.csv,,,,,,,,,,,,,,,,,,
30/12/2020,2025-11.csv,,,,,,,,,,,,,,,,,,
07/11/2019,2025-11.csv,,,,,,,,,,,,,,,,,,
19/07/2021,2025-11.csv,,,,,,,,,,,,,,,,,,
05/07/2016,2025-11.csv,,,,,,,,,,,,,,,,,,
29/02/2016,2025-11.csv,,,,,,,,,,,,,,,,,,
30/11/2022,2025-11.csv,,,,,,,,,,,,,,,,,,
01/02/2018,2025-11.csv,,,,,,,,,,,,,,,,,,
23/05/2022,2025-11.csv,,,,,,,,,,,,,,,,,,
21/10/2022,2025-11.csv,,,,,,,,,,,,,,,,,,
31/12/2023,2025-11.csv,,,,,,,,,,,,,,,,,,
30/09/2021,2025-11.csv,,,,,,,,,,,,,,,,,,
31/12/2019,2025-11.csv,,,,,,,,,,,,,,,,,,
30/11/2020,2025-11.csv,,,,,,,,,,,,,,,,,,
01/01/2022,2025-11.csv,,,,,,,,,,,,,,,,,,
,2025-11.csv,,,,,,,,,,,,,,,,,,
28/11/2014,2025-11.csv,,,,,,,,,,,,,,,,,,
21/01/2022,2025-11.csv,,,,,,,,,,,,,,,,,,
09/07/2024,2025-11.csv,,,,,,,,,,,,,,,,,,
30/03/2015,2025-11.csv,,,,,,,,,,,,,,,,,,
10/11/2015,2025-11.csv,,,,,,,,,,,,,,,,,,
11/09/2023,2025-11.csv,,,,,,,,,,,,,,,,,,
15/11/2023,2025-11.csv,,,,,,,,,,,,,,,,,,
30/11/2023,2025-11.csv,,,,,,,,,,,,,,,,,,
31/10/2023,2025-11.csv,,,,,,,,,,,,,,,,,,
20/01/2025,2025-11.csv,,,,,,,,,,,,,,,,,,
26/07/2024,2025-11.csv,,,,,,,,,,,,,,,,,,
28/03/2024,2025-11.csv,,,,,,,,,,,,,,,,,,
11/07/2024,2025-11.csv,,,,,,,,,,,,,,,,,,
09/08/2023,2025-11.csv,,,,,,,,,,,,,,,,,,
,2025-11.csv,,,,,,,,,,,,,,,,,,
20/01/2025,2025-11.csv,,,,,,,,,,,,,,,,,,
20/01/2025,2025-11.csv,,,,,,,,,,,,,,,,,,
16/11/2024,2025-11.csv,,,,,,,,,,,,,,,,,,
09/09/2024,2025-11.csv,,,,,,,,,,,,,,,,,,
13/12/2019,2025-11.csv,,,,,,,,,,,,,,,,,,
01/11/2020,2025-11.csv,,,,,,,,,,,,,,,,,,
,2025-11.csv,,,,,,,,,,,,,,,,,,
19/07/2017,2025-11.csv,,,,,,,,,,,,,,,,,,
27/04/2022,2025-11.csv,,,,,,,,,,,,,,,,,,
,2025-11.csv,,,,,,,,,,,,,,,,,,
31/05/2023,2025-11.csv,,,,,,,,,,,,,,,,,,
16/02/2024,2025-11.csv,,,,,,,,,,,,,,,,,,
19/03/2020,2025-11.csv,,,,,,,,,,,,,,,,,,
08/05/2023,2025-11.csv,,,,,,,,,,,,,,,,,,
17/11/2021,2025-11.csv,,,,,,,,,,,,,,,,,,
19/09/2019,2025-11.csv,,,,,,,,,,,,,,,,,,
09/12/2020,2025-11.csv,,,,,,,,,,,,,,,,,,
27/07/2022,2025-11.csv,,,,,,,,,,,,,,,,,,
09/10/2014,2025-11.csv,,,,,,,,,,,,,,,,,,
22/02/2019,2025-11.csv,,,,,,,,,,,,,,,,,,
28/08/2024,2025-11.csv,,,,,,,,,,,,,,,,,,
21/03/2025,2025-11.csv,,,,,,,,,,,,,,,,,,
01/05/2023,2025-11.csv,,,,,,,,,,,,,,,,,,
24/03/2025,2025-11.csv,,,,,,,,,,,,,,,,,,
08/10/2025,2025-11.csv,,,,,,,,,,,,,,,,,,
24/02/2025,2025-11.csv,,,,,,,,,,,,,,,,,,
15/10/2024,2025-11.csv,,,,,,,,,,,,,,,,,,
18/02/2025,2025-11.csv,,,,,,,,,,,,,,,,,,
18/02/2025,2025-11.csv,,,,,,,,,,,,,,,,,,
14/10/2014,2025-11.csv,,,,,,,,,,,,,,,,,,
02/09/2024,2025-11.csv,,,,,,,,,,,,,,,,,,
25/11/2024,2025-11.csv,,,,,,,,,,,,,,,,,,
07/06/2024,2025-11.csv,,,,,,,,,,,,,,,,,,
24/02/2012,2025-11.csv,,,,,,,,,,,,,,,,,,
16/10/2025,2025-11.csv,,,,,,,,,,,,,,,,,,
17/10/2025,2025-11.csv,,,,,,,,,,,,,,,,,,
,2025-11.csv,,,,,,,,,,,,,,,,,,
04/08/2025,2025-11.csv,,,,,,,,,,,,,,,,,,
01/12/2014,2025-11.csv,,,,,,,,,,,,,,,,,,
07/11/2024,2025-11.csv,,,,,,,,,,,,,,,,,,
18/03/2025,2025-11.csv,,,,,,,,,,,,,,,,,,
24/03/2025,2025-11.csv,,,,,,,,,,,,,,,,,,
16/01/2025,2025-11.csv,,,,,,,,,,,,,,,,,,
13/01/2022,2025-11.csv,,,,,,,,,,,,,,,,,,
21/03/2023,2025-11.csv,,,,,,,,,,,,,,,,,,
15/07/2024,2025-11.csv,,,,,,,,,,,,,,,,,,
09/02/2024,2025-11.csv,,,,,,,,,,,,,,,,,,
21/03/2025,2025-11.csv,,,,,,,,,,,,,,,,,,
26/12/2023,2025-11.csv,,,,,,,,,,,,,,,,,,
27/09/2023,2025-11.csv,,,,,,,,,,,,,,,,,,
09/02/2024,2025-11.csv,,,,,,,,,,,,,,,,,,
26/12/2023,2025-11.csv,,,,,,,,,,,,,,,,,,
04/06/2025,2025-11.csv,,,,,,,,,,,,,,,,,,
30/05/2024,2025-11.csv,,,,,,,,,,,,,,,,,,
01/11/2023,2025-11.csv,,,,,,,,,,,,,,,,,,
01/07/2023,2025-11.csv,,,,,,,,,,,,,,,,,,
15/10/2024,2025-11.csv,,,,,,,,,,,,,,,,,,
19/11/2024,2025-11.csv,,,,,,,,,,,,,,,,,,
07/11/2024,2025-11.csv,,,,,,,,,,,,,,,,,,
27/12/2023,2025-11.csv,,,,,,,,,,,,,,,,,,
27/12/2023,2025-11.csv,,,,,,,,,,,,,,,,,,
15/10/2024,2025-11.csv,,,,,,,,,,,,,,,,,,
19/08/2024,2025-11.csv,,,,,,,,,,,,,,,,,,
22/08/2024,2025-11.csv,,,,,,,,,,,,,,,,,,
19/08/2024,2025-11.csv,,,,,,,,,,,,,,,,,,
23/08/2024,2025-11.csv,,,,,,,,,,,,,,,,,,
12/11/2024,2025-11.csv,,,,,,,,,,,,,,,,,,
12/11/2024,2025-11.csv,,,,,,,,,,,,,,,,,,
30/12/2024,2025-11.csv,,,,,,,,,,,,,,,,,,
27/09/2023,2025-11.csv,,,,,,,,,,,,,,,,,,
26/10/2023,2025-11.csv,,,,,,,,,,,,,,,,,,
30/10/2023,2025-11.csv,,,,,,,,,,,,,,,,,,
01/11/2023,2025-11.csv,,,,,,,,,,,,,,,,,,
01/12/2021,2025-11.csv,,,,,,,,,,,,,,,,,,
01/12/2022,2025-11.csv,,,,,,,,,,,,,,,,,,
23/08/2024,2025-11.csv,,,,,,,,,,,,,,,,,,
24/03/2025,2025-11.csv,,,,,,,,,,,,,,,,,,
23/11/2022,2025-11.csv,,,,,,,,,,,,,,,,,,
10/12/2024,2025-11.csv,,,,,,,,,,,,,,,,,,
24/09/2025,2025-11.csv,,,,,,,,,,,,,,,,,,
27/03/2025,2025-11.csv,,,,,,,,,,,,,,,,,,
30/08/2024,2025-11.csv,,,,,,,,,,,,,,,,,,
28/03/2023,2025-11.csv,,,,,,,,,,,,,,,,,,
10/01/2025,2025-11.csv,,,,,,,,,,,,,,,,,,
27/05/2019,2025-11.csv,,,,,,,,,,,,,,,,,,
17/11/2014,2025-11.csv,,,,,,,,,,,,,,,,,,
09/03/2019,2025-11.csv,,,,,,,,,,,,,,,,,,
30/11/2018,2025-11.csv,,,,,,,,,,,,,,,,,,
07/06/2021,2025-11.csv,,,,,,,,,,,,,,,,,,
21/02/2014,2025-11.csv,,,,,,,,,,,,,,,,,,
28/03/2024,2025-11.csv,,,,,,,,,,,,,,,,,,
03/01/2025,2025-11.csv,,,,,,,,,,,,,,,,,,
07/03/2019,2025-11.csv,,,,,,,,,,,,,,,,,,
04/07/2019,2025-11.csv,,,,,,,,,,,,,,,,,,
30/11/2018,2025-11.csv,,,,,,,,,,,,,,,,,,
24/04/2018,2025-11.csv,,,,,,,,,,,,,,,,,,
27/05/2019,2025-11.csv,,,,,,,,,,,,,,,,,,
21/11/2022,2025-11.csv,,,,,,,,,,,,,,,,,,
18/07/2013,2025-11.csv,,,,,,,,,,,,,,,,,,
29/12/2022,2025-11.csv,,,,,,,,,,,,,,,,,,
26/04/2018,2025-11.csv,,,,,,,,,,,,,,,,,,
27/02/2019,2025-11.csv,,,,,,,,,,,,,,,,,,
23/10/2023,2025-11.csv,,,,,,,,,,,,,,,,,,
04/09/2024,2025-11.csv,,,,,,,,,,,,,,,,,,
16/07/2025,2025-11.csv,,,,,,,,,,,,,,,,,,
09/03/2019,2025-11.csv,,,,,,,,,,,,,,,,,,
04/09/2024,2025-11.csv,,,,,,,,,,,,,,,,,,
06/05/2020,2025-11.csv,,,,,,,,,,,,,,,,,,
12/10/2017,2025-11.csv,,,,,,,,,,,,,,,,,,
10/05/2018,2025-11.csv,,,,,,,,,,,,,,,,,,
06/05/2020,2025-11.csv,,,,,,,,,,,,,,,,,,
11/08/2017,2025-11.csv,,,,,,,,,,,,,,,,,,
11/08/2017,2025-11.csv,,,,,,,,,,,,,,,,,,
08/03/2010,2025-11.csv,,,,,,,,,,,,,,,,,,
08/03/2010,2025-11.csv,,,,,,,,,,,,,,,,,,
18/11/2016,2025-11.csv,,,,,,,,,,,,,,,,,,
02/02/2017,2025-11.csv,,,,,,,,,,,,,,,,,,
15/12/2015,2025-11.csv,,,,,,,,,,,,,,,,,,
02/02/2017,2025-11.csv,,,,,,,,,,,,,,,,,,
02/02/2017,2025-11.csv,,,,,,,,,,,,,,,,,,
21/12/2016,2025-11.csv,,,,,,,,,,,,,,,,,,
18/10/2018,2025-11.csv,,,,,,,,,,,,,,,,,,
18/11/2016,2025-11.csv,,,,,,,,,,,,,,,,,,
15/03/2017,2025-11.csv,,,,,,,,,,,,,,,,,,
15/03/2017,2025-11.csv,,,,,,,,,,,,,,,,,,
08/07/2016,2025-11.csv,,,,,,,,,,,,,,,,,,
18/11/2016,2025-11.csv,,,,,,,,,,,,,,,,,,
18/11/2016,2025-11.csv,,,,,,,,,,,,,,,,,,
10/12/2015,2025-11.csv,,,,,,,,,,,,,,,,,,
18/11/2016,2025-11.csv,,,,,,,,,,,,,,,,,,
15/03/2017,2025-11.csv,,,,,,,,,,,,,,,,,,
02/02/2017,2025-11.csv,,,,,,,,,,,,,,,,,,
13/11/2015,2025-11.csv,,,,,,,,,,,,,,,,,,
15/03/2017,2025-11.csv,,,,,,,,,,,,,,,,,,
15/03/2017,2025-11.csv,,,,,,,,,,,,,,,,,,
26/05/2016,2025-11.csv,,,,,,,,,,,,,,,,,,
15/03/2017,2025-11.csv,,,,,,,,,,,,,,,,,,
18/08/2020,2025-11.csv,,,,,,,,,,,,,,,,,,
22/07/2020,2025-11.csv,,,,,,,,,,,,,,,,,,
01/04/2009,2025-11.csv,,,,,,,,,,,,,,,,,,
01/04/2007,2025-11.csv,,,,,,,,,,,,,,,,,,
01/04/2008,2025-11.csv,,,,,,,,,,,,,,,,,,
10/05/2002,2025-11.csv,,,,,,,,,,,,,,,,,,
01/04/1996,2025-11.csv,,,,,,,,,,,,,,,,,,
01/04/2017,2025-11.csv,,,,,,,,,,,,,,,,,,
01/04/2008,2025-11.csv,,,,,,,,,,,,,,,,,,
01/04/2005,2025-11.csv,,,,,,,,,,,,,,,,,,
01/04/2005,2025-11.csv,,,,,,,,,,,,,,,,,,
01/04/1997,2025-11.csv,,,,,,,,,,,,,,,,,,
01/04/2006,2025-11.csv,,,,,,,,,,,,,,,,,,
31/10/2023,2025-11.csv,,,,,,,,,,,,,,,,,,
01/04/2017,2025-11.csv,,,,,,,,,,,,,,,,,,
01/04/2003,2025-11.csv,,,,,,,,,,,,,,,,,,
01/04/2008,2025-11.csv,,,,,,,,,,,,,,,,,,
01/04/2009,2025-11.csv,,,,,,,,,,,,,,,,,,
01/04/2008,2025-11.csv,,,,,,,,,,,,,,,,,,
01/04/2008,2025-11.csv,,,,,,,,,,,,,,,,,,
01/04/2007,2025-11.csv,,,,,,,,,,,,,,,,,,
01/04/2009,2025-11.csv,,,,,,,,,,,,,,,,,,
01/08/2017,2025-11.csv,,,,,,,,,,,,,,,,,,
01/04/2017,2025-11.csv,,,,,,,,,,,,,,,,,,
20/01/2009,2025-11.csv,,,,,,,,,,,,,,,,,,
01/04/2007,2025-11.csv,,,,,,,,,,,,,,,,,,
01/04/2017,2025-11.csv,,,,,,,,,,,,,,,,,,
01/04/2007,2025-11.csv,,,,,,,,,,,,,,,,,,
03/02/2016,2025-11.csv,,,,,,,,,,,,,,,,,,
01/04/2005,2025-11.csv,,,,,,,,,,,,,,,,,,
01/04/2017,2025-11.csv,,,,,,,,,,,,,,,,,,
01/04/1996,2025-11.csv,,,,,,,,,,,,,,,,,,
01/04/2017,2025-11.csv,,,,,,,,,,,,,,,,,,
08/02/2010,2025-11.csv,,,,,,,,,,,,,,,,,,
01/04/2005,2025-11.csv,,,,,,,,,,,,,,,,,,
01/04/2011,2025-11.csv,,,,,,,,,,,,,,,,,,
01/04/2017,2025-11.csv,,,,,,,,,,,,,,,,,,
01/04/1997,2025-11.csv,,,,,,,,,,,,,,,,,,
01/04/2014,2025-11.csv,,,,,,,,,,,,,,,,,,
01/04/2017,2025-11.csv,,,,,,,,,,,,,,,,,,
01/04/1996,2025-11.csv,,,,,,,,,,,,,,,,,,
Sanction Date,2026-04.csv,,,,,,,,,,,,,,,,,,
01/11/2021,2026-04.csv,,,,,,,,,,,,,,,,,,
30/12/2022,2026-04.csv,,,,,,,,,,,,,,,,,,
04/10/2018,2026-04.csv,,,,,,,,,,,,,,,,,,
02/06/2023,2026-04.csv,,,,,,,,,,,,,,,,,,
02/06/2023,2026-04.csv,,,,,,,,,,,,,,,,,,
10/03/2023,2026-04.csv,,,,,,,,,,,,,,,,,,
21/06/2023,2026-04.csv,,,,,,,,,,,,,,,,,,
17/06/2020,2026-04.csv,,,,,,,,,,,,,,,,,,
01/06/2022,2026-04.csv,,,,,,,,,,,,,,,,,,
10/10/2023,2026-04.csv,,,,,,,,,,,,,,,,,,
27/07/2018,2026-04.csv,,,,,,,,,,,,,,,,,,
07/06/2023,2026-04.csv,,,,,,,,,,,,,,,,,,
14/06/2022,2026-04.csv,,,,,,,,,,,,,,,,,,
12/01/2024,2026-04.csv,,,,,,,,,,,,,,,,,,
04/07/2024,2026-04.csv,,,,,,,,,,,,,,,,,,
03/07/2024,2026-04.csv,,,,,,,,,,,,,,,,,,
29/08/2024,2026-04.csv,,,,,,,,,,,,,,,,,,
28/08/2024,2026-04.csv,,,,,,,,,,,,,,,,,,
29/08/2025,2026-04.csv,,,,,,,,,,,,,,,,,,
18/06/2024,2026-04.csv,,,,,,,,,,,,,,,,,,
09/11/2017,2026-04.csv,,,,,,,,,,,,,,,,,,
01/12/2016,2026-04.csv,,,,,,,,,,,,,,,,,,
14/05/2018,2026-04.csv,,,,,,,,,,,,,,,,,,
04/03/2023,2026-04.csv,,,,,,,,,,,,,,,,,,
18/12/2020,2026-04.csv,,,,,,,,,,,,,,,,,,
21/11/2023,2026-04.csv,,,,,,,,,,,,,,,,,,
25/07/2016,2026-04.csv,,,,,,,,,,,,,,,,,,
08/12/2015,2026-04.csv,,,,,,,,,,,,,,,,,,
31/10/2015,2026-04.csv,,,,,,,,,,,,,,,,,,
16/11/2018,2026-04.csv,,,,,,,,,,,,,,,,,,
05/03/2016,2026-04.csv,,,,,,,,,,,,,,,,,,
10/09/2024,2026-04.csv,,,,,,,,,,,,,,,,,,
04/01/2023,2026-04.csv,,,,,,,,,,,,,,,,,,
19/09/2022,2026-04.csv,,,,,,,,,,,,,,,,,,
22/09/2018,2026-04.csv,,,,,,,,,,,,,,,,,,
12/08/2015,2026-04.csv,,,,,,,,,,,,,,,,,,
04/02/2015,2026-04.csv,,,,,,,,,,,,,,,,,,
25/07/2015,2026-04.csv,,,,,,,,,,,,,,,,,,
26/04/2024,2026-04.csv,,,,,,,,,,,,,,,,,,
19/04/2023,2026-04.csv,,,,,,,,,,,,,,,,,,
04/08/2020,2026-04.csv,,,,,,,,,,,,,,,,,,
16/12/2022,2026-04.csv,,,,,,,,,,,,,,,,,,
04/08/2020,2026-04.csv,,,,,,,,,,,,,,,,,,
07/05/2014,2026-04.csv,,,,,,,,,,,,,,,,,,
12/11/2018,2026-04.csv,,,,,,,,,,,,,,,,,,
11/02/2020,2026-04.csv,,,,,,,,,,,,,,,,,,
26/03/2024,2026-04.csv,,,,,,,,,,,,,,,,,,
25/08/2020,2026-04.csv,,,,,,,,,,,,,,,,,,
22/07/2019,2026-04.csv,,,,,,,,,,,,,,,,,,
26/03/2024,2026-04.csv,,,,,,,,,,,,,,,,,,
10/08/2021,2026-04.csv,,,,,,,,,,,,,,,,,,
04/08/2020,2026-04.csv,,,,,,,,,,,,,,,,,,
11/08/2018,2026-04.csv,,,,,,,,,,,,,,,,,,
29/12/2023,2026-04.csv,,,,,,,,,,,,,,,,,,
12/02/2019,2026-04.csv,,,,,,,,,,,,,,,,,,
11/02/2020,2026-04.csv,,,,,,,,,,,,,,,,,,
24/12/2020,2026-04.csv,,,,,,,,,,,,,,,,,,
11/02/2020,2026-04.csv,,,,,,,,,,,,,,,,,,
10/05/2021,2026-04.csv,,,,,,,,,,,,,,,,,,
11/11/2020,2026-04.csv,,,,,,,,,,,,,,,,,,
18/01/2021,2026-04.csv,,,,,,,,,,,,,,,,,,
28/10/2023,2026-04.csv,,,,,,,,,,,,,,,,,,
31/08/2019,2026-04.csv,,,,,,,,,,,,,,,,,,
08/08/2023,2026-04.csv,,,,,,,,,,,,,,,,,,
05/03/2016,2026-04.csv,,,,,,,,,,,,,,,,,,
23/03/2021,2026-04.csv,,,,,,,,,,,,,,,,,,
01/07/2019,2026-04.csv,,,,,,,,,,,,,,,,,,
23/04/2021,2026-04.csv,,,,,,,,,,,,,,,,,,
01/07/2021,2026-04.csv,,,,,,,,,,,,,,,,,,
25/04/2022,2026-04.csv,,,,,,,,,,,,,,,,,,
07/11/2022,2026-04.csv,,,,,,,,,,,,,,,,,,
10/08/2022,2026-04.csv,,,,,,,,,,,,,,,,,,
01/08/2017,2026-04.csv,,,,,,,,,,,,,,,,,,
19/04/2023,2026-04.csv,,,,,,,,,,,,,,,,,,
22/05/2018,2026-04.csv,,,,,,,,,,,,,,,,,,
29/12/2023,2026-04.csv,,,,,,,,,,,,,,,,,,
03/02/2020,2026-04.csv,,,,,,,,,,,,,,,,,,
01/12/2021,2026-04.csv,,,,,,,,,,,,,,,,,,
27/02/2025,2026-04.csv,,,,,,,,,,,,,,,,,,
16/04/2020,2026-04.csv,,,,,,,,,,,,,,,,,,
25/08/2020,2026-04.csv,,,,,,,,,,,,,,,,,,
30/01/2024,2026-04.csv,,,,,,,,,,,,,,,,,,
19/08/2017,2026-04.csv,,,,,,,,,,,,,,,,,,
01/03/2016,2026-04.csv,,,,,,,,,,,,,,,,,,
17/12/2014,2026-04.csv,,,,,,,,,,,,,,,,,,
24/01/2022,2026-04.csv,,,,,,,,,,,,,,,,,,
29/01/2023,2026-04.csv,,,,,,,,,,,,,,,,,,
25/06/2021,2026-04.csv,,,,,,,,,,,,,,,,,,
05/06/2024,2026-04.csv,,,,,,,,,,,,,,,,,,
28/01/2023,2026-04.csv,,,,,,,,,,,,,,,,,,
24/01/2022,2026-04.csv,,,,,,,,,,,,,,,,,,
04/08/2020,2026-04.csv,,,,,,,,,,,,,,,,,,
29/11/2024,2026-04.csv,,,,,,,,,,,,,,,,,,
20/12/2024,2026-04.csv,,,,,,,,,,,,,,,,,,
24/05/2018,2026-04.csv,,,,,,,,,,,,,,,,,,
14/06/2022,2026-04.csv,,,,,,,,,,,,,,,,,,
13/01/2025,2026-04.csv,,,,,,,,,,,,,,,,,,
11/11/2020,2026-04.csv,,,,,,,,,,,,,,,,,,
12/08/2011,2026-04.csv,,,,,,,,,,,,,,,,,,
14/02/2011,2026-04.csv,,,,,,,,,,,,,,,,,,
05/06/2024,2026-04.csv,,,,,,,,,,,,,,,,,,
01/03/2020,2026-04.csv,,,,,,,,,,,,,,,,,,
11/08/2018,2026-04.csv,,,,,,,,,,,,,,,,,,
25/05/2019,2026-04.csv,,,,,,,,,,,,,,,,,,
11/11/2020,2026-04.csv,,,,,,,,,,,,,,,,,,
27/08/2016,2026-04.csv,,,,,,,,,,,,,,,,,,
06/10/2023,2026-04.csv,,,,,,,,,,,,,,,,,,
12/07/2021,2026-04.csv,,,,,,,,,,,,,,,,,,
10/03/2016,2026-04.csv,,,,,,,,,,,,,,,,,,
29/11/2024,2026-04.csv,,,,,,,,,,,,,,,,,,
31/01/2023,2026-04.csv,,,,,,,,,,,,,,,,,,
14/10/2022,2026-04.csv,,,,,,,,,,,,,,,,,,
24/12/2020,2026-04.csv,,,,,,,,,,,,,,,,,,
23/12/2009,2026-04.csv,,,,,,,,,,,,,,,,,,
25/06/2025,2026-04.csv,,,,,,,,,,,,,,,,,,
01/09/2025,2026-04.csv,,,,,,,,,,,,,,,,,,
30/05/2025,2026-04.csv,,,,,,,,,,,,,,,,,,
04/08/2020,2026-04.csv,,,,,,,,,,,,,,,,,,
02/02/2017,2026-04.csv,,,,,,,,,,,,,,,,,,
04/11/2022,2026-04.csv,,,,,,,,,,,,,,,,,,
28/12/2021,2026-04.csv,,,,,,,,,,,,,,,,,,
26/03/2024,2026-04.csv,,,,,,,,,,,,,,,,,,
31/01/2022,2026-04.csv,,,,,,,,,,,,,,,,,,
25/08/2025,2026-04.csv,,,,,,,,,,,,,,,,,,
04/08/2020,2026-04.csv,,,,,,,,,,,,,,,,,,
29/07/2022,2026-04.csv,,,,,,,,,,,,,,,,,,
16/04/2020,2026-04.csv,,,,,,,,,,,,,,,,,,
02/02/2021,2026-04.csv,,,,,,,,,,,,,,,,,,
22/05/2018,2026-04.csv,,,,,,,,,,,,,,,,,,
05/05/2022,2026-04.csv,,,,,,,,,,,,,,,,,,
04/05/2020,2026-04.csv,,,,,,,,,,,,,,,,,,
28/07/2021,2026-04.csv,,,,,,,,,,,,,,,,,,
29/05/2021,2026-04.csv,,,,,,,,,,,,,,,,,,
31/10/2022,2026-04.csv,,,,,,,,,,,,,,,,,,
04/11/2020,2026-04.csv,,,,,,,,,,,,,,,,,,
04/11/2019,2026-04.csv,,,,,,,,,,,,,,,,,,
05/07/2022,2026-04.csv,,,,,,,,,,,,,,,,,,
31/01/2023,2026-04.csv,,,,,,,,,,,,,,,,,,
28/11/2022,2026-04.csv,,,,,,,,,,,,,,,,,,
16/11/2018,2026-04.csv,,,,,,,,,,,,,,,,,,
29/07/2022,2026-04.csv,,,,,,,,,,,,,,,,,,
01/10/2020,2026-04.csv,,,,,,,,,,,,,,,,,,
29/01/2024,2026-04.csv,,,,,,,,,,,,,,,,,,
01/02/2019,2026-04.csv,,,,,,,,,,,,,,,,,,
10/07/2016,2026-04.csv,,,,,,,,,,,,,,,,,,
19/03/2024,2026-04.csv,,,,,,,,,,,,,,,,,,
16/04/2019,2026-04.csv,,,,,,,,,,,,,,,,,,
02/09/2023,2026-04.csv,,,,,,,,,,,,,,,,,,
22/07/2022,2026-04.csv,,,,,,,,,,,,,,,,,,
22/06/2020,2026-04.csv,,,,,,,,,,,,,,,,,,
30/06/2020,2026-04.csv,,,,,,,,,,,,,,,,,,
17/09/2009,2026-04.csv,,,,,,,,,,,,,,,,,,
01/08/2024,2026-04.csv,,,,,,,,,,,,,,,,,,
01/02/2024,2026-04.csv,,,,,,,,,,,,,,,,,,
01/03/2019,2026-04.csv,,,,,,,,,,,,,,,,,,
01/07/2017,2026-04.csv,,,,,,,,,,,,,,,,,,
17/09/2009,2026-04.csv,,,,,,,,,,,,,,,,,,
18/09/2019,2026-04.csv,,,,,,,,,,,,,,,,,,
28/12/2020,2026-04.csv,,,,,,,,,,,,,,,,,,
10/03/2021,2026-04.csv,,,,,,,,,,,,,,,,,,
01/10/2019,2026-04.csv,,,,,,,,,,,,,,,,,,
17/09/2009,2026-04.csv,,,,,,,,,,,,,,,,,,
29/09/2022,2026-04.csv,,,,,,,,,,,,,,,,,,
01/08/2020,2026-04.csv,,,,,,,,,,,,,,,,,,
30/09/2024,2026-04.csv,,,,,,,,,,,,,,,,,,
17/09/2009,2026-04.csv,,,,,,,,,,,,,,,,,,
17/09/2009,2026-04.csv,,,,,,,,,,,,,,,,,,
12/02/2024,2026-04.csv,,,,,,,,,,,,,,,,,,
17/09/2018,2026-04.csv,,,,,,,,,,,,,,,,,,
25/06/2018,2026-04.csv,,,,,,,,,,,,,,,,,,
28/03/2023,2026-04.csv,,,,,,,,,,,,,,,,,,
24/10/2018,2026-04.csv,,,,,,,,,,,,,,,,,,
17/09/2009,2026-04.csv,,,,,,,,,,,,,,,,,,
29/05/2025,2026-04.csv,,,,,,,,,,,,,,,,,,
29/05/2025,2026-04.csv,,,,,,,,,,,,,,,,,,
27/12/2023,2026-04.csv,,,,,,,,,,,,,,,,,,
29/05/2019,2026-04.csv,,,,,,,,,,,,,,,,,,
,2026-04.csv,,,,,,,,,,,,,,,,,,
21/07/2022,2026-04.csv,,,,,,,,,,,,,,,,,,
21/07/2022,2026-04.csv,,,,,,,,,,,,,,,,,,
21/07/2022,2026-04.csv,,,,,,,,,,,,,,,,,,
05/08/2023,2026-04.csv,,,,,,,,,,,,,,,,,,
21/07/2022,2026-04.csv,,,,,,,,,,,,,,,,,,
01/08/2023,2026-04.csv,,,,,,,,,,,,,,,,,,
10/10/2024,2026-04.csv,,,,,,,,,,,,,,,,,,
27/07/2016,2026-04.csv,,,,,,,,,,,,,,,,,,
25/01/2017,2026-04.csv,,,,,,,,,,,,,,,,,,
11/12/2024,2026-04.csv,,,,,,,,,,,,,,,,,,
11/12/2024,2026-04.csv,,,,,,,,,,,,,,,,,,
04/09/2025,2026-04.csv,,,,,,,,,,,,,,,,,,
26/03/2021,2026-04.csv,,,,,,,,,,,,,,,,,,
08/03/2019,2026-04.csv,,,,,,,,,,,,,,,,,,
06/11/2025,2026-04.csv,,,,,,,,,,,,,,,,,,
01/10/2020,2026-04.csv,,,,,,,,,,,,,,,,,,
27/02/2023,2026-04.csv,,,,,,,,,,,,,,,,,,
05/11/2024,2026-04.csv,,,,,,,,,,,,,,,,,,
25/06/2019,2026-04.csv,,,,,,,,,,,,,,,,,,
22/04/2026,2026-04.csv,,,,,,,,,,,,,,,,,,
08/03/2019,2026-04.csv,,,,,,,,,,,,,,,,,,
28/04/2023,2026-04.csv,,,,,,,,,,,,,,,,,,
10/05/2022,2026-04.csv,,,,,,,,,,,,,,,,,,
29/08/2023,2026-04.csv,,,,,,,,,,,,,,,,,,
20/11/2020,2026-04.csv,,,,,,,,,,,,,,,,,,
05/11/2024,2026-04.csv,,,,,,,,,,,,,,,,,,
28/10/2014,2026-04.csv,,,,,,,,,,,,,,,,,,
07/11/2017,2026-04.csv,,,,,,,,,,,,,,,,,,
30/01/2023,2026-04.csv,,,,,,,,,,,,,,,,,,
10/09/2014,2026-04.csv,,,,,,,,,,,,,,,,,,
30/03/2021,2026-04.csv,,,,,,,,,,,,,,,,,,
11/02/2021,2026-04.csv,,,,,,,,,,,,,,,,,,
03/03/2024,2026-04.csv,,,,,,,,,,,,,,,,,,
20/09/2024,2026-04.csv,,,,,,,,,,,,,,,,,,
09/09/2003,2026-04.csv,,,,,,,,,,,,,,,,,,
12/01/2023,2026-04.csv,,,,,,,,,,,,,,,,,,
25/08/2022,2026-04.csv,,,,,,,,,,,,,,,,,,
16/11/2006,2026-04.csv,,,,,,,,,,,,,,,,,,
08/03/2019,2026-04.csv,,,,,,,,,,,,,,,,,,
21/08/2008,2026-04.csv,,,,,,,,,,,,,,,,,,
27/06/2017,2026-04.csv,,,,,,,,,,,,,,,,,,
29/05/2023,2026-04.csv,,,,,,,,,,,,,,,,,,
30/03/2023,2026-04.csv,,,,,,,,,,,,,,,,,,
28/06/2022,2026-04.csv,,,,,,,,,,,,,,,,,,
29/09/2022,2026-04.csv,,,,,,,,,,,,,,,,,,
31/12/2018,2026-04.csv,,,,,,,,,,,,,,,,,,
31/01/2022,2026-04.csv,,,,,,,,,,,,,,,,,,
04/07/2024,2026-04.csv,,,,,,,,,,,,,,,,,,
09/11/2012,2026-04.csv,,,,,,,,,,,,,,,,,,
20/12/2021,2026-04.csv,,,,,,,,,,,,,,,,,,
28/01/2019,2026-04.csv,,,,,,,,,,,,,,,,,,
07/12/2023,2026-04.csv,,,,,,,,,,,,,,,,,,
09/10/2017,2026-04.csv,,,,,,,,,,,,,,,,,,
15/05/2023,2026-04.csv,,,,,,,,,,,,,,,,,,
29/03/2023,2026-04.csv,,,,,,,,,,,,,,,,,,
12/09/2019,2026-04.csv,,,,,,,,,,,,,,,,,,
17/12/2018,2026-04.csv,,,,,,,,,,,,,,,,,,
15/09/2020,2026-04.csv,,,,,,,,,,,,,,,,,,
10/01/2019,2026-04.csv,,,,,,,,,,,,,,,,,,
28/02/2019,2026-04.csv,,,,,,,,,,,,,,,,,,
10/01/2019,2026-04.csv,,,,,,,,,,,,,,,,,,
17/12/2018,2026-04.csv,,,,,,,,,,,,,,,,,,
15/06/2018,2026-04.csv,,,,,,,,,,,,,,,,,,
06/10/2018,2026-04.csv,,,,,,,,,,,,,,,,,,
27/01/2020,2026-04.csv,,,,,,,,,,,,,,,,,,
07/03/2019,2026-04.csv,,,,,,,,,,,,,,,,,,
19/02/2020,2026-04.csv,,,,,,,,,,,,,,,,,,
27/11/2019,2026-04.csv,,,,,,,,,,,,,,,,,,
05/09/2023,2026-04.csv,,,,,,,,,,,,,,,,,,
24/02/2023,2026-04.csv,,,,,,,,,,,,,,,,,,
19/10/2023,2026-04.csv,,,,,,,,,,,,,,,,,,
04/08/2023,2026-04.csv,,,,,,,,,,,,,,,,,,
20/09/2022,2026-04.csv,,,,,,,,,,,,,,,,,,
25/08/2021,2026-04.csv,,,,,,,,,,,,,,,,,,
05/04/2022,2026-04.csv,,,,,,,,,,,,,,,,,,
08/12/2021,2026-04.csv,,,,,,,,,,,,,,,,,,
04/10/2022,2026-04.csv,,,,,,,,,,,,,,,,,,
25/10/2016,2026-04.csv,,,,,,,,,,,,,,,,,,
11/09/2025,2026-04.csv,,,,,,,,,,,,,,,,,,
18/06/2022,2026-04.csv,,,,,,,,,,,,,,,,,,
16/07/2019,2026-04.csv,,,,,,,,,,,,,,,,,,
10/12/2010,2026-04.csv,,,,,,,,,,,,,,,,,,
18/02/2015,2026-04.csv,,,,,,,,,,,,,,,,,,
24/05/2018,2026-04.csv,,,,,,,,,,,,,,,,,,
28/10/2013,2026-04.csv,,,,,,,,,,,,,,,,,,
06/12/2017,2026-04.csv,,,,,,,,,,,,,,,,,,
22/02/2021,2026-04.csv,,,,,,,,,,,,,,,,,,
22/02/2021,2026-04.csv,,,,,,,,,,,,,,,,,,
26/08/2022,2026-04.csv,,,,,,,,,,,,,,,,,,
26/12/2008,2026-04.csv,,,,,,,,,,,,,,,,,,
03/01/2018,2026-04.csv,,,,,,,,,,,,,,,,,,
16/05/2018,2026-04.csv,,,,,,,,,,,,,,,,,,
27/09/2017,2026-04.csv,,,,,,,,,,,,,,,,,,
21/04/2017,2026-04.csv,,,,,,,,,,,,,,,,,,
30/09/2011,2026-04.csv,,,,,,,,,,,,,,,,,,
14/05/2018,2026-04.csv,,,,,,,,,,,,,,,,,,
11/11/2017,2026-04.csv,,,,,,,,,,,,,,,,,,
12/08/2021,2026-04.csv,,,,,,,,,,,,,,,,,,
19/05/2020,2026-04.csv,,,,,,,,,,,,,,,,,,
08/04/2021,2026-04.csv,,,,,,,,,,,,,,,,,,
06/03/2025,2026-04.csv,,,,,,,,,,,,,,,,,,
22/08/2022,2026-04.csv,,,,,,,,,,,,,,,,,,
12/09/2024,2026-04.csv,,,,,,,,,,,,,,,,,,
23/06/2025,2026-04.csv,,,,,,,,,,,,,,,,,,
18/08/2023,2026-04.csv,,,,,,,,,,,,,,,,,,
06/04/2022,2026-04.csv,,,,,,,,,,,,,,,,,,
30/01/2020,2026-04.csv,,,,,,,,,,,,,,,,,,
18/09/2023,2026-04.csv,,,,,,,,,,,,,,,,,,
26/09/2025,2026-04.csv,,,,,,,,,,,,,,,,,,
16/05/2024,2026-04.csv,,,,,,,,,,,,,,,,,,
28/06/2022,2026-04.csv,,,,,,,,,,,,,,,,,,
26/02/2021,2026-04.csv,,,,,,,,,,,,,,,,,,
03/09/2021,2026-04.csv,,,,,,,,,,,,,,,,,,
14/06/2022,2026-04.csv,,,,,,,,,,,,,,,,,,
17/06/2022,2026-04.csv,,,,,,,,,,,,,,,,,,
30/05/2025,2026-04.csv,,,,,,,,,,,,,,,,,,
28/02/2022,2026-04.csv,,,,,,,,,,,,,,,,,,
13/06/2022,2026-04.csv,,,,,,,,,,,,,,,,,,
13/01/2006,2026-04.csv,,,,,,,,,,,,,,,,,,
15/03/2022,2026-04.csv,,,,,,,,,,,,,,,,,,
23/03/2022,2026-04.csv,,,,,,,,,,,,,,,,,,
15/03/2022,2026-04.csv,,,,,,,,,,,,,,,,,,
29/03/2022,2026-04.csv,,,,,,,,,,,,,,,,,,
21/12/2022,2026-04.csv,,,,,,,,,,,,,,,,,,
21/12/2022,2026-04.csv,,,,,,,,,,,,,,,,,,
21/12/2022,2026-04.csv,,,,,,,,,,,,,,,,,,
21/12/2022,2026-04.csv,,,,,,,,,,,,,,,,,,
21/12/2022,2026-04.csv,,,,,,,,,,,,,,,,,,
21/12/2022,2026-04.csv,,,,,,,,,,,,,,,,,,
20/12/2022,2026-04.csv,,,,,,,,,,,,,,,,,,
21/01/2022,2026-04.csv,,,,,,,,,,,,,,,,,,
19/04/2022,2026-04.csv,,,,,,,,,,,,,,,,,,
29/12/2020,2026-04.csv,,,,,,,,,,,,,,,,,,
08/03/2022,2026-04.csv,,,,,,,,,,,,,,,,,,
21/04/2021,2026-04.csv,,,,,,,,,,,,,,,,,,
29/06/2022,2026-04.csv,,,,,,,,,,,,,,,,,,
05/08/2021,2026-04.csv,,,,,,,,,,,,,,,,,,
22/03/2024,2026-04.csv,,,,,,,,,,,,,,,,,,
21/11/2019,2026-04.csv,,,,,,,,,,,,,,,,,,
10/01/2018,2026-04.csv,,,,,,,,,,,,,,,,,,
03/03/2020,2026-04.csv,,,,,,,,,,,,,,,,,,
01/03/2017,2026-04.csv,,,,,,,,,,,,,,,,,,
15/05/2023,2026-04.csv,,,,,,,,,,,,,,,,,,
09/10/2025,2026-04.csv,,,,,,,,,,,,,,,,,,
12/07/2023,2026-04.csv,,,,,,,,,,,,,,,,,,
19/05/2021,2026-04.csv,,,,,,,,,,,,,,,,,,
09/11/2022,2026-04.csv,,,,,,,,,,,,,,,,,,
19/06/2024,2026-04.csv,,,,,,,,,,,,,,,,,,
23/09/2021,2026-04.csv,,,,,,,,,,,,,,,,,,
27/06/2019,2026-04.csv,,,,,,,,,,,,,,,,,,
31/01/2022,2026-04.csv,,,,,,,,,,,,,,,,,,
09/04/2025,2026-04.csv,,,,,,,,,,,,,,,,,,
22/12/2020,2026-04.csv,,,,,,,,,,,,,,,,,,
31/01/2022,2026-04.csv,,,,,,,,,,,,,,,,,,
26/05/2023,2026-04.csv,,,,,,,,,,,,,,,,,,
31/07/2020,2026-04.csv,,,,,,,,,,,,,,,,,,
30/08/2022,2026-04.csv,,,,,,,,,,,,,,,,,,
26/09/2025,2026-04.csv,,,,,,,,,,,,,,,,,,
28/03/2016,2026-04.csv,,,,,,,,,,,,,,,,,,
22/06/2009,2026-04.csv,,,,,,,,,,,,,,,,,,
09/02/2023,2026-04.csv,,,,,,,,,,,,,,,,,,
22/01/2024,2026-04.csv,,,,,,,,,,,,,,,,,,
22/12/2015,2026-04.csv,,,,,,,,,,,,,,,,,,
16/12/2024,2026-04.csv,,,,,,,,,,,,,,,,,,
07/07/2011,2026-04.csv,,,,,,,,,,,,,,,,,,
29/06/2022,2026-04.csv,,,,,,,,,,,,,,,,,,
15/06/2020,2026-04.csv,,,,,,,,,,,,,,,,,,
01/04/2020,2026-04.csv,,,,,,,,,,,,,,,,,,
27/07/2020,2026-04.csv,,,,,,,,,,,,,,,,,,
01/07/2021,2026-04.csv,,,,,,,,,,,,,,,,,,
30/05/2025,2026-04.csv,,,,,,,,,,,,,,,,,,
21/09/2020,2026-04.csv,,,,,,,,,,,,,,,,,,
27/01/2023,2026-04.csv,,,,,,,,,,,,,,,,,,
18/12/2024,2026-04.csv,,,,,,,,,,,,,,,,,,
21/08/2025,2026-04.csv,,,,,,,,,,,,,,,,,,
15/05/2023,2026-04.csv,,,,,,,,,,,,,,,,,,
16/03/2022,2026-04.csv,,,,,,,,,,,,,,,,,,
12/04/2023,2026-04.csv,,,,,,,,,,,,,,,,,,
30/10/2023,2026-04.csv,,,,,,,,,,,,,,,,,,
24/09/2025,2026-04.csv,,,,,,,,,,,,,,,,,,
05/09/2024,2026-04.csv,,,,,,,,,,,,,,,,,,
20/06/2024,2026-04.csv,,,,,,,,,,,,,,,,,,
23/04/2021,2026-04.csv,,,,,,,,,,,,,,,,,,
23/02/2017,2026-04.csv,,,,,,,,,,,,,,,,,,
13/08/2021,2026-04.csv,,,,,,,,,,,,,,,,,,
27/05/2022,2026-04.csv,,,,,,,,,,,,,,,,,,
19/04/2022,2026-04.csv,,,,,,,,,,,,,,,,,,
30/11/2022,2026-04.csv,,,,,,,,,,,,,,,,,,
31/01/2022,2026-04.csv,,,,,,,,,,,,,,,,,,
27/10/2023,2026-04.csv,,,,,,,,,,,,,,,,,,
19/12/2023,2026-04.csv,,,,,,,,,,,,,,,,,,
08/11/2021,2026-04.csv,,,,,,,,,,,,,,,,,,
30/09/2024,2026-04.csv,,,,,,,,,,,,,,,,,,
11/09/2024,2026-04.csv,,,,,,,,,,,,,,,,,,
22/05/2018,2026-04.csv,,,,,,,,,,,,,,,,,,
27/02/2018,2026-04.csv,,,,,,,,,,,,,,,,,,
19/04/2023,2026-04.csv,,,,,,,,,,,,,,,,,,
11/04/2023,2026-04.csv,,,,,,,,,,,,,,,,,,
11/07/2013,2026-04.csv,,,,,,,,,,,,,,,,,,
12/09/2022,2026-04.csv,,,,,,,,,,,,,,,,,,
03/10/2024,2026-04.csv,,,,,,,,,,,,,,,,,,
14/09/2015,2026-04.csv,,,,,,,,,,,,,,,,,,
30/05/2017,2026-04.csv,,,,,,,,,,,,,,,,,,
07/03/2016,2026-04.csv,,,,,,,,,,,,,,,,,,
04/09/2015,2026-04.csv,,,,,,,,,,,,,,,,,,
30/09/2022,2026-04.csv,,,,,,,,,,,,,,,,,,
30/09/2022,2026-04.csv,,,,,,,,,,,,,,,,,,
15/09/2022,2026-04.csv,,,,,,,,,,,,,,,,,,
03/02/2023,2026-04.csv,,,,,,,,,,,,,,,,,,
08/12/2022,2026-04.csv,,,,,,,,,,,,,,,,,,
12/09/2022,2026-04.csv,,,,,,,,,,,,,,,,,,
20/04/2017,2026-04.csv,,,,,,,,,,,,,,,,,,
01/06/2022,2026-04.csv,,,,,,,,,,,,,,,,,,
01/01/1999,2026-04.csv,,,,,,,,,,,,,,,,,,
19/02/2024,2026-04.csv,,,,,,,,,,,,,,,,,,
01/04/2019,2026-04.csv,,,,,,,,,,,,,,,,,,
30/04/2020,2026-04.csv,,,,,,,,,,,,,,,,,,
01/04/2019,2026-04.csv,,,,,,,,,,,,,,,,,,
31/03/2013,2026-04.csv,,,,,,,,,,,,,,,,,,
25/10/2023,2026-04.csv,,,,,,,,,,,,,,,,,,
29/06/2018,2026-04.csv,,,,,,,,,,,,,,,,,,
25/05/2023,2026-04.csv,,,,,,,,,,,,,,,,,,
25/10/2024,2026-04.csv,,,,,,,,,,,,,,,,,,
19/08/2024,2026-04.csv,,,,,,,,,,,,,,,,,,
04/10/2013,2026-04.csv,,,,,,,,,,,,,,,,,,
03/10/2018,2026-04.csv,,,,,,,,,,,,,,,,,,
01/04/2019,2026-04.csv,,,,,,,,,,,,,,,,,,
21/10/2020,2026-04.csv,,,,,,,,,,,,,,,,,,
04/02/1999,2026-04.csv,,,,,,,,,,,,,,,,,,
20/02/2018,2026-04.csv,,,,,,,,,,,,,,,,,,
19/08/2024,2026-04.csv,,,,,,,,,,,,,,,,,,
01/01/2019,2026-04.csv,,,,,,,,,,,,,,,,,,
31/03/2016,2026-04.csv,,,,,,,,,,,,,,,,,,
15/03/2010,2026-04.csv,,,,,,,,,,,,,,,,,,
07/10/2022,2026-04.csv,,,,,,,,,,,,,,,,,,
07/09/2020,2026-04.csv,,,,,,,,,,,,,,,,,,
05/10/2015,2026-04.csv,,,,,,,,,,,,,,,,,,
11/07/2020,2026-04.csv,,,,,,,,,,,,,,,,,,
31/03/2009,2026-04.csv,,,,,,,,,,,,,,,,,,
01/03/2018,2026-04.csv,,,,,,,,,,,,,,,,,,
01/02/2023,2026-04.csv,,,,,,,,,,,,,,,,,,
01/06/2022,2026-04.csv,,,,,,,,,,,,,,,,,,
30/01/2014,2026-04.csv,,,,,,,,,,,,,,,,,,
19/08/2024,2026-04.csv,,,,,,,,,,,,,,,,,,
10/11/2017,2026-04.csv,,,,,,,,,,,,,,,,,,
13/04/2011,2026-04.csv,,,,,,,,,,,,,,,,,,
,2026-04.csv,,,,,,,,,,,,,,,,,,
15/02/2018,2026-04.csv,,,,,,,,,,,,,,,,,,
09/09/2024,2026-04.csv,,,,,,,,,,,,,,,,,,
31/03/2013,2026-04.csv,,,,,,,,,,,,,,,,,,
19/11/2008,2026-04.csv,,,,,,,,,,,,,,,,,,
25/08/2023,2026-04.csv,,,,,,,,,,,,,,,,,,
05/12/2017,2026-04.csv,,,,,,,,,,,,,,,,,,
29/12/2010,2026-04.csv,,,,,,,,,,,,,,,,,,
07/06/2024,2026-04.csv,,,,,,,,,,,,,,,,,,
18/06/2019,2026-04.csv,,,,,,,,,,,,,,,,,,
01/03/2019,2026-04.csv,,,,,,,,,,,,,,,,,,
31/05/2022,2026-04.csv,,,,,,,,,,,,,,,,,,
11/11/2022,2026-04.csv,,,,,,,,,,,,,,,,,,
15/07/2009,2026-04.csv,,,,,,,,,,,,,,,,,,
15/07/2009,2026-04.csv,,,,,,,,,,,,,,,,,,
30/11/2021,2026-04.csv,,,,,,,,,,,,,,,,,,
03/09/2025,2026-04.csv,,,,,,,,,,,,,,,,,,
05/12/2025,2026-04.csv,,,,,,,,,,,,,,,,,,
28/02/2008,2026-04.csv,,,,,,,,,,,,,,,,,,
24/01/2023,2026-04.csv,,,,,,,,,,,,,,,,,,
31/03/2022,2026-04.csv,,,,,,,,,,,,,,,,,,
31/01/2019,2026-04.csv,,,,,,,,,,,,,,,,,,
26/08/2015,2026-04.csv,,,,,,,,,,,,,,,,,,
30/01/2025,2026-04.csv,,,,,,,,,,,,,,,,,,
28/08/2023,2026-04.csv,,,,,,,,,,,,,,,,,,
29/03/2023,2026-04.csv,,,,,,,,,,,,,,,,,,
19/02/2024,2026-04.csv,,,,,,,,,,,,,,,,,,
25/08/2023,2026-04.csv,,,,,,,,,,,,,,,,,,
06/12/2023,2026-04.csv,,,,,,,,,,,,,,,,,,
21/11/2022,2026-04.csv,,,,,,,,,,,,,,,,,,
04/10/2017,2026-04.csv,,,,,,,,,,,,,,,,,,
25/08/2023,2026-04.csv,,,,,,,,,,,,,,,,,,
31/03/2016,2026-04.csv,,,,,,,,,,,,,,,,,,
31/03/2016,2026-04.csv,,,,,,,,,,,,,,,,,,
20/02/2013,2026-04.csv,,,,,,,,,,,,,,,,,,
08/12/2015,2026-04.csv,,,,,,,,,,,,,,,,,,
12/09/2022,2026-04.csv,,,,,,,,,,,,,,,,,,
19/08/2022,2026-04.csv,,,,,,,,,,,,,,,,,,
05/11/2024,2026-04.csv,,,,,,,,,,,,,,,,,,
02/09/2016,2026-04.csv,,,,,,,,,,,,,,,,,,
15/03/2010,2026-04.csv,,,,,,,,,,,,,,,,,,
03/04/2023,2026-04.csv,,,,,,,,,,,,,,,,,,
19/08/2002,2026-04.csv,,,,,,,,,,,,,,,,,,
11/04/2023,2026-04.csv,,,,,,,,,,,,,,,,,,
19/04/2023,2026-04.csv,,,,,,,,,,,,,,,,,,
02/09/2025,2026-04.csv,,,,,,,,,,,,,,,,,,
01/04/2013,2026-04.csv,,,,,,,,,,,,,,,,,,
09/09/2022,2026-04.csv,,,,,,,,,,,,,,,,,,
01/07/2011,2026-04.csv,,,,,,,,,,,,,,,,,,
26/08/2022,2026-04.csv,,,,,,,,,,,,,,,,,,
05/04/2014,2026-04.csv,,,,,,,,,,,,,,,,,,
29/01/2018,2026-04.csv,,,,,,,,,,,,,,,,,,
14/10/2025,2026-04.csv,,,,,,,,,,,,,,,,,,
09/04/2025,2026-04.csv,,,,,,,,,,,,,,,,,,
01/03/2023,2026-04.csv,,,,,,,,,,,,,,,,,,
25/08/2023,2026-04.csv,,,,,,,,,,,,,,,,,,
01/04/2019,2026-04.csv,,,,,,,,,,,,,,,,,,
27/07/2023,2026-04.csv,,,,,,,,,,,,,,,,,,
31/03/2017,2026-04.csv,,,,,,,,,,,,,,,,,,
30/09/2020,2026-04.csv,,,,,,,,,,,,,,,,,,
31/03/2011,2026-04.csv,,,,,,,,,,,,,,,,,,
05/10/2007,2026-04.csv,,,,,,,,,,,,,,,,,,
13/09/2018,2026-04.csv,,,,,,,,,,,,,,,,,,
31/03/2010,2026-04.csv,,,,,,,,,,,,,,,,,,
20/07/2015,2026-04.csv,,,,,,,,,,,,,,,,,,
01/01/1999,2026-04.csv,,,,,,,,,,,,,,,,,,
21/08/2019,2026-04.csv,,,,,,,,,,,,,,,,,,
02/09/2016,2026-04.csv,,,,,,,,,,,,,,,,,,
08/12/2015,2026-04.csv,,,,,,,,,,,,,,,,,,
10/11/2017,2026-04.csv,,,,,,,,,,,,,,,,,,
18/11/2015,2026-04.csv,,,,,,,,,,,,,,,,,,
21/08/2015,2026-04.csv,,,,,,,,,,,,,,,,,,
18/02/2018,2026-04.csv,,,,,,,,,,,,,,,,,,
04/07/2017,2026-04.csv,,,,,,,,,,,,,,,,,,
14/03/2023,2026-04.csv,,,,,,,,,,,,,,,,,,
30/09/2016,2026-04.csv,,,,,,,,,,,,,,,,,,
01/03/2018,2026-04.csv,,,,,,,,,,,,,,,,,,
05/10/2021,2026-04.csv,,,,,,,,,,,,,,,,,,
08/09/2016,2026-04.csv,,,,,,,,,,,,,,,,,,
31/03/2013,2026-04.csv,,,,,,,,,,,,,,,,,,
28/06/2010,2026-04.csv,,,,,,,,,,,,,,,,,,
05/03/2010,2026-04.csv,,,,,,,,,,,,,,,,,,
27/01/2014,2026-04.csv,,,,,,,,,,,,,,,,,,
28/07/2015,2026-04.csv,,,,,,,,,,,,,,,,,,
26/08/2022,2026-04.csv,,,,,,,,,,,,,,,,,,
31/03/2016,2026-04.csv,,,,,,,,,,,,,,,,,,
19/09/2017,2026-04.csv,,,,,,,,,,,,,,,,,,
31/03/2013,2026-04.csv,,,,,,,,,,,,,,,,,,
20/04/2019,2026-04.csv,,,,,,,,,,,,,,,,,,
05/09/2016,2026-04.csv,,,,,,,,,,,,,,,,,,
11/04/2025,2026-04.csv,,,,,,,,,,,,,,,,,,
05/03/2016,2026-04.csv,,,,,,,,,,,,,,,,,,
13/09/2018,2026-04.csv,,,,,,,,,,,,,,,,,,
31/03/1994,2026-04.csv,,,,,,,,,,,,,,,,,,
24/06/2025,2026-04.csv,,,,,,,,,,,,,,,,,,
04/11/2004,2026-04.csv,,,,,,,,,,,,,,,,,,
08/12/2015,2026-04.csv,,,,,,,,,,,,,,,,,,
14/07/2023,2026-04.csv,,,,,,,,,,,,,,,,,,
14/07/2023,2026-04.csv,,,,,,,,,,,,,,,,,,
31/03/2009,2026-04.csv,,,,,,,,,,,,,,,,,,
03/04/2023,2026-04.csv,,,,,,,,,,,,,,,,,,
01/01/2014,2026-04.csv,,,,,,,,,,,,,,,,,,
16/05/2016,2026-04.csv,,,,,,,,,,,,,,,,,,
22/03/2017,2026-04.csv,,,,,,,,,,,,,,,,,,
24/01/2007,2026-04.csv,,,,,,,,,,,,,,,,,,
27/08/2021,2026-04.csv,,,,,,,,,,,,,,,,,,
,2026-04.csv,,,,,,,,,,,,,,,,,,
01/03/2019,2026-04.csv,,,,,,,,,,,,,,,,,,
19/02/2024,2026-04.csv,,,,,,,,,,,,,,,,,,
19/02/2024,2026-04.csv,,,,,,,,,,,,,,,,,,
01/04/2011,2026-04.csv,,,,,,,,,,,,,,,,,,
12/09/2022,2026-04.csv,,,,,,,,,,,,,,,,,,
16/07/2016,2026-04.csv,,,,,,,,,,,,,,,,,,
13/09/2018,2026-04.csv,,,,,,,,,,,,,,,,,,
01/04/2012,2026-04.csv,,,,,,,,,,,,,,,,,,
11/12/2015,2026-04.csv,,,,,,,,,,,,,,,,,,
17/01/2017,2026-04.csv,,,,,,,,,,,,,,,,,,
01/09/2012,2026-04.csv,,,,,,,,,,,,,,,,,,
08/12/2015,2026-04.csv,,,,,,,,,,,,,,,,,,
25/08/2023,2026-04.csv,,,,,,,,,,,,,,,,,,
25/09/2019,2026-04.csv,,,,,,,,,,,,,,,,,,
01/04/2019,2026-04.csv,,,,,,,,,,,,,,,,,,
09/05/2008,2026-04.csv,,,,,,,,,,,,,,,,,,
30/11/2016,2026-04.csv,,,,,,,,,,,,,,,,,,
31/03/2015,2026-04.csv,,,,,,,,,,,,,,,,,,
09/02/2011,2026-04.csv,,,,,,,,,,,,,,,,,,
01/03/2018,2026-04.csv,,,,,,,,,,,,,,,,,,
17/05/2022,2026-04.csv,,,,,,,,,,,,,,,,,,
31/03/2012,2026-04.csv,,,,,,,,,,,,,,,,,,
24/07/2008,2026-04.csv,,,,,,,,,,,,,,,,,,
01/10/2019,2026-04.csv,,,,,,,,,,,,,,,,,,
31/03/1983,2026-04.csv,,,,,,,,,,,,,,,,,,
07/03/2019,2026-04.csv,,,,,,,,,,,,,,,,,,
10/03/2019,2026-04.csv,,,,,,,,,,,,,,,,,,
19/08/2024,2026-04.csv,,,,,,,,,,,,,,,,,,
20/05/2022,2026-04.csv,,,,,,,,,,,,,,,,,,
17/10/2022,2026-04.csv,,,,,,,,,,,,,,,,,,
01/02/2023,2026-04.csv,,,,,,,,,,,,,,,,,,
01/09/2019,2026-04.csv,,,,,,,,,,,,,,,,,,
19/08/2024,2026-04.csv,,,,,,,,,,,,,,,,,,
19/06/2012,2026-04.csv,,,,,,,,,,,,,,,,,,
31/03/2008,2026-04.csv,,,,,,,,,,,,,,,,,,
01/04/2017,2026-04.csv,,,,,,,,,,,,,,,,,,
07/10/2021,2026-04.csv,,,,,,,,,,,,,,,,,,
02/11/2010,2026-04.csv,,,,,,,,,,,,,,,,,,
01/06/2020,2026-04.csv,,,,,,,,,,,,,,,,,,
31/08/2023,2026-04.csv,,,,,,,,,,,,,,,,,,
01/03/2019,2026-04.csv,,,,,,,,,,,,,,,,,,
01/05/2022,2026-04.csv,,,,,,,,,,,,,,,,,,
15/11/2007,2026-04.csv,,,,,,,,,,,,,,,,,,
31/03/2014,2026-04.csv,,,,,,,,,,,,,,,,,,
08/04/2025,2026-04.csv,,,,,,,,,,,,,,,,,,
21/11/2022,2026-04.csv,,,,,,,,,,,,,,,,,,
08/08/2022,2026-04.csv,,,,,,,,,,,,,,,,,,
13/02/2024,2026-04.csv,,,,,,,,,,,,,,,,,,
24/11/2024,2026-04.csv,,,,,,,,,,,,,,,,,,
01/07/2016,2026-04.csv,,,,,,,,,,,,,,,,,,
01/09/2019,2026-04.csv,,,,,,,,,,,,,,,,,,
07/10/2021,2026-04.csv,,,,,,,,,,,,,,,,,,
08/09/2016,2026-04.csv,,,,,,,,,,,,,,,,,,
31/03/2001,2026-04.csv,,,,,,,,,,,,,,,,,,
31/03/2016,2026-04.csv,,,,,,,,,,,,,,,,,,
19/10/2015,2026-04.csv,,,,,,,,,,,,,,,,,,
01/04/2008,2026-04.csv,,,,,,,,,,,,,,,,,,
31/03/2008,2026-04.csv,,,,,,,,,,,,,,,,,,
24/01/2023,2026-04.csv,,,,,,,,,,,,,,,,,,
25/05/2022,2026-04.csv,,,,,,,,,,,,,,,,,,
28/04/2023,2026-04.csv,,,,,,,,,,,,,,,,,,
24/01/2023,2026-04.csv,,,,,,,,,,,,,,,,,,
01/04/2016,2026-04.csv,,,,,,,,,,,,,,,,,,
01/02/2023,2026-04.csv,,,,,,,,,,,,,,,,,,
10/11/2016,2026-04.csv,,,,,,,,,,,,,,,,,,
26/09/2022,2026-04.csv,,,,,,,,,,,,,,,,,,
19/01/2023,2026-04.csv,,,,,,,,,,,,,,,,,,
24/01/2024,2026-04.csv,,,,,,,,,,,,,,,,,,
01/03/2018,2026-04.csv,,,,,,,,,,,,,,,,,,
02/08/2019,2026-04.csv,,,,,,,,,,,,,,,,,,
10/08/2017,2026-04.csv,,,,,,,,,,,,,,,,,,
15/12/2023,2026-04.csv,,,,,,,,,,,,,,,,,,
18/11/2015,2026-04.csv,,,,,,,,,,,,,,,,,,
03/02/2023,2026-04.csv,,,,,,,,,,,,,,,,,,
01/05/2022,2026-04.csv,,,,,,,,,,,,,,,,,,
11/09/2024,2026-04.csv,,,,,,,,,,,,,,,,,,
01/11/2015,2026-04.csv,,,,,,,,,,,,,,,,,,
19/02/2024,2026-04.csv,,,,,,,,,,,,,,,,,,
01/12/2022,2026-04.csv,,,,,,,,,,,,,,,,,,
04/03/2024,2026-04.csv,,,,,,,,,,,,,,,,,,
19/09/2019,2026-04.csv,,,,,,,,,,,,,,,,,,
30/10/2009,2026-04.csv,,,,,,,,,,,,,,,,,,
29/08/2018,2026-04.csv,,,,,,,,,,,,,,,,,,
06/10/2022,2026-04.csv,,,,,,,,,,,,,,,,,,
31/03/2004,2026-04.csv,,,,,,,,,,,,,,,,,,
31/03/2001,2026-04.csv,,,,,,,,,,,,,,,,,,
21/07/2022,2026-04.csv,,,,,,,,,,,,,,,,,,
05/08/2010,2026-04.csv,,,,,,,,,,,,,,,,,,
16/09/2016,2026-04.csv,,,,,,,,,,,,,,,,,,
21/07/2008,2026-04.csv,,,,,,,,,,,,,,,,,,
17/04/2025,2026-04.csv,,,,,,,,,,,,,,,,,,
28/08/2017,2026-04.csv,,,,,,,,,,,,,,,,,,
29/10/2013,2026-04.csv,,,,,,,,,,,,,,,,,,
24/10/2024,2026-04.csv,,,,,,,,,,,,,,,,,,
22/04/2016,2026-04.csv,,,,,,,,,,,,,,,,,,
24/08/2016,2026-04.csv,,,,,,,,,,,,,,,,,,
10/06/2016,2026-04.csv,,,,,,,,,,,,,,,,,,
17/05/2017,2026-04.csv,,,,,,,,,,,,,,,,,,
16/02/2008,2026-04.csv,,,,,,,,,,,,,,,,,,
20/12/2017,2026-04.csv,,,,,,,,,,,,,,,,,,
28/02/2008,2026-04.csv,,,,,,,,,,,,,,,,,,
25/08/2023,2026-04.csv,,,,,,,,,,,,,,,,,,
01/04/2019,2026-04.csv,,,,,,,,,,,,,,,,,,
28/08/2024,2026-04.csv,,,,,,,,,,,,,,,,,,
28/08/2024,2026-04.csv,,,,,,,,,,,,,,,,,,
28/08/2024,2026-04.csv,,,,,,,,,,,,,,,,,,
28/08/2024,2026-04.csv,,,,,,,,,,,,,,,,,,
30/12/2020,2026-04.csv,,,,,,,,,,,,,,,,,,
28/08/2024,2026-04.csv,,,,,,,,,,,,,,,,,,
30/12/2020,2026-04.csv,,,,,,,,,,,,,,,,,,
07/11/2019,2026-04.csv,,,,,,,,,,,,,,,,,,
19/07/2021,2026-04.csv,,,,,,,,,,,,,,,,,,
05/07/2016,2026-04.csv,,,,,,,,,,,,,,,,,,
29/02/2016,2026-04.csv,,,,,,,,,,,,,,,,,,
31/03/2022,2026-04.csv,,,,,,,,,,,,,,,,,,
15/06/2022,2026-04.csv,,,,,,,,,,,,,,,,,,
16/02/2023,2026-04.csv,,,,,,,,,,,,,,,,,,
07/11/2022,2026-04.csv,,,,,,,,,,,,,,,,,,
25/08/2022,2026-04.csv,,,,,,,,,,,,,,,,,,
12/10/2022,2026-04.csv,,,,,,,,,,,,,,,,,,
13/03/2018,2026-04.csv,,,,,,,,,,,,,,,,,,
23/01/2018,2026-04.csv,,,,,,,,,,,,,,,,,,
05/10/2021,2026-04.csv,,,,,,,,,,,,,,,,,,
15/02/2021,2026-04.csv,,,,,,,,,,,,,,,,,,
09/03/2024,2026-04.csv,,,,,,,,,,,,,,,,,,
09/12/2017,2026-04.csv,,,,,,,,,,,,,,,,,,
20/03/2023,2026-04.csv,,,,,,,,,,,,,,,,,,
17/04/2022,2026-04.csv,,,,,,,,,,,,,,,,,,
20/10/2022,2026-04.csv,,,,,,,,,,,,,,,,,,
05/12/2022,2026-04.csv,,,,,,,,,,,,,,,,,,
19/02/2025,2026-04.csv,,,,,,,,,,,,,,,,,,
24/08/2023,2026-04.csv,,,,,,,,,,,,,,,,,,
02/08/2024,2026-04.csv,,,,,,,,,,,,,,,,,,
29/03/2023,2026-04.csv,,,,,,,,,,,,,,,,,,
12/02/2024,2026-04.csv,,,,,,,,,,,,,,,,,,
07/02/2024,2026-04.csv,,,,,,,,,,,,,,,,,,
27/03/2023,2026-04.csv,,,,,,,,,,,,,,,,,,
20/02/2024,2026-04.csv,,,,,,,,,,,,,,,,,,
11/01/2024,2026-04.csv,,,,,,,,,,,,,,,,,,
15/03/2024,2026-04.csv,,,,,,,,,,,,,,,,,,
08/02/2024,2026-04.csv,,,,,,,,,,,,,,,,,,
08/02/2021,2026-04.csv,,,,,,,,,,,,,,,,,,
19/01/2018,2026-04.csv,,,,,,,,,,,,,,,,,,
11/10/2022,2026-04.csv,,,,,,,,,,,,,,,,,,
14/10/2022,2026-04.csv,,,,,,,,,,,,,,,,,,
30/03/2025,2026-04.csv,,,,,,,,,,,,,,,,,,
14/01/2018,2026-04.csv,,,,,,,,,,,,,,,,,,
17/12/2019,2026-04.csv,,,,,,,,,,,,,,,,,,
11/03/2024,2026-04.csv,,,,,,,,,,,,,,,,,,
08/08/2022,2026-04.csv,,,,,,,,,,,,,,,,,,
31/03/2023,2026-04.csv,,,,,,,,,,,,,,,,,,
07/03/2023,2026-04.csv,,,,,,,,,,,,,,,,,,
26/10/2017,2026-04.csv,,,,,,,,,,,,,,,,,,
03/12/2021,2026-04.csv,,,,,,,,,,,,,,,,,,
16/07/2024,2026-04.csv,,,,,,,,,,,,,,,,,,
12/01/2016,2026-04.csv,,,,,,,,,,,,,,,,,,
17/10/2022,2026-04.csv,,,,,,,,,,,,,,,,,,
31/03/2016,2026-04.csv,,,,,,,,,,,,,,,,,,
20/12/2021,2026-04.csv,,,,,,,,,,,,,,,,,,
31/03/2023,2026-04.csv,,,,,,,,,,,,,,,,,,
24/06/2020,2026-04.csv,,,,,,,,,,,,,,,,,,
31/03/2015,2026-04.csv,,,,,,,,,,,,,,,,,,
17/11/2021,2026-04.csv,,,,,,,,,,,,,,,,,,
14/01/2016,2026-04.csv,,,,,,,,,,,,,,,,,,
16/01/2023,2026-04.csv,,,,,,,,,,,,,,,,,,
20/12/2021,2026-04.csv,,,,,,,,,,,,,,,,,,
28/02/2023,2026-04.csv,,,,,,,,,,,,,,,,,,
28/10/2024,2026-04.csv,,,,,,,,,,,,,,,,,,
30/03/2025,2026-04.csv,,,,,,,,,,,,,,,,,,
10/10/2015,2026-04.csv,,,,,,,,,,,,,,,,,,
29/06/2022,2026-04.csv,,,,,,,,,,,,,,,,,,
27/05/2021,2026-04.csv,,,,,,,,,,,,,,,,,,
30/07/2021,2026-04.csv,,,,,,,,,,,,,,,,,,
15/11/2021,2026-04.csv,,,,,,,,,,,,,,,,,,
27/12/2021,2026-04.csv,,,,,,,,,,,,,,,,,,
11/05/2020,2026-04.csv,,,,,,,,,,,,,,,,,,
02/08/2024,2026-04.csv,,,,,,,,,,,,,,,,,,
02/08/2024,2026-04.csv,,,,,,,,,,,,,,,,,,
11/10/2022,2026-04.csv,,,,,,,,,,,,,,,,,,
04/03/2022,2026-04.csv,,,,,,,,,,,,,,,,,,
22/02/2022,2026-04.csv,,,,,,,,,,,,,,,,,,
27/03/2023,2026-04.csv,,,,,,,,,,,,,,,,,,
24/03/2023,2026-04.csv,,,,,,,,,,,,,,,,,,
20/03/2023,2026-04.csv,,,,,,,,,,,,,,,,,,
16/03/2023,2026-04.csv,,,,,,,,,,,,,,,,,,
28/03/2023,2026-04.csv,,,,,,,,,,,,,,,,,,
29/03/2023,2026-04.csv,,,,,,,,,,,,,,,,,,
01/03/2023,2026-04.csv,,,,,,,,,,,,,,,,,,
20/01/2023,2026-04.csv,,,,,,,,,,,,,,,,,,
25/02/2021,2026-04.csv,,,,,,,,,,,,,,,,,,
13/03/2023,2026-04.csv,,,,,,,,,,,,,,,,,,
04/11/2022,2026-04.csv,,,,,,,,,,,,,,,,,,
04/11/2022,2026-04.csv,,,,,,,,,,,,,,,,,,
06/10/2022,2026-04.csv,,,,,,,,,,,,,,,,,,
07/03/2024,2026-04.csv,,,,,,,,,,,,,,,,,,
20/10/2021,2026-04.csv,,,,,,,,,,,,,,,,,,
15/10/2021,2026-04.csv,,,,,,,,,,,,,,,,,,
20/03/2023,2026-04.csv,,,,,,,,,,,,,,,,,,
25/12/2021,2026-04.csv,,,,,,,,,,,,,,,,,,
18/10/2024,2026-04.csv,,,,,,,,,,,,,,,,,,
03/10/2022,2026-04.csv,,,,,,,,,,,,,,,,,,
29/09/2020,2026-04.csv,,,,,,,,,,,,,,,,,,
30/03/2022,2026-04.csv,,,,,,,,,,,,,,,,,,
14/02/2024,2026-04.csv,,,,,,,,,,,,,,,,,,
24/03/2023,2026-04.csv,,,,,,,,,,,,,,,,,,
07/01/2022,2026-04.csv,,,,,,,,,,,,,,,,,,
27/12/2024,2026-04.csv,,,,,,,,,,,,,,,,,,
28/02/2023,2026-04.csv,,,,,,,,,,,,,,,,,,
12/11/2021,2026-04.csv,,,,,,,,,,,,,,,,,,
01/02/2022,2026-04.csv,,,,,,,,,,,,,,,,,,
02/02/2022,2026-04.csv,,,,,,,,,,,,,,,,,,
24/08/2022,2026-04.csv,,,,,,,,,,,,,,,,,,
04/11/2022,2026-04.csv,,,,,,,,,,,,,,,,,,
09/03/2022,2026-04.csv,,,,,,,,,,,,,,,,,,
17/07/2023,2026-04.csv,,,,,,,,,,,,,,,,,,
05/12/2021,2026-04.csv,,,,,,,,,,,,,,,,,,
28/02/2023,2026-04.csv,,,,,,,,,,,,,,,,,,
28/03/2023,2026-04.csv,,,,,,,,,,,,,,,,,,
31/03/2022,2026-04.csv,,,,,,,,,,,,,,,,,,
30/03/2022,2026-04.csv,,,,,,,,,,,,,,,,,,
06/02/2021,2026-04.csv,,,,,,,,,,,,,,,,,,
27/12/2021,2026-04.csv,,,,,,,,,,,,,,,,,,
28/02/2020,2026-04.csv,,,,,,,,,,,,,,,,,,
23/12/2020,2026-04.csv,,,,,,,,,,,,,,,,,,
23/12/2020,2026-04.csv,,,,,,,,,,,,,,,,,,
19/09/2022,2026-04.csv,,,,,,,,,,,,,,,,,,
13/01/2021,2026-04.csv,,,,,,,,,,,,,,,,,,
19/08/2020,2026-04.csv,,,,,,,,,,,,,,,,,,
19/08/2020,2026-04.csv,,,,,,,,,,,,,,,,,,
18/09/2019,2026-04.csv,,,,,,,,,,,,,,,,,,
18/09/2019,2026-04.csv,,,,,,,,,,,,,,,,,,
30/03/2022,2026-04.csv,,,,,,,,,,,,,,,,,,
15/01/2021,2026-04.csv,,,,,,,,,,,,,,,,,,
03/02/2023,2026-04.csv,,,,,,,,,,,,,,,,,,
06/09/2022,2026-04.csv,,,,,,,,,,,,,,,,,,
16/08/2021,2026-04.csv,,,,,,,,,,,,,,,,,,
22/01/2019,2026-04.csv,,,,,,,,,,,,,,,,,,
18/03/2021,2026-04.csv,,,,,,,,,,,,,,,,,,
23/03/2016,2026-04.csv,,,,,,,,,,,,,,,,,,
27/04/2020,2026-04.csv,,,,,,,,,,,,,,,,,,
07/03/2024,2026-04.csv,,,,,,,,,,,,,,,,,,
29/04/2020,2026-04.csv,,,,,,,,,,,,,,,,,,
18/10/2024,2026-04.csv,,,,,,,,,,,,,,,,,,
06/03/2024,2026-04.csv,,,,,,,,,,,,,,,,,,
24/01/2019,2026-04.csv,,,,,,,,,,,,,,,,,,
29/10/2021,2026-04.csv,,,,,,,,,,,,,,,,,,
21/10/2021,2026-04.csv,,,,,,,,,,,,,,,,,,
13/03/2023,2026-04.csv,,,,,,,,,,,,,,,,,,
20/01/2021,2026-04.csv,,,,,,,,,,,,,,,,,,
25/02/2022,2026-04.csv,,,,,,,,,,,,,,,,,,
30/03/2022,2026-04.csv,,,,,,,,,,,,,,,,,,
24/03/2022,2026-04.csv,,,,,,,,,,,,,,,,,,
,2026-04.csv,,,,,,,,,,,,,,,,,,
17/11/2021,2026-04.csv,,,,,,,,,,,,,,,,,,
01/12/2015,2026-04.csv,,,,,,,,,,,,,,,,,,
26/03/2021,2026-04.csv,,,,,,,,,,,,,,,,,,
01/07/2016,2026-04.csv,,,,,,,,,,,,,,,,,,
20/03/2023,2026-04.csv,,,,,,,,,,,,,,,,,,
21/01/2021,2026-04.csv,,,,,,,,,,,,,,,,,,
25/01/2019,2026-04.csv,,,,,,,,,,,,,,,,,,
05/12/2022,2026-04.csv,,,,,,,,,,,,,,,,,,
09/03/2022,2026-04.csv,,,,,,,,,,,,,,,,,,
26/11/2021,2026-04.csv,,,,,,,,,,,,,,,,,,
21/03/2022,2026-04.csv,,,,,,,,,,,,,,,,,,
27/01/2025,2026-04.csv,,,,,,,,,,,,,,,,,,
11/08/2020,2026-04.csv,,,,,,,,,,,,,,,,,,
19/07/2021,2026-04.csv,,,,,,,,,,,,,,,,,,
22/01/2021,2026-04.csv,,,,,,,,,,,,,,,,,,
11/03/2024,2026-04.csv,,,,,,,,,,,,,,,,,,
09/11/2022,2026-04.csv,,,,,,,,,,,,,,,,,,
06/03/2023,2026-04.csv,,,,,,,,,,,,,,,,,,
23/02/2022,2026-04.csv,,,,,,,,,,,,,,,,,,
22/01/2019,2026-04.csv,,,,,,,,,,,,,,,,,,
06/12/2018,2026-04.csv,,,,,,,,,,,,,,,,,,
31/03/2022,2026-04.csv,,,,,,,,,,,,,,,,,,
02/11/2022,2026-04.csv,,,,,,,,,,,,,,,,,,
07/10/2022,2026-04.csv,,,,,,,,,,,,,,,,,,
03/02/2021,2026-04.csv,,,,,,,,,,,,,,,,,,
10/02/2021,2026-04.csv,,,,,,,,,,,,,,,,,,
28/01/2021,2026-04.csv,,,,,,,,,,,,,,,,,,
28/01/2021,2026-04.csv,,,,,,,,,,,,,,,,,,
11/02/2021,2026-04.csv,,,,,,,,,,,,,,,,,,
10/01/2022,2026-04.csv,,,,,,,,,,,,,,,,,,
18/10/2024,2026-04.csv,,,,,,,,,,,,,,,,,,
24/03/2018,2026-04.csv,,,,,,,,,,,,,,,,,,
27/02/2025,2026-04.csv,,,,,,,,,,,,,,,,,,
28/02/2022,2026-04.csv,,,,,,,,,,,,,,,,,,
04/03/2020,2026-04.csv,,,,,,,,,,,,,,,,,,
09/11/2022,2026-04.csv,,,,,,,,,,,,,,,,,,
11/03/2022,2026-04.csv,,,,,,,,,,,,,,,,,,
21/01/2021,2026-04.csv,,,,,,,,,,,,,,,,,,
30/03/2022,2026-04.csv,,,,,,,,,,,,,,,,,,
08/02/2022,2026-04.csv,,,,,,,,,,,,,,,,,,
11/02/2022,2026-04.csv,,,,,,,,,,,,,,,,,,
14/02/2022,2026-04.csv,,,,,,,,,,,,,,,,,,
05/03/2021,2026-04.csv,,,,,,,,,,,,,,,,,,
13/10/2016,2026-04.csv,,,,,,,,,,,,,,,,,,
24/03/2021,2026-04.csv,,,,,,,,,,,,,,,,,,
23/03/2017,2026-04.csv,,,,,,,,,,,,,,,,,,
07/04/2022,2026-04.csv,,,,,,,,,,,,,,,,,,
23/08/2022,2026-04.csv,,,,,,,,,,,,,,,,,,
24/12/2021,2026-04.csv,,,,,,,,,,,,,,,,,,
04/03/2022,2026-04.csv,,,,,,,,,,,,,,,,,,
27/02/2018,2026-04.csv,,,,,,,,,,,,,,,,,,
13/07/2021,2026-04.csv,,,,,,,,,,,,,,,,,,
30/03/2022,2026-04.csv,,,,,,,,,,,,,,,,,,
25/02/2022,2026-04.csv,,,,,,,,,,,,,,,,,,
31/03/2022,2026-04.csv,,,,,,,,,,,,,,,,,,
24/08/2023,2026-04.csv,,,,,,,,,,,,,,,,,,
21/02/2023,2026-04.csv,,,,,,,,,,,,,,,,,,
03/12/2021,2026-04.csv,,,,,,,,,,,,,,,,,,
03/03/2023,2026-04.csv,,,,,,,,,,,,,,,,,,
27/03/2023,2026-04.csv,,,,,,,,,,,,,,,,,,
18/01/2024,2026-04.csv,,,,,,,,,,,,,,,,,,
29/03/2023,2026-04.csv,,,,,,,,,,,,,,,,,,
01/02/2023,2026-04.csv,,,,,,,,,,,,,,,,,,
07/02/2023,2026-04.csv,,,,,,,,,,,,,,,,,,
09/02/2023,2026-04.csv,,,,,,,,,,,,,,,,,,
30/01/2023,2026-04.csv,,,,,,,,,,,,,,,,,,
25/05/2022,2026-04.csv,,,,,,,,,,,,,,,,,,
27/02/2023,2026-04.csv,,,,,,,,,,,,,,,,,,
18/10/2024,2026-04.csv,,,,,,,,,,,,,,,,,,
02/03/2021,2026-04.csv,,,,,,,,,,,,,,,,,,
01/12/2022,2026-04.csv,,,,,,,,,,,,,,,,,,
07/10/2021,2026-04.csv,,,,,,,,,,,,,,,,,,
05/10/2021,2026-04.csv,,,,,,,,,,,,,,,,,,
27/02/2018,2026-04.csv,,,,,,,,,,,,,,,,,,
13/07/2021,2026-04.csv,,,,,,,,,,,,,,,,,,
18/10/2024,2026-04.csv,,,,,,,,,,,,,,,,,,
29/03/2016,2026-04.csv,,,,,,,,,,,,,,,,,,
07/02/2024,2026-04.csv,,,,,,,,,,,,,,,,,,
06/12/2017,2026-04.csv,,,,,,,,,,,,,,,,,,
18/01/2018,2026-04.csv,,,,,,,,,,,,,,,,,,
27/12/2009,2026-04.csv,,,,,,,,,,,,,,,,,,
27/03/2023,2026-04.csv,,,,,,,,,,,,,,,,,,
21/02/2023,2026-04.csv,,,,,,,,,,,,,,,,,,
15/02/2023,2026-04.csv,,,,,,,,,,,,,,,,,,
21/02/2023,2026-04.csv,,,,,,,,,,,,,,,,,,
24/02/2023,2026-04.csv,,,,,,,,,,,,,,,,,,
18/02/2023,2026-04.csv,,,,,,,,,,,,,,,,,,
24/02/2023,2026-04.csv,,,,,,,,,,,,,,,,,,
18/02/2023,2026-04.csv,,,,,,,,,,,,,,,,,,
18/03/2021,2026-04.csv,,,,,,,,,,,,,,,,,,
11/03/2021,2026-04.csv,,,,,,,,,,,,,,,,,,
30/05/2022,2026-04.csv,,,,,,,,,,,,,,,,,,
23/06/2022,2026-04.csv,,,,,,,,,,,,,,,,,,
03/01/2023,2026-04.csv,,,,,,,,,,,,,,,,,,
18/02/2022,2026-04.csv,,,,,,,,,,,,,,,,,,
03/01/2023,2026-04.csv,,,,,,,,,,,,,,,,,,
18/02/2023,2026-04.csv,,,,,,,,,,,,,,,,,,
22/06/2022,2026-04.csv,,,,,,,,,,,,,,,,,,
03/01/2023,2026-04.csv,,,,,,,,,,,,,,,,,,
12/12/2022,2026-04.csv,,,,,,,,,,,,,,,,,,
15/02/2023,2026-04.csv,,,,,,,,,,,,,,,,,,
27/01/2022,2026-04.csv,,,,,,,,,,,,,,,,,,
18/03/2021,2026-04.csv,,,,,,,,,,,,,,,,,,
04/02/2022,2026-04.csv,,,,,,,,,,,,,,,,,,
30/07/2020,2026-04.csv,,,,,,,,,,,,,,,,,,
27/09/2022,2026-04.csv,,,,,,,,,,,,,,,,,,
24/06/2021,2026-04.csv,,,,,,,,,,,,,,,,,,
05/07/2021,2026-04.csv,,,,,,,,,,,,,,,,,,
26/11/2020,2026-04.csv,,,,,,,,,,,,,,,,,,
27/09/2022,2026-04.csv,,,,,,,,,,,,,,,,,,
10/02/2021,2026-04.csv,,,,,,,,,,,,,,,,,,
30/03/2021,2026-04.csv,,,,,,,,,,,,,,,,,,
31/03/2021,2026-04.csv,,,,,,,,,,,,,,,,,,
30/03/2021,2026-04.csv,,,,,,,,,,,,,,,,,,
27/09/2022,2026-04.csv,,,,,,,,,,,,,,,,,,
31/12/2024,2026-04.csv,,,,,,,,,,,,,,,,,,
29/12/2021,2026-04.csv,,,,,,,,,,,,,,,,,,
24/03/2023,2026-04.csv,,,,,,,,,,,,,,,,,,
19/09/2023,2026-04.csv,,,,,,,,,,,,,,,,,,
12/11/2021,2026-04.csv,,,,,,,,,,,,,,,,,,
20/01/2022,2026-04.csv,,,,,,,,,,,,,,,,,,
20/12/2021,2026-04.csv,,,,,,,,,,,,,,,,,,
26/08/2021,2026-04.csv,,,,,,,,,,,,,,,,,,
03/09/2021,2026-04.csv,,,,,,,,,,,,,,,,,,
29/12/2021,2026-04.csv,,,,,,,,,,,,,,,,,,
29/03/2023,2026-04.csv,,,,,,,,,,,,,,,,,,
24/03/2023,2026-04.csv,,,,,,,,,,,,,,,,,,
27/03/2023,2026-04.csv,,,,,,,,,,,,,,,,,,
24/03/2023,2026-04.csv,,,,,,,,,,,,,,,,,,
24/03/2023,2026-04.csv,,,,,,,,,,,,,,,,,,
24/03/2023,2026-04.csv,,,,,,,,,,,,,,,,,,
09/02/2021,2026-04.csv,,,,,,,,,,,,,,,,,,
25/02/2021,2026-04.csv,,,,,,,,,,,,,,,,,,
25/02/2021,2026-04.csv,,,,,,,,,,,,,,,,,,
11/03/2020,2026-04.csv,,,,,,,,,,,,,,,,,,
11/02/2021,2026-04.csv,,,,,,,,,,,,,,,,,,
08/06/2021,2026-04.csv,,,,,,,,,,,,,,,,,,
07/01/2022,2026-04.csv,,,,,,,,,,,,,,,,,,
31/03/2022,2026-04.csv,,,,,,,,,,,,,,,,,,
19/01/2018,2026-04.csv,,,,,,,,,,,,,,,,,,
03/06/2021,2026-04.csv,,,,,,,,,,,,,,,,,,
10/02/2021,2026-04.csv,,,,,,,,,,,,,,,,,,
14/10/2020,2026-04.csv,,,,,,,,,,,,,,,,,,
25/03/2021,2026-04.csv,,,,,,,,,,,,,,,,,,
29/01/2009,2026-04.csv,,,,,,,,,,,,,,,,,,
02/06/2020,2026-04.csv,,,,,,,,,,,,,,,,,,
15/11/2016,2026-04.csv,,,,,,,,,,,,,,,,,,
27/12/2021,2026-04.csv,,,,,,,,,,,,,,,,,,
28/02/2024,2026-04.csv,,,,,,,,,,,,,,,,,,
31/10/2018,2026-04.csv,,,,,,,,,,,,,,,,,,
11/02/2021,2026-04.csv,,,,,,,,,,,,,,,,,,
19/05/2020,2026-04.csv,,,,,,,,,,,,,,,,,,
22/12/2021,2026-04.csv,,,,,,,,,,,,,,,,,,
22/12/2021,2026-04.csv,,,,,,,,,,,,,,,,,,
09/11/2021,2026-04.csv,,,,,,,,,,,,,,,,,,
10/02/2021,2026-04.csv,,,,,,,,,,,,,,,,,,
16/03/2022,2026-04.csv,,,,,,,,,,,,,,,,,,
24/02/2022,2026-04.csv,,,,,,,,,,,,,,,,,,
04/03/2022,2026-04.csv,,,,,,,,,,,,,,,,,,
10/08/2022,2026-04.csv,,,,,,,,,,,,,,,,,,
19/06/2020,2026-04.csv,,,,,,,,,,,,,,,,,,
10/02/2021,2026-04.csv,,,,,,,,,,,,,,,,,,
28/01/2021,2026-04.csv,,,,,,,,,,,,,,,,,,
03/08/2020,2026-04.csv,,,,,,,,,,,,,,,,,,
24/06/2021,2026-04.csv,,,,,,,,,,,,,,,,,,
10/02/2021,2026-04.csv,,,,,,,,,,,,,,,,,,
10/02/2021,2026-04.csv,,,,,,,,,,,,,,,,,,
31/03/2021,2026-04.csv,,,,,,,,,,,,,,,,,,
24/03/2022,2026-04.csv,,,,,,,,,,,,,,,,,,
28/04/2022,2026-04.csv,,,,,,,,,,,,,,,,,,
17/01/2023,2026-04.csv,,,,,,,,,,,,,,,,,,
18/01/2018,2026-04.csv,,,,,,,,,,,,,,,,,,
07/03/2024,2026-04.csv,,,,,,,,,,,,,,,,,,
11/03/2024,2026-04.csv,,,,,,,,,,,,,,,,,,
03/08/2022,2026-04.csv,,,,,,,,,,,,,,,,,,
04/08/2022,2026-04.csv,,,,,,,,,,,,,,,,,,
08/11/2024,2026-04.csv,,,,,,,,,,,,,,,,,,
05/05/2020,2026-04.csv,,,,,,,,,,,,,,,,,,
05/05/2020,2026-04.csv,,,,,,,,,,,,,,,,,,
05/05/2020,2026-04.csv,,,,,,,,,,,,,,,,,,
05/05/2020,2026-04.csv,,,,,,,,,,,,,,,,,,
28/03/2023,2026-04.csv,,,,,,,,,,,,,,,,,,
08/09/2020,2026-04.csv,,,,,,,,,,,,,,,,,,
01/03/2018,2026-04.csv,,,,,,,,,,,,,,,,,,
11/02/2021,2026-04.csv,,,,,,,,,,,,,,,,,,
31/12/2020,2026-04.csv,,,,,,,,,,,,,,,,,,
11/08/2020,2026-04.csv,,,,,,,,,,,,,,,,,,
19/03/2025,2026-04.csv,,,,,,,,,,,,,,,,,,
31/03/2016,2026-04.csv,,,,,,,,,,,,,,,,,,
18/08/2022,2026-04.csv,,,,,,,,,,,,,,,,,,
12/01/2017,2026-04.csv,,,,,,,,,,,,,,,,,,
01/12/2015,2026-04.csv,,,,,,,,,,,,,,,,,,
09/09/2020,2026-04.csv,,,,,,,,,,,,,,,,,,
09/09/2020,2026-04.csv,,,,,,,,,,,,,,,,,,
27/12/2019,2026-04.csv,,,,,,,,,,,,,,,,,,
10/11/2021,2026-04.csv,,,,,,,,,,,,,,,,,,
17/01/2022,2026-04.csv,,,,,,,,,,,,,,,,,,
03/03/2022,2026-04.csv,,,,,,,,,,,,,,,,,,
04/01/2021,2026-04.csv,,,,,,,,,,,,,,,,,,
13/12/2022,2026-04.csv,,,,,,,,,,,,,,,,,,
26/09/2023,2026-04.csv,,,,,,,,,,,,,,,,,,
30/03/2020,2026-04.csv,,,,,,,,,,,,,,,,,,
10/12/2019,2026-04.csv,,,,,,,,,,,,,,,,,,
01/01/2021,2026-04.csv,,,,,,,,,,,,,,,,,,
23/03/2025,2026-04.csv,,,,,,,,,,,,,,,,,,
08/09/2020,2026-04.csv,,,,,,,,,,,,,,,,,,
27/03/2018,2026-04.csv,,,,,,,,,,,,,,,,,,
10/01/2025,2026-04.csv,,,,,,,,,,,,,,,,,,
21/03/2025,2026-04.csv,,,,,,,,,,,,,,,,,,
31/03/2022,2026-04.csv,,,,,,,,,,,,,,,,,,
07/06/2024,2026-04.csv,,,,,,,,,,,,,,,,,,
27/04/2020,2026-04.csv,,,,,,,,,,,,,,,,,,
15/06/2020,2026-04.csv,,,,,,,,,,,,,,,,,,
22/01/2025,2026-04.csv,,,,,,,,,,,,,,,,,,
07/06/2024,2026-04.csv,,,,,,,,,,,,,,,,,,
06/10/2022,2026-04.csv,,,,,,,,,,,,,,,,,,
16/08/2023,2026-04.csv,,,,,,,,,,,,,,,,,,
14/11/2023,2026-04.csv,,,,,,,,,,,,,,,,,,
08/03/2022,2026-04.csv,,,,,,,,,,,,,,,,,,
04/12/2020,2026-04.csv,,,,,,,,,,,,,,,,,,
19/02/2021,2026-04.csv,,,,,,,,,,,,,,,,,,
23/11/2020,2026-04.csv,,,,,,,,,,,,,,,,,,
21/10/2020,2026-04.csv,,,,,,,,,,,,,,,,,,
08/01/2021,2026-04.csv,,,,,,,,,,,,,,,,,,
08/12/2020,2026-04.csv,,,,,,,,,,,,,,,,,,
16/03/2022,2026-04.csv,,,,,,,,,,,,,,,,,,
13/02/2018,2026-04.csv,,,,,,,,,,,,,,,,,,
14/02/2022,2026-04.csv,,,,,,,,,,,,,,,,,,
27/02/2017,2026-04.csv,,,,,,,,,,,,,,,,,,
17/08/2010,2026-04.csv,,,,,,,,,,,,,,,,,,
02/12/2020,2026-04.csv,,,,,,,,,,,,,,,,,,
27/03/2018,2026-04.csv,,,,,,,,,,,,,,,,,,
04/03/2018,2026-04.csv,,,,,,,,,,,,,,,,,,
08/01/2024,2026-04.csv,,,,,,,,,,,,,,,,,,
03/02/2022,2026-04.csv,,,,,,,,,,,,,,,,,,
27/11/2014,2026-04.csv,,,,,,,,,,,,,,,,,,
25/02/2021,2026-04.csv,,,,,,,,,,,,,,,,,,
21/03/2025,2026-04.csv,,,,,,,,,,,,,,,,,,
03/02/2021,2026-04.csv,,,,,,,,,,,,,,,,,,
09/08/2018,2026-04.csv,,,,,,,,,,,,,,,,,,
07/04/2016,2026-04.csv,,,,,,,,,,,,,,,,,,
30/03/2025,2026-04.csv,,,,,,,,,,,,,,,,,,
01/03/2018,2026-04.csv,,,,,,,,,,,,,,,,,,
24/03/2018,2026-04.csv,,,,,,,,,,,,,,,,,,
18/10/2009,2026-04.csv,,,,,,,,,,,,,,,,,,
05/07/2010,2026-04.csv,,,,,,,,,,,,,,,,,,
15/03/2022,2026-04.csv,,,,,,,,,,,,,,,,,,
09/07/2020,2026-04.csv,,,,,,,,,,,,,,,,,,
07/10/2020,2026-04.csv,,,,,,,,,,,,,,,,,,
25/06/2020,2026-04.csv,,,,,,,,,,,,,,,,,,
29/06/2020,2026-04.csv,,,,,,,,,,,,,,,,,,
02/02/2021,2026-04.csv,,,,,,,,,,,,,,,,,,
30/03/2021,2026-04.csv,,,,,,,,,,,,,,,,,,
30/03/2021,2026-04.csv,,,,,,,,,,,,,,,,,,
20/03/2017,2026-04.csv,,,,,,,,,,,,,,,,,,
17/03/2020,2026-04.csv,,,,,,,,,,,,,,,,,,
14/02/2019,2026-04.csv,,,,,,,,,,,,,,,,,,
07/12/2023,2026-04.csv,,,,,,,,,,,,,,,,,,
07/12/2023,2026-04.csv,,,,,,,,,,,,,,,,,,
07/12/2023,2026-04.csv,,,,,,,,,,,,,,,,,,
28/02/2023,2026-04.csv,,,,,,,,,,,,,,,,,,
30/03/2021,2026-04.csv,,,,,,,,,,,,,,,,,,
09/09/2021,2026-04.csv,,,,,,,,,,,,,,,,,,
13/09/2021,2026-04.csv,,,,,,,,,,,,,,,,,,
28/03/2023,2026-04.csv,,,,,,,,,,,,,,,,,,
29/03/2025,2026-04.csv,,,,,,,,,,,,,,,,,,
31/03/2022,2026-04.csv,,,,,,,,,,,,,,,,,,
07/12/2021,2026-04.csv,,,,,,,,,,,,,,,,,,
12/01/2023,2026-04.csv,,,,,,,,,,,,,,,,,,
26/02/2018,2026-04.csv,,,,,,,,,,,,,,,,,,
16/03/2023,2026-04.csv,,,,,,,,,,,,,,,,,,
22/03/2023,2026-04.csv,,,,,,,,,,,,,,,,,,
11/02/2021,2026-04.csv,,,,,,,,,,,,,,,,,,
27/03/2023,2026-04.csv,,,,,,,,,,,,,,,,,,
28/02/2023,2026-04.csv,,,,,,,,,,,,,,,,,,
01/03/2019,2026-04.csv,,,,,,,,,,,,,,,,,,
11/03/2020,2026-04.csv,,,,,,,,,,,,,,,,,,
22/03/2018,2026-04.csv,,,,,,,,,,,,,,,,,,
22/03/2018,2026-04.csv,,,,,,,,,,,,,,,,,,
31/03/2021,2026-04.csv,,,,,,,,,,,,,,,,,,
31/07/2020,2026-04.csv,,,,,,,,,,,,,,,,,,
07/07/2020,2026-04.csv,,,,,,,,,,,,,,,,,,
31/07/2020,2026-04.csv,,,,,,,,,,,,,,,,,,
07/07/2020,2026-04.csv,,,,,,,,,,,,,,,,,,
07/03/2023,2026-04.csv,,,,,,,,,,,,,,,,,,
13/03/2023,2026-04.csv,,,,,,,,,,,,,,,,,,
28/06/2021,2026-04.csv,,,,,,,,,,,,,,,,,,
30/03/2021,2026-04.csv,,,,,,,,,,,,,,,,,,
07/03/2023,2026-04.csv,,,,,,,,,,,,,,,,,,
09/09/2021,2026-04.csv,,,,,,,,,,,,,,,,,,
07/09/2021,2026-04.csv,,,,,,,,,,,,,,,,,,
19/08/2020,2026-04.csv,,,,,,,,,,,,,,,,,,
07/10/2020,2026-04.csv,,,,,,,,,,,,,,,,,,
18/01/2021,2026-04.csv,,,,,,,,,,,,,,,,,,
01/02/2023,2026-04.csv,,,,,,,,,,,,,,,,,,
07/12/2023,2026-04.csv,,,,,,,,,,,,,,,,,,
29/10/2024,2026-04.csv,,,,,,,,,,,,,,,,,,
31/03/2021,2026-04.csv,,,,,,,,,,,,,,,,,,
15/03/2024,2026-04.csv,,,,,,,,,,,,,,,,,,
07/03/2024,2026-04.csv,,,,,,,,,,,,,,,,,,
11/03/2023,2026-04.csv,,,,,,,,,,,,,,,,,,
30/12/2021,2026-04.csv,,,,,,,,,,,,,,,,,,
29/06/2022,2026-04.csv,,,,,,,,,,,,,,,,,,
22/03/2023,2026-04.csv,,,,,,,,,,,,,,,,,,
22/03/2018,2026-04.csv,,,,,,,,,,,,,,,,,,
28/02/2023,2026-04.csv,,,,,,,,,,,,,,,,,,
06/05/2019,2026-04.csv,,,,,,,,,,,,,,,,,,
17/06/2022,2026-04.csv,,,,,,,,,,,,,,,,,,
08/05/2018,2026-04.csv,,,,,,,,,,,,,,,,,,
06/01/2022,2026-04.csv,,,,,,,,,,,,,,,,,,
08/01/2022,2026-04.csv,,,,,,,,,,,,,,,,,,
16/03/2023,2026-04.csv,,,,,,,,,,,,,,,,,,
22/03/2023,2026-04.csv,,,,,,,,,,,,,,,,,,
12/02/2024,2026-04.csv,,,,,,,,,,,,,,,,,,
12/02/2024,2026-04.csv,,,,,,,,,,,,,,,,,,
18/12/2024,2026-04.csv,,,,,,,,,,,,,,,,,,
09/03/2018,2026-04.csv,,,,,,,,,,,,,,,,,,
16/02/2017,2026-04.csv,,,,,,,,,,,,,,,,,,
06/09/2021,2026-04.csv,,,,,,,,,,,,,,,,,,
18/01/2024,2026-04.csv,,,,,,,,,,,,,,,,,,
16/07/2024,2026-04.csv,,,,,,,,,,,,,,,,,,
15/03/2024,2026-04.csv,,,,,,,,,,,,,,,,,,
28/02/2024,2026-04.csv,,,,,,,,,,,,,,,,,,
08/03/2024,2026-04.csv,,,,,,,,,,,,,,,,,,
11/07/2018,2026-04.csv,,,,,,,,,,,,,,,,,,
05/01/2024,2026-04.csv,,,,,,,,,,,,,,,,,,
11/03/2024,2026-04.csv,,,,,,,,,,,,,,,,,,
27/01/2025,2026-04.csv,,,,,,,,,,,,,,,,,,
16/01/2025,2026-04.csv,,,,,,,,,,,,,,,,,,
12/02/2019,2026-04.csv,,,,,,,,,,,,,,,,,,
20/09/2018,2026-04.csv,,,,,,,,,,,,,,,,,,
15/03/2024,2026-04.csv,,,,,,,,,,,,,,,,,,
16/11/2023,2026-04.csv,,,,,,,,,,,,,,,,,,
06/03/2024,2026-04.csv,,,,,,,,,,,,,,,,,,
29/05/2024,2026-04.csv,,,,,,,,,,,,,,,,,,
22/03/2018,2026-04.csv,,,,,,,,,,,,,,,,,,
22/03/2018,2026-04.csv,,,,,,,,,,,,,,,,,,
12/12/2022,2026-04.csv,,,,,,,,,,,,,,,,,,
29/07/2013,2026-04.csv,,,,,,,,,,,,,,,,,,
27/03/2023,2026-04.csv,,,,,,,,,,,,,,,,,,
18/01/2021,2026-04.csv,,,,,,,,,,,,,,,,,,
15/02/2017,2026-04.csv,,,,,,,,,,,,,,,,,,
15/02/2017,2026-04.csv,,,,,,,,,,,,,,,,,,
12/01/2016,2026-04.csv,,,,,,,,,,,,,,,,,,
04/01/2016,2026-04.csv,,,,,,,,,,,,,,,,,,
04/01/2016,2026-04.csv,,,,,,,,,,,,,,,,,,
31/10/2014,2026-04.csv,,,,,,,,,,,,,,,,,,
31/10/2014,2026-04.csv,,,,,,,,,,,,,,,,,,
10/01/2024,2026-04.csv,,,,,,,,,,,,,,,,,,
10/01/2024,2026-04.csv,,,,,,,,,,,,,,,,,,
10/01/2024,2026-04.csv,,,,,,,,,,,,,,,,,,
10/01/2024,2026-04.csv,,,,,,,,,,,,,,,,,,
31/03/2015,2026-04.csv,,,,,,,,,,,,,,,,,,
13/12/2022,2026-04.csv,,,,,,,,,,,,,,,,,,
08/12/2022,2026-04.csv,,,,,,,,,,,,,,,,,,
17/02/2022,2026-04.csv,,,,,,,,,,,,,,,,,,
22/02/2022,2026-04.csv,,,,,,,,,,,,,,,,,,
17/03/2023,2026-04.csv,,,,,,,,,,,,,,,,,,
08/02/2023,2026-04.csv,,,,,,,,,,,,,,,,,,
31/03/2021,2026-04.csv,,,,,,,,,,,,,,,,,,
30/03/2023,2026-04.csv,,,,,,,,,,,,,,,,,,
22/02/2022,2026-04.csv,,,,,,,,,,,,,,,,,,
09/02/2022,2026-04.csv,,,,,,,,,,,,,,,,,,
21/03/2022,2026-04.csv,,,,,,,,,,,,,,,,,,
20/01/2022,2026-04.csv,,,,,,,,,,,,,,,,,,
27/11/2024,2026-04.csv,,,,,,,,,,,,,,,,,,
20/02/2025,2026-04.csv,,,,,,,,,,,,,,,,,,
24/03/2023,2026-04.csv,,,,,,,,,,,,,,,,,,
27/03/2023,2026-04.csv,,,,,,,,,,,,,,,,,,
13/03/2023,2026-04.csv,,,,,,,,,,,,,,,,,,
29/03/2023,2026-04.csv,,,,,,,,,,,,,,,,,,
31/08/2020,2026-04.csv,,,,,,,,,,,,,,,,,,
07/03/2025,2026-04.csv,,,,,,,,,,,,,,,,,,
10/08/2022,2026-04.csv,,,,,,,,,,,,,,,,,,
29/01/2024,2026-04.csv,,,,,,,,,,,,,,,,,,
07/10/2022,2026-04.csv,,,,,,,,,,,,,,,,,,
14/10/2022,2026-04.csv,,,,,,,,,,,,,,,,,,
05/10/2022,2026-04.csv,,,,,,,,,,,,,,,,,,
12/10/2022,2026-04.csv,,,,,,,,,,,,,,,,,,
30/03/2022,2026-04.csv,,,,,,,,,,,,,,,,,,
15/11/2021,2026-04.csv,,,,,,,,,,,,,,,,,,
27/03/2023,2026-04.csv,,,,,,,,,,,,,,,,,,
14/02/2023,2026-04.csv,,,,,,,,,,,,,,,,,,
31/03/2021,2026-04.csv,,,,,,,,,,,,,,,,,,
22/09/2022,2026-04.csv,,,,,,,,,,,,,,,,,,
07/07/2022,2026-04.csv,,,,,,,,,,,,,,,,,,
18/01/2018,2026-04.csv,,,,,,,,,,,,,,,,,,
15/01/2024,2026-04.csv,,,,,,,,,,,,,,,,,,
27/02/2024,2026-04.csv,,,,,,,,,,,,,,,,,,
27/02/2024,2026-04.csv,,,,,,,,,,,,,,,,,,
27/02/2024,2026-04.csv,,,,,,,,,,,,,,,,,,
15/02/2023,2026-04.csv,,,,,,,,,,,,,,,,,,
26/09/2021,2026-04.csv,,,,,,,,,,,,,,,,,,
04/03/2022,2026-04.csv,,,,,,,,,,,,,,,,,,
24/03/2023,2026-04.csv,,,,,,,,,,,,,,,,,,
30/03/2021,2026-04.csv,,,,,,,,,,,,,,,,,,
15/07/2022,2026-04.csv,,,,,,,,,,,,,,,,,,
07/12/2023,2026-04.csv,,,,,,,,,,,,,,,,,,
06/03/2019,2026-04.csv,,,,,,,,,,,,,,,,,,
06/03/2019,2026-04.csv,,,,,,,,,,,,,,,,,,
14/02/2024,2026-04.csv,,,,,,,,,,,,,,,,,,
30/03/2022,2026-04.csv,,,,,,,,,,,,,,,,,,
01/03/2023,2026-04.csv,,,,,,,,,,,,,,,,,,
30/03/2022,2026-04.csv,,,,,,,,,,,,,,,,,,
23/06/2023,2026-04.csv,,,,,,,,,,,,,,,,,,
08/02/2023,2026-04.csv,,,,,,,,,,,,,,,,,,
23/02/2024,2026-04.csv,,,,,,,,,,,,,,,,,,
09/09/2021,2026-04.csv,,,,,,,,,,,,,,,,,,
15/03/2024,2026-04.csv,,,,,,,,,,,,,,,,,,
17/07/2020,2026-04.csv,,,,,,,,,,,,,,,,,,
15/03/2023,2026-04.csv,,,,,,,,,,,,,,,,,,
15/03/2023,2026-04.csv,,,,,,,,,,,,,,,,,,
15/03/2023,2026-04.csv,,,,,,,,,,,,,,,,,,
15/03/2023,2026-04.csv,,,,,,,,,,,,,,,,,,
29/03/2022,2026-04.csv,,,,,,,,,,,,,,,,,,
12/08/2016,2026-04.csv,,,,,,,,,,,,,,,,,,
20/07/2021,2026-04.csv,,,,,,,,,,,,,,,,,,
29/03/2023,2026-04.csv,,,,,,,,,,,,,,,,,,
10/10/2022,2026-04.csv,,,,,,,,,,,,,,,,,,
31/03/2022,2026-04.csv,,,,,,,,,,,,,,,,,,
31/03/2022,2026-04.csv,,,,,,,,,,,,,,,,,,
09/11/2021,2026-04.csv,,,,,,,,,,,,,,,,,,
15/03/2024,2026-04.csv,,,,,,,,,,,,,,,,,,
02/08/2024,2026-04.csv,,,,,,,,,,,,,,,,,,
06/09/2023,2026-04.csv,,,,,,,,,,,,,,,,,,
10/02/2023,2026-04.csv,,,,,,,,,,,,,,,,,,
01/01/2023,2026-04.csv,,,,,,,,,,,,,,,,,,
02/08/2024,2026-04.csv,,,,,,,,,,,,,,,,,,
04/03/2016,2026-04.csv,,,,,,,,,,,,,,,,,,
16/02/2021,2026-04.csv,,,,,,,,,,,,,,,,,,
27/03/2023,2026-04.csv,,,,,,,,,,,,,,,,,,
27/03/2022,2026-04.csv,,,,,,,,,,,,,,,,,,
10/10/2022,2026-04.csv,,,,,,,,,,,,,,,,,,
11/03/2024,2026-04.csv,,,,,,,,,,,,,,,,,,
27/03/2018,2026-04.csv,,,,,,,,,,,,,,,,,,
25/04/2023,2026-04.csv,,,,,,,,,,,,,,,,,,
27/01/2025,2026-04.csv,,,,,,,,,,,,,,,,,,
23/02/2021,2026-04.csv,,,,,,,,,,,,,,,,,,
30/11/2022,2026-04.csv,,,,,,,,,,,,,,,,,,
24/02/2025,2026-04.csv,,,,,,,,,,,,,,,,,,
03/05/2023,2026-04.csv,,,,,,,,,,,,,,,,,,
28/11/2022,2026-04.csv,,,,,,,,,,,,,,,,,,
10/01/2024,2026-04.csv,,,,,,,,,,,,,,,,,,
22/03/2023,2026-04.csv,,,,,,,,,,,,,,,,,,
30/03/2022,2026-04.csv,,,,,,,,,,,,,,,,,,
22/12/2021,2026-04.csv,,,,,,,,,,,,,,,,,,
18/10/2021,2026-04.csv,,,,,,,,,,,,,,,,,,
24/03/2022,2026-04.csv,,,,,,,,,,,,,,,,,,
30/03/2025,2026-04.csv,,,,,,,,,,,,,,,,,,
13/02/2025,2026-04.csv,,,,,,,,,,,,,,,,,,
03/02/2025,2026-04.csv,,,,,,,,,,,,,,,,,,
06/03/2023,2026-04.csv,,,,,,,,,,,,,,,,,,
27/03/2023,2026-04.csv,,,,,,,,,,,,,,,,,,
28/02/2024,2026-04.csv,,,,,,,,,,,,,,,,,,
09/03/2018,2026-04.csv,,,,,,,,,,,,,,,,,,
22/03/2018,2026-04.csv,,,,,,,,,,,,,,,,,,
31/03/2021,2026-04.csv,,,,,,,,,,,,,,,,,,
08/05/2022,2026-04.csv,,,,,,,,,,,,,,,,,,
16/06/2022,2026-04.csv,,,,,,,,,,,,,,,,,,
25/10/2017,2026-04.csv,,,,,,,,,,,,,,,,,,
25/10/2017,2026-04.csv,,,,,,,,,,,,,,,,,,
12/01/2017,2026-04.csv,,,,,,,,,,,,,,,,,,
27/03/2018,2026-04.csv,,,,,,,,,,,,,,,,,,
20/12/2022,2026-04.csv,,,,,,,,,,,,,,,,,,
07/12/2020,2026-04.csv,,,,,,,,,,,,,,,,,,
23/12/2020,2026-04.csv,,,,,,,,,,,,,,,,,,
17/12/2020,2026-04.csv,,,,,,,,,,,,,,,,,,
15/01/2021,2026-04.csv,,,,,,,,,,,,,,,,,,
23/12/2020,2026-04.csv,,,,,,,,,,,,,,,,,,
28/01/2021,2026-04.csv,,,,,,,,,,,,,,,,,,
23/12/2020,2026-04.csv,,,,,,,,,,,,,,,,,,
23/12/2020,2026-04.csv,,,,,,,,,,,,,,,,,,
23/12/2020,2026-04.csv,,,,,,,,,,,,,,,,,,
04/03/2021,2026-04.csv,,,,,,,,,,,,,,,,,,
04/03/2021,2026-04.csv,,,,,,,,,,,,,,,,,,
13/12/2021,2026-04.csv,,,,,,,,,,,,,,,,,,
04/03/2021,2026-04.csv,,,,,,,,,,,,,,,,,,
29/10/2021,2026-04.csv,,,,,,,,,,,,,,,,,,
07/10/2021,2026-04.csv,,,,,,,,,,,,,,,,,,
03/09/2021,2026-04.csv,,,,,,,,,,,,,,,,,,
25/11/2019,2026-04.csv,,,,,,,,,,,,,,,,,,
25/11/2019,2026-04.csv,,,,,,,,,,,,,,,,,,
03/07/2020,2026-04.csv,,,,,,,,,,,,,,,,,,
08/09/2020,2026-04.csv,,,,,,,,,,,,,,,,,,
08/09/2020,2026-04.csv,,,,,,,,,,,,,,,,,,
08/09/2020,2026-04.csv,,,,,,,,,,,,,,,,,,
25/11/2019,2026-04.csv,,,,,,,,,,,,,,,,,,
01/10/2019,2026-04.csv,,,,,,,,,,,,,,,,,,
01/10/2019,2026-04.csv,,,,,,,,,,,,,,,,,,
05/09/2022,2026-04.csv,,,,,,,,,,,,,,,,,,
31/03/2021,2026-04.csv,,,,,,,,,,,,,,,,,,
21/03/2022,2026-04.csv,,,,,,,,,,,,,,,,,,
22/11/2021,2026-04.csv,,,,,,,,,,,,,,,,,,
20/12/2021,2026-04.csv,,,,,,,,,,,,,,,,,,
03/07/2020,2026-04.csv,,,,,,,,,,,,,,,,,,
13/04/2018,2026-04.csv,,,,,,,,,,,,,,,,,,
03/02/2020,2026-04.csv,,,,,,,,,,,,,,,,,,
29/03/2023,2026-04.csv,,,,,,,,,,,,,,,,,,
05/03/2024,2026-04.csv,,,,,,,,,,,,,,,,,,
16/03/2022,2026-04.csv,,,,,,,,,,,,,,,,,,
12/03/2024,2026-04.csv,,,,,,,,,,,,,,,,,,
03/01/2020,2026-04.csv,,,,,,,,,,,,,,,,,,
15/01/2021,2026-04.csv,,,,,,,,,,,,,,,,,,
23/11/2021,2026-04.csv,,,,,,,,,,,,,,,,,,
24/06/2005,2026-04.csv,,,,,,,,,,,,,,,,,,
08/09/2020,2026-04.csv,,,,,,,,,,,,,,,,,,
22/12/2022,2026-04.csv,,,,,,,,,,,,,,,,,,
29/06/2022,2026-04.csv,,,,,,,,,,,,,,,,,,
29/06/2022,2026-04.csv,,,,,,,,,,,,,,,,,,
31/03/2021,2026-04.csv,,,,,,,,,,,,,,,,,,
15/03/2018,2026-04.csv,,,,,,,,,,,,,,,,,,
18/01/2018,2026-04.csv,,,,,,,,,,,,,,,,,,
03/02/2020,2026-04.csv,,,,,,,,,,,,,,,,,,
11/01/2022,2026-04.csv,,,,,,,,,,,,,,,,,,
09/12/2024,2026-04.csv,,,,,,,,,,,,,,,,,,
14/12/2023,2026-04.csv,,,,,,,,,,,,,,,,,,
04/06/2024,2026-04.csv,,,,,,,,,,,,,,,,,,
22/09/2016,2026-04.csv,,,,,,,,,,,,,,,,,,
13/03/2018,2026-04.csv,,,,,,,,,,,,,,,,,,
19/12/2006,2026-04.csv,,,,,,,,,,,,,,,,,,
17/02/2016,2026-04.csv,,,,,,,,,,,,,,,,,,
03/02/2023,2026-04.csv,,,,,,,,,,,,,,,,,,
21/01/2014,2026-04.csv,,,,,,,,,,,,,,,,,,
31/07/2012,2026-04.csv,,,,,,,,,,,,,,,,,,
25/01/2019,2026-04.csv,,,,,,,,,,,,,,,,,,
15/10/2024,2026-04.csv,,,,,,,,,,,,,,,,,,
29/01/2025,2026-04.csv,,,,,,,,,,,,,,,,,,
08/11/2024,2026-04.csv,,,,,,,,,,,,,,,,,,
16/03/2022,2026-04.csv,,,,,,,,,,,,,,,,,,
24/01/2017,2026-04.csv,,,,,,,,,,,,,,,,,,
02/08/2024,2026-04.csv,,,,,,,,,,,,,,,,,,
29/09/2020,2026-04.csv,,,,,,,,,,,,,,,,,,
29/12/2015,2026-04.csv,,,,,,,,,,,,,,,,,,
17/03/2015,2026-04.csv,,,,,,,,,,,,,,,,,,
07/10/2021,2026-04.csv,,,,,,,,,,,,,,,,,,
07/10/2021,2026-04.csv,,,,,,,,,,,,,,,,,,
19/09/2022,2026-04.csv,,,,,,,,,,,,,,,,,,
02/02/2023,2026-04.csv,,,,,,,,,,,,,,,,,,
21/12/2023,2026-04.csv,,,,,,,,,,,,,,,,,,
06/03/2025,2026-04.csv,,,,,,,,,,,,,,,,,,
09/03/2023,2026-04.csv,,,,,,,,,,,,,,,,,,
30/03/2022,2026-04.csv,,,,,,,,,,,,,,,,,,
18/09/2022,2026-04.csv,,,,,,,,,,,,,,,,,,
17/09/2021,2026-04.csv,,,,,,,,,,,,,,,,,,
18/09/2022,2026-04.csv,,,,,,,,,,,,,,,,,,
31/03/2022,2026-04.csv,,,,,,,,,,,,,,,,,,
31/03/2022,2026-04.csv,,,,,,,,,,,,,,,,,,
17/03/2023,2026-04.csv,,,,,,,,,,,,,,,,,,
23/05/2023,2026-04.csv,,,,,,,,,,,,,,,,,,
08/01/2022,2026-04.csv,,,,,,,,,,,,,,,,,,
08/01/2022,2026-04.csv,,,,,,,,,,,,,,,,,,
08/11/2021,2026-04.csv,,,,,,,,,,,,,,,,,,
08/08/2021,2026-04.csv,,,,,,,,,,,,,,,,,,
31/03/2023,2026-04.csv,,,,,,,,,,,,,,,,,,
09/01/2024,2026-04.csv,,,,,,,,,,,,,,,,,,
09/01/2024,2026-04.csv,,,,,,,,,,,,,,,,,,
09/01/2024,2026-04.csv,,,,,,,,,,,,,,,,,,
09/01/2024,2026-04.csv,,,,,,,,,,,,,,,,,,
08/12/2023,2026-04.csv,,,,,,,,,,,,,,,,,,
20/01/2023,2026-04.csv,,,,,,,,,,,,,,,,,,
11/02/2021,2026-04.csv,,,,,,,,,,,,,,,,,,
11/02/2021,2026-04.csv,,,,,,,,,,,,,,,,,,
04/03/2022,2026-04.csv,,,,,,,,,,,,,,,,,,
04/03/2022,2026-04.csv,,,,,,,,,,,,,,,,,,
27/02/2024,2026-04.csv,,,,,,,,,,,,,,,,,,
24/01/2022,2026-04.csv,,,,,,,,,,,,,,,,,,
09/02/2022,2026-04.csv,,,,,,,,,,,,,,,,,,
19/05/2022,2026-04.csv,,,,,,,,,,,,,,,,,,
08/03/2021,2026-04.csv,,,,,,,,,,,,,,,,,,
14/06/2021,2026-04.csv,,,,,,,,,,,,,,,,,,
03/03/2021,2026-04.csv,,,,,,,,,,,,,,,,,,
01/09/2020,2026-04.csv,,,,,,,,,,,,,,,,,,
01/09/2020,2026-04.csv,,,,,,,,,,,,,,,,,,
22/03/2023,2026-04.csv,,,,,,,,,,,,,,,,,,
13/07/2020,2026-04.csv,,,,,,,,,,,,,,,,,,
13/07/2020,2026-04.csv,,,,,,,,,,,,,,,,,,
13/07/2020,2026-04.csv,,,,,,,,,,,,,,,,,,
13/07/2020,2026-04.csv,,,,,,,,,,,,,,,,,,
07/03/2024,2026-04.csv,,,,,,,,,,,,,,,,,,
11/03/2022,2026-04.csv,,,,,,,,,,,,,,,,,,
16/12/2009,2026-04.csv,,,,,,,,,,,,,,,,,,
31/01/2022,2026-04.csv,,,,,,,,,,,,,,,,,,
04/01/2023,2026-04.csv,,,,,,,,,,,,,,,,,,
01/01/2020,2026-04.csv,,,,,,,,,,,,,,,,,,
31/08/2017,2026-04.csv,,,,,,,,,,,,,,,,,,
31/03/2022,2026-04.csv,,,,,,,,,,,,,,,,,,
14/03/2018,2026-04.csv,,,,,,,,,,,,,,,,,,
01/02/2016,2026-04.csv,,,,,,,,,,,,,,,,,,
06/12/2021,2026-04.csv,,,,,,,,,,,,,,,,,,
17/02/2016,2026-04.csv,,,,,,,,,,,,,,,,,,
27/02/2018,2026-04.csv,,,,,,,,,,,,,,,,,,
22/01/2019,2026-04.csv,,,,,,,,,,,,,,,,,,
17/03/2016,2026-04.csv,,,,,,,,,,,,,,,,,,
08/08/2018,2026-04.csv,,,,,,,,,,,,,,,,,,
31/03/2021,2026-04.csv,,,,,,,,,,,,,,,,,,
04/11/2022,2026-04.csv,,,,,,,,,,,,,,,,,,
25/09/2018,2026-04.csv,,,,,,,,,,,,,,,,,,
07/03/2016,2026-04.csv,,,,,,,,,,,,,,,,,,
22/01/2021,2026-04.csv,,,,,,,,,,,,,,,,,,
22/01/2021,2026-04.csv,,,,,,,,,,,,,,,,,,
22/01/2021,2026-04.csv,,,,,,,,,,,,,,,,,,
23/11/2020,2026-04.csv,,,,,,,,,,,,,,,,,,
07/12/2020,2026-04.csv,,,,,,,,,,,,,,,,,,
17/02/2016,2026-04.csv,,,,,,,,,,,,,,,,,,
15/10/2024,2026-04.csv,,,,,,,,,,,,,,,,,,
22/06/2022,2026-04.csv,,,,,,,,,,,,,,,,,,
08/06/2021,2026-04.csv,,,,,,,,,,,,,,,,,,
15/02/2018,2026-04.csv,,,,,,,,,,,,,,,,,,
14/03/2023,2026-04.csv,,,,,,,,,,,,,,,,,,
09/01/2023,2026-04.csv,,,,,,,,,,,,,,,,,,
09/11/2022,2026-04.csv,,,,,,,,,,,,,,,,,,
08/12/2023,2026-04.csv,,,,,,,,,,,,,,,,,,
24/01/2024,2026-04.csv,,,,,,,,,,,,,,,,,,
01/03/2018,2026-04.csv,,,,,,,,,,,,,,,,,,
14/02/2019,2026-04.csv,,,,,,,,,,,,,,,,,,
14/02/2019,2026-04.csv,,,,,,,,,,,,,,,,,,
30/03/2017,2026-04.csv,,,,,,,,,,,,,,,,,,
27/02/2017,2026-04.csv,,,,,,,,,,,,,,,,,,
26/03/2018,2026-04.csv,,,,,,,,,,,,,,,,,,
26/03/2025,2026-04.csv,,,,,,,,,,,,,,,,,,
05/01/2023,2026-04.csv,,,,,,,,,,,,,,,,,,
20/12/2018,2026-04.csv,,,,,,,,,,,,,,,,,,
25/01/2017,2026-04.csv,,,,,,,,,,,,,,,,,,
11/05/2020,2026-04.csv,,,,,,,,,,,,,,,,,,
15/10/2024,2026-04.csv,,,,,,,,,,,,,,,,,,
,2026-04.csv,,,,,,,,,,,,,,,,,,
09/11/2017,2026-04.csv,,,,,,,,,,,,,,,,,,
25/09/2024,2026-04.csv,,,,,,,,,,,,,,,,,,
15/10/2024,2026-04.csv,,,,,,,,,,,,,,,,,,
05/07/2017,2026-04.csv,,,,,,,,,,,,,,,,,,
31/03/2016,2026-04.csv,,,,,,,,,,,,,,,,,,
16/03/2023,2026-04.csv,,,,,,,,,,,,,,,,,,
27/02/2018,2026-04.csv,,,,,,,,,,,,,,,,,,
28/10/2024,2026-04.csv,,,,,,,,,,,,,,,,,,
01/09/2022,2026-04.csv,,,,,,,,,,,,,,,,,,
26/08/2022,2026-04.csv,,,,,,,,,,,,,,,,,,
07/11/2022,2026-04.csv,,,,,,,,,,,,,,,,,,
20/09/2022,2026-04.csv,,,,,,,,,,,,,,,,,,
01/03/2017,2026-04.csv,,,,,,,,,,,,,,,,,,
27/03/2018,2026-04.csv,,,,,,,,,,,,,,,,,,
13/06/2017,2026-04.csv,,,,,,,,,,,,,,,,,,
22/12/2021,2026-04.csv,,,,,,,,,,,,,,,,,,
20/03/2018,2026-04.csv,,,,,,,,,,,,,,,,,,
12/04/2022,2026-04.csv,,,,,,,,,,,,,,,,,,
01/03/2018,2026-04.csv,,,,,,,,,,,,,,,,,,
01/03/2018,2026-04.csv,,,,,,,,,,,,,,,,,,
09/02/2022,2026-04.csv,,,,,,,,,,,,,,,,,,
10/11/2022,2026-04.csv,,,,,,,,,,,,,,,,,,
01/03/2018,2026-04.csv,,,,,,,,,,,,,,,,,,
15/03/2018,2026-04.csv,,,,,,,,,,,,,,,,,,
04/01/2021,2026-04.csv,,,,,,,,,,,,,,,,,,
03/03/2021,2026-04.csv,,,,,,,,,,,,,,,,,,
26/10/2016,2026-04.csv,,,,,,,,,,,,,,,,,,
13/03/2018,2026-04.csv,,,,,,,,,,,,,,,,,,
14/03/2024,2026-04.csv,,,,,,,,,,,,,,,,,,
17/05/2023,2026-04.csv,,,,,,,,,,,,,,,,,,
24/03/2022,2026-04.csv,,,,,,,,,,,,,,,,,,
29/03/2022,2026-04.csv,,,,,,,,,,,,,,,,,,
09/03/2023,2026-04.csv,,,,,,,,,,,,,,,,,,
19/10/2022,2026-04.csv,,,,,,,,,,,,,,,,,,
09/07/2020,2026-04.csv,,,,,,,,,,,,,,,,,,
22/03/2022,2026-04.csv,,,,,,,,,,,,,,,,,,
23/03/2022,2026-04.csv,,,,,,,,,,,,,,,,,,
14/03/2018,2026-04.csv,,,,,,,,,,,,,,,,,,
31/03/2021,2026-04.csv,,,,,,,,,,,,,,,,,,
17/03/2016,2026-04.csv,,,,,,,,,,,,,,,,,,
20/02/2020,2026-04.csv,,,,,,,,,,,,,,,,,,
31/03/2021,2026-04.csv,,,,,,,,,,,,,,,,,,
30/03/2023,2026-04.csv,,,,,,,,,,,,,,,,,,
14/02/2023,2026-04.csv,,,,,,,,,,,,,,,,,,
27/03/2023,2026-04.csv,,,,,,,,,,,,,,,,,,
27/03/2023,2026-04.csv,,,,,,,,,,,,,,,,,,
27/03/2023,2026-04.csv,,,,,,,,,,,,,,,,,,
27/03/2023,2026-04.csv,,,,,,,,,,,,,,,,,,
27/03/2025,2026-04.csv,,,,,,,,,,,,,,,,,,
21/09/2021,2026-04.csv,,,,,,,,,,,,,,,,,,
18/03/2020,2026-04.csv,,,,,,,,,,,,,,,,,,
27/02/2018,2026-04.csv,,,,,,,,,,,,,,,,,,
22/12/2021,2026-04.csv,,,,,,,,,,,,,,,,,,
01/03/2023,2026-04.csv,,,,,,,,,,,,,,,,,,
25/02/2016,2026-04.csv,,,,,,,,,,,,,,,,,,
28/12/2021,2026-04.csv,,,,,,,,,,,,,,,,,,
11/03/2022,2026-04.csv,,,,,,,,,,,,,,,,,,
15/03/2024,2026-04.csv,,,,,,,,,,,,,,,,,,
15/03/2024,2026-04.csv,,,,,,,,,,,,,,,,,,
15/03/2024,2026-04.csv,,,,,,,,,,,,,,,,,,
02/11/2016,2026-04.csv,,,,,,,,,,,,,,,,,,
13/08/2020,2026-04.csv,,,,,,,,,,,,,,,,,,
22/03/2017,2026-04.csv,,,,,,,,,,,,,,,,,,
26/02/2020,2026-04.csv,,,,,,,,,,,,,,,,,,
27/02/2018,2026-04.csv,,,,,,,,,,,,,,,,,,
10/08/2016,2026-04.csv,,,,,,,,,,,,,,,,,,
05/01/2022,2026-04.csv,,,,,,,,,,,,,,,,,,
08/02/2024,2026-04.csv,,,,,,,,,,,,,,,,,,
16/02/2023,2026-04.csv,,,,,,,,,,,,,,,,,,
02/07/2021,2026-04.csv,,,,,,,,,,,,,,,,,,
20/03/2020,2026-04.csv,,,,,,,,,,,,,,,,,,
19/03/2020,2026-04.csv,,,,,,,,,,,,,,,,,,
31/03/2022,2026-04.csv,,,,,,,,,,,,,,,,,,
24/03/2023,2026-04.csv,,,,,,,,,,,,,,,,,,
06/07/2022,2026-04.csv,,,,,,,,,,,,,,,,,,
27/03/2025,2026-04.csv,,,,,,,,,,,,,,,,,,
22/03/2022,2026-04.csv,,,,,,,,,,,,,,,,,,
08/01/2022,2026-04.csv,,,,,,,,,,,,,,,,,,
30/06/2022,2026-04.csv,,,,,,,,,,,,,,,,,,
16/05/2025,2026-04.csv,,,,,,,,,,,,,,,,,,
18/09/2020,2026-04.csv,,,,,,,,,,,,,,,,,,
26/03/2021,2026-04.csv,,,,,,,,,,,,,,,,,,
20/03/2018,2026-04.csv,,,,,,,,,,,,,,,,,,
13/03/2018,2026-04.csv,,,,,,,,,,,,,,,,,,
26/02/2018,2026-04.csv,,,,,,,,,,,,,,,,,,
26/02/2018,2026-04.csv,,,,,,,,,,,,,,,,,,
27/01/2022,2026-04.csv,,,,,,,,,,,,,,,,,,
27/01/2015,2026-04.csv,,,,,,,,,,,,,,,,,,
20/03/2018,2026-04.csv,,,,,,,,,,,,,,,,,,
16/05/2023,2026-04.csv,,,,,,,,,,,,,,,,,,
22/03/2022,2026-04.csv,,,,,,,,,,,,,,,,,,
04/03/2024,2026-04.csv,,,,,,,,,,,,,,,,,,
20/03/2018,2026-04.csv,,,,,,,,,,,,,,,,,,
28/03/2017,2026-04.csv,,,,,,,,,,,,,,,,,,
14/09/2021,2026-04.csv,,,,,,,,,,,,,,,,,,
08/07/2020,2026-04.csv,,,,,,,,,,,,,,,,,,
18/03/2020,2026-04.csv,,,,,,,,,,,,,,,,,,
11/08/2020,2026-04.csv,,,,,,,,,,,,,,,,,,
14/08/2020,2026-04.csv,,,,,,,,,,,,,,,,,,
19/08/2020,2026-04.csv,,,,,,,,,,,,,,,,,,
18/04/2020,2026-04.csv,,,,,,,,,,,,,,,,,,
18/04/2020,2026-04.csv,,,,,,,,,,,,,,,,,,
18/04/2020,2026-04.csv,,,,,,,,,,,,,,,,,,
18/04/2020,2026-04.csv,,,,,,,,,,,,,,,,,,
10/08/2020,2026-04.csv,,,,,,,,,,,,,,,,,,
11/08/2020,2026-04.csv,,,,,,,,,,,,,,,,,,
24/08/2020,2026-04.csv,,,,,,,,,,,,,,,,,,
09/06/2022,2026-04.csv,,,,,,,,,,,,,,,,,,
17/03/2022,2026-04.csv,,,,,,,,,,,,,,,,,,
06/01/2022,2026-04.csv,,,,,,,,,,,,,,,,,,
20/12/2024,2026-04.csv,,,,,,,,,,,,,,,,,,
11/03/2024,2026-04.csv,,,,,,,,,,,,,,,,,,
28/06/2017,2026-04.csv,,,,,,,,,,,,,,,,,,
31/03/2022,2026-04.csv,,,,,,,,,,,,,,,,,,
02/03/2015,2026-04.csv,,,,,,,,,,,,,,,,,,
02/01/2014,2026-04.csv,,,,,,,,,,,,,,,,,,
10/02/2022,2026-04.csv,,,,,,,,,,,,,,,,,,
15/03/2024,2026-04.csv,,,,,,,,,,,,,,,,,,
14/03/2024,2026-04.csv,,,,,,,,,,,,,,,,,,
20/02/2023,2026-04.csv,,,,,,,,,,,,,,,,,,
25/03/2022,2026-04.csv,,,,,,,,,,,,,,,,,,
25/03/2022,2026-04.csv,,,,,,,,,,,,,,,,,,
18/03/2020,2026-04.csv,,,,,,,,,,,,,,,,,,
11/04/2025,2026-04.csv,,,,,,,,,,,,,,,,,,
30/05/2025,2026-04.csv,,,,,,,,,,,,,,,,,,
15/02/2017,2026-04.csv,,,,,,,,,,,,,,,,,,
16/12/2006,2026-04.csv,,,,,,,,,,,,,,,,,,
18/02/2020,2026-04.csv,,,,,,,,,,,,,,,,,,
18/02/2020,2026-04.csv,,,,,,,,,,,,,,,,,,
15/10/2024,2026-04.csv,,,,,,,,,,,,,,,,,,
04/02/2019,2026-04.csv,,,,,,,,,,,,,,,,,,
20/02/2017,2026-04.csv,,,,,,,,,,,,,,,,,,
22/09/2009,2026-04.csv,,,,,,,,,,,,,,,,,,
25/01/2017,2026-04.csv,,,,,,,,,,,,,,,,,,
01/03/2018,2026-04.csv,,,,,,,,,,,,,,,,,,
01/02/2016,2026-04.csv,,,,,,,,,,,,,,,,,,
17/02/2017,2026-04.csv,,,,,,,,,,,,,,,,,,
01/12/2015,2026-04.csv,,,,,,,,,,,,,,,,,,
01/02/2016,2026-04.csv,,,,,,,,,,,,,,,,,,
26/12/2017,2026-04.csv,,,,,,,,,,,,,,,,,,
19/05/2020,2026-04.csv,,,,,,,,,,,,,,,,,,
10/02/2009,2026-04.csv,,,,,,,,,,,,,,,,,,
20/01/2020,2026-04.csv,,,,,,,,,,,,,,,,,,
20/01/2020,2026-04.csv,,,,,,,,,,,,,,,,,,
28/02/2024,2026-04.csv,,,,,,,,,,,,,,,,,,
05/02/2024,2026-04.csv,,,,,,,,,,,,,,,,,,
28/03/2018,2026-04.csv,,,,,,,,,,,,,,,,,,
31/01/2024,2026-04.csv,,,,,,,,,,,,,,,,,,
17/08/2005,2026-04.csv,,,,,,,,,,,,,,,,,,
08/06/2021,2026-04.csv,,,,,,,,,,,,,,,,,,
08/11/2017,2026-04.csv,,,,,,,,,,,,,,,,,,
31/03/2021,2026-04.csv,,,,,,,,,,,,,,,,,,
24/03/2023,2026-04.csv,,,,,,,,,,,,,,,,,,
12/08/2022,2026-04.csv,,,,,,,,,,,,,,,,,,
15/03/2024,2026-04.csv,,,,,,,,,,,,,,,,,,
30/03/2023,2026-04.csv,,,,,,,,,,,,,,,,,,
23/02/2018,2026-04.csv,,,,,,,,,,,,,,,,,,
23/06/2016,2026-04.csv,,,,,,,,,,,,,,,,,,
09/09/2017,2026-04.csv,,,,,,,,,,,,,,,,,,
19/11/2013,2026-04.csv,,,,,,,,,,,,,,,,,,
14/02/2019,2026-04.csv,,,,,,,,,,,,,,,,,,
24/06/2005,2026-04.csv,,,,,,,,,,,,,,,,,,
06/09/2021,2026-04.csv,,,,,,,,,,,,,,,,,,
02/11/2022,2026-04.csv,,,,,,,,,,,,,,,,,,
09/12/2006,2026-04.csv,,,,,,,,,,,,,,,,,,
04/03/2021,2026-04.csv,,,,,,,,,,,,,,,,,,
17/04/2010,2026-04.csv,,,,,,,,,,,,,,,,,,
27/02/2018,2026-04.csv,,,,,,,,,,,,,,,,,,
07/11/2017,2026-04.csv,,,,,,,,,,,,,,,,,,
15/11/2009,2026-04.csv,,,,,,,,,,,,,,,,,,
24/08/2020,2026-04.csv,,,,,,,,,,,,,,,,,,
17/04/2020,2026-04.csv,,,,,,,,,,,,,,,,,,
24/08/2020,2026-04.csv,,,,,,,,,,,,,,,,,,
29/11/2024,2026-04.csv,,,,,,,,,,,,,,,,,,
20/08/2022,2026-04.csv,,,,,,,,,,,,,,,,,,
01/02/2019,2026-04.csv,,,,,,,,,,,,,,,,,,
07/10/2022,2026-04.csv,,,,,,,,,,,,,,,,,,
30/09/2022,2026-04.csv,,,,,,,,,,,,,,,,,,
14/10/2022,2026-04.csv,,,,,,,,,,,,,,,,,,
22/12/2020,2026-04.csv,,,,,,,,,,,,,,,,,,
12/03/2020,2026-04.csv,,,,,,,,,,,,,,,,,,
01/02/2024,2026-04.csv,,,,,,,,,,,,,,,,,,
07/02/2022,2026-04.csv,,,,,,,,,,,,,,,,,,
27/02/2023,2026-04.csv,,,,,,,,,,,,,,,,,,
13/12/2021,2026-04.csv,,,,,,,,,,,,,,,,,,
14/07/2020,2026-04.csv,,,,,,,,,,,,,,,,,,
14/07/2020,2026-04.csv,,,,,,,,,,,,,,,,,,
21/09/2021,2026-04.csv,,,,,,,,,,,,,,,,,,
14/03/2024,2026-04.csv,,,,,,,,,,,,,,,,,,
14/03/2018,2026-04.csv,,,,,,,,,,,,,,,,,,
28/10/2024,2026-04.csv,,,,,,,,,,,,,,,,,,
14/02/2023,2026-04.csv,,,,,,,,,,,,,,,,,,
12/03/2021,2026-04.csv,,,,,,,,,,,,,,,,,,
29/12/2022,2026-04.csv,,,,,,,,,,,,,,,,,,
31/03/2021,2026-04.csv,,,,,,,,,,,,,,,,,,
06/12/2022,2026-04.csv,,,,,,,,,,,,,,,,,,
12/01/2025,2026-04.csv,,,,,,,,,,,,,,,,,,
15/03/2022,2026-04.csv,,,,,,,,,,,,,,,,,,
22/11/2021,2026-04.csv,,,,,,,,,,,,,,,,,,
28/03/2022,2026-04.csv,,,,,,,,,,,,,,,,,,
24/03/2023,2026-04.csv,,,,,,,,,,,,,,,,,,
14/03/2022,2026-04.csv,,,,,,,,,,,,,,,,,,
06/03/2024,2026-04.csv,,,,,,,,,,,,,,,,,,
06/03/2025,2026-04.csv,,,,,,,,,,,,,,,,,,
24/03/2022,2026-04.csv,,,,,,,,,,,,,,,,,,
24/03/2022,2026-04.csv,,,,,,,,,,,,,,,,,,
25/03/2022,2026-04.csv,,,,,,,,,,,,,,,,,,
12/01/2022,2026-04.csv,,,,,,,,,,,,,,,,,,
31/03/2021,2026-04.csv,,,,,,,,,,,,,,,,,,
27/03/2023,2026-04.csv,,,,,,,,,,,,,,,,,,
31/03/2022,2026-04.csv,,,,,,,,,,,,,,,,,,
31/03/2022,2026-04.csv,,,,,,,,,,,,,,,,,,
26/02/2024,2026-04.csv,,,,,,,,,,,,,,,,,,
06/12/2021,2026-04.csv,,,,,,,,,,,,,,,,,,
27/03/2023,2026-04.csv,,,,,,,,,,,,,,,,,,
01/02/2024,2026-04.csv,,,,,,,,,,,,,,,,,,
08/03/2022,2026-04.csv,,,,,,,,,,,,,,,,,,
20/10/2022,2026-04.csv,,,,,,,,,,,,,,,,,,
21/02/2024,2026-04.csv,,,,,,,,,,,,,,,,,,
11/03/2022,2026-04.csv,,,,,,,,,,,,,,,,,,
24/12/2021,2026-04.csv,,,,,,,,,,,,,,,,,,
29/12/2022,2026-04.csv,,,,,,,,,,,,,,,,,,
28/11/2022,2026-04.csv,,,,,,,,,,,,,,,,,,
24/03/2022,2026-04.csv,,,,,,,,,,,,,,,,,,
26/03/2018,2026-04.csv,,,,,,,,,,,,,,,,,,
07/05/2020,2026-04.csv,,,,,,,,,,,,,,,,,,
30/07/2020,2026-04.csv,,,,,,,,,,,,,,,,,,
11/07/2023,2026-04.csv,,,,,,,,,,,,,,,,,,
11/07/2023,2026-04.csv,,,,,,,,,,,,,,,,,,
19/02/2018,2026-04.csv,,,,,,,,,,,,,,,,,,
19/06/2020,2026-04.csv,,,,,,,,,,,,,,,,,,
07/08/2020,2026-04.csv,,,,,,,,,,,,,,,,,,
06/06/2020,2026-04.csv,,,,,,,,,,,,,,,,,,
27/05/2021,2026-04.csv,,,,,,,,,,,,,,,,,,
18/05/2021,2026-04.csv,,,,,,,,,,,,,,,,,,
24/06/2021,2026-04.csv,,,,,,,,,,,,,,,,,,
03/09/2021,2026-04.csv,,,,,,,,,,,,,,,,,,
07/10/2020,2026-04.csv,,,,,,,,,,,,,,,,,,
16/04/2015,2026-04.csv,,,,,,,,,,,,,,,,,,
26/12/2017,2026-04.csv,,,,,,,,,,,,,,,,,,
01/03/2018,2026-04.csv,,,,,,,,,,,,,,,,,,
06/12/2024,2026-04.csv,,,,,,,,,,,,,,,,,,
11/12/2023,2026-04.csv,,,,,,,,,,,,,,,,,,
30/03/2020,2026-04.csv,,,,,,,,,,,,,,,,,,
30/03/2021,2026-04.csv,,,,,,,,,,,,,,,,,,
26/02/2018,2026-04.csv,,,,,,,,,,,,,,,,,,
31/03/2022,2026-04.csv,,,,,,,,,,,,,,,,,,
31/03/2021,2026-04.csv,,,,,,,,,,,,,,,,,,
31/03/2021,2026-04.csv,,,,,,,,,,,,,,,,,,
31/03/2021,2026-04.csv,,,,,,,,,,,,,,,,,,
31/03/2023,2026-04.csv,,,,,,,,,,,,,,,,,,
31/03/2023,2026-04.csv,,,,,,,,,,,,,,,,,,
29/03/2023,2026-04.csv,,,,,,,,,,,,,,,,,,
31/03/2021,2026-04.csv,,,,,,,,,,,,,,,,,,
11/03/2022,2026-04.csv,,,,,,,,,,,,,,,,,,
16/03/2022,2026-04.csv,,,,,,,,,,,,,,,,,,
05/01/2022,2026-04.csv,,,,,,,,,,,,,,,,,,
31/03/2022,2026-04.csv,,,,,,,,,,,,,,,,,,
09/05/2022,2026-04.csv,,,,,,,,,,,,,,,,,,
19/01/2018,2026-04.csv,,,,,,,,,,,,,,,,,,
21/01/2022,2026-04.csv,,,,,,,,,,,,,,,,,,
12/02/2024,2026-04.csv,,,,,,,,,,,,,,,,,,
11/03/2024,2026-04.csv,,,,,,,,,,,,,,,,,,
11/09/2023,2026-04.csv,,,,,,,,,,,,,,,,,,
24/01/2022,2026-04.csv,,,,,,,,,,,,,,,,,,
24/01/2022,2026-04.csv,,,,,,,,,,,,,,,,,,
24/03/2022,2026-04.csv,,,,,,,,,,,,,,,,,,
07/03/2022,2026-04.csv,,,,,,,,,,,,,,,,,,
31/03/2022,2026-04.csv,,,,,,,,,,,,,,,,,,
17/05/2023,2026-04.csv,,,,,,,,,,,,,,,,,,
06/10/2022,2026-04.csv,,,,,,,,,,,,,,,,,,
17/03/2022,2026-04.csv,,,,,,,,,,,,,,,,,,
30/09/2019,2026-04.csv,,,,,,,,,,,,,,,,,,
30/09/2019,2026-04.csv,,,,,,,,,,,,,,,,,,
30/09/2019,2026-04.csv,,,,,,,,,,,,,,,,,,
30/09/2019,2026-04.csv,,,,,,,,,,,,,,,,,,
30/09/2019,2026-04.csv,,,,,,,,,,,,,,,,,,
30/09/2019,2026-04.csv,,,,,,,,,,,,,,,,,,
14/03/2018,2026-04.csv,,,,,,,,,,,,,,,,,,
14/10/2022,2026-04.csv,,,,,,,,,,,,,,,,,,
17/01/2024,2026-04.csv,,,,,,,,,,,,,,,,,,
23/06/2020,2026-04.csv,,,,,,,,,,,,,,,,,,
19/02/2021,2026-04.csv,,,,,,,,,,,,,,,,,,
13/01/2022,2026-04.csv,,,,,,,,,,,,,,,,,,
31/03/2021,2026-04.csv,,,,,,,,,,,,,,,,,,
02/09/2021,2026-04.csv,,,,,,,,,,,,,,,,,,
25/01/2024,2026-04.csv,,,,,,,,,,,,,,,,,,
16/12/2022,2026-04.csv,,,,,,,,,,,,,,,,,,
16/12/2022,2026-04.csv,,,,,,,,,,,,,,,,,,
16/12/2022,2026-04.csv,,,,,,,,,,,,,,,,,,
22/03/2022,2026-04.csv,,,,,,,,,,,,,,,,,,
09/02/2022,2026-04.csv,,,,,,,,,,,,,,,,,,
03/12/2021,2026-04.csv,,,,,,,,,,,,,,,,,,
13/12/2021,2026-04.csv,,,,,,,,,,,,,,,,,,
03/01/2023,2026-04.csv,,,,,,,,,,,,,,,,,,
26/10/2022,2026-04.csv,,,,,,,,,,,,,,,,,,
13/01/2023,2026-04.csv,,,,,,,,,,,,,,,,,,
14/10/2022,2026-04.csv,,,,,,,,,,,,,,,,,,
18/01/2022,2026-04.csv,,,,,,,,,,,,,,,,,,
20/01/2022,2026-04.csv,,,,,,,,,,,,,,,,,,
10/02/2017,2026-04.csv,,,,,,,,,,,,,,,,,,
19/10/2022,2026-04.csv,,,,,,,,,,,,,,,,,,
18/06/2020,2026-04.csv,,,,,,,,,,,,,,,,,,
31/03/2021,2026-04.csv,,,,,,,,,,,,,,,,,,
27/04/2020,2026-04.csv,,,,,,,,,,,,,,,,,,
27/04/2020,2026-04.csv,,,,,,,,,,,,,,,,,,
14/02/2020,2026-04.csv,,,,,,,,,,,,,,,,,,
31/03/2021,2026-04.csv,,,,,,,,,,,,,,,,,,
30/03/2022,2026-04.csv,,,,,,,,,,,,,,,,,,
06/10/2016,2026-04.csv,,,,,,,,,,,,,,,,,,
15/03/2024,2026-04.csv,,,,,,,,,,,,,,,,,,
30/12/2022,2026-04.csv,,,,,,,,,,,,,,,,,,
13/03/2023,2026-04.csv,,,,,,,,,,,,,,,,,,
09/02/2023,2026-04.csv,,,,,,,,,,,,,,,,,,
12/01/2022,2026-04.csv,,,,,,,,,,,,,,,,,,
29/03/2023,2026-04.csv,,,,,,,,,,,,,,,,,,
24/01/2022,2026-04.csv,,,,,,,,,,,,,,,,,,
31/05/2023,2026-04.csv,,,,,,,,,,,,,,,,,,
21/03/2022,2026-04.csv,,,,,,,,,,,,,,,,,,
30/03/2022,2026-04.csv,,,,,,,,,,,,,,,,,,
31/03/2021,2026-04.csv,,,,,,,,,,,,,,,,,,
01/12/2022,2026-04.csv,,,,,,,,,,,,,,,,,,
31/03/2022,2026-04.csv,,,,,,,,,,,,,,,,,,
30/03/2022,2026-04.csv,,,,,,,,,,,,,,,,,,
08/01/2024,2026-04.csv,,,,,,,,,,,,,,,,,,
23/03/2022,2026-04.csv,,,,,,,,,,,,,,,,,,
14/10/2022,2026-04.csv,,,,,,,,,,,,,,,,,,
08/03/2023,2026-04.csv,,,,,,,,,,,,,,,,,,
21/02/2023,2026-04.csv,,,,,,,,,,,,,,,,,,
14/02/2023,2026-04.csv,,,,,,,,,,,,,,,,,,
31/03/2020,2026-04.csv,,,,,,,,,,,,,,,,,,
29/03/2022,2026-04.csv,,,,,,,,,,,,,,,,,,
31/03/2022,2026-04.csv,,,,,,,,,,,,,,,,,,
31/03/2022,2026-04.csv,,,,,,,,,,,,,,,,,,
20/01/2017,2026-04.csv,,,,,,,,,,,,,,,,,,
30/03/2017,2026-04.csv,,,,,,,,,,,,,,,,,,
20/01/2017,2026-04.csv,,,,,,,,,,,,,,,,,,
03/03/2022,2026-04.csv,,,,,,,,,,,,,,,,,,
30/03/2017,2026-04.csv,,,,,,,,,,,,,,,,,,
06/10/2016,2026-04.csv,,,,,,,,,,,,,,,,,,
14/10/2022,2026-04.csv,,,,,,,,,,,,,,,,,,
28/02/2024,2026-04.csv,,,,,,,,,,,,,,,,,,
15/03/2024,2026-04.csv,,,,,,,,,,,,,,,,,,
15/03/2024,2026-04.csv,,,,,,,,,,,,,,,,,,
12/09/2022,2026-04.csv,,,,,,,,,,,,,,,,,,
30/03/2021,2026-04.csv,,,,,,,,,,,,,,,,,,
01/09/2020,2026-04.csv,,,,,,,,,,,,,,,,,,
31/03/2023,2026-04.csv,,,,,,,,,,,,,,,,,,
31/03/2023,2026-04.csv,,,,,,,,,,,,,,,,,,
29/03/2023,2026-04.csv,,,,,,,,,,,,,,,,,,
04/01/2023,2026-04.csv,,,,,,,,,,,,,,,,,,
13/03/2020,2026-04.csv,,,,,,,,,,,,,,,,,,
13/03/2020,2026-04.csv,,,,,,,,,,,,,,,,,,
30/03/2021,2026-04.csv,,,,,,,,,,,,,,,,,,
11/03/2022,2026-04.csv,,,,,,,,,,,,,,,,,,
30/11/2023,2026-04.csv,,,,,,,,,,,,,,,,,,
09/09/2021,2026-04.csv,,,,,,,,,,,,,,,,,,
05/01/2023,2026-04.csv,,,,,,,,,,,,,,,,,,
31/03/2023,2026-04.csv,,,,,,,,,,,,,,,,,,
03/01/2023,2026-04.csv,,,,,,,,,,,,,,,,,,
07/03/2023,2026-04.csv,,,,,,,,,,,,,,,,,,
11/03/2024,2026-04.csv,,,,,,,,,,,,,,,,,,
28/02/2024,2026-04.csv,,,,,,,,,,,,,,,,,,
04/03/2024,2026-04.csv,,,,,,,,,,,,,,,,,,
07/02/2024,2026-04.csv,,,,,,,,,,,,,,,,,,
27/02/2024,2026-04.csv,,,,,,,,,,,,,,,,,,
28/02/2024,2026-04.csv,,,,,,,,,,,,,,,,,,
11/03/2024,2026-04.csv,,,,,,,,,,,,,,,,,,
27/03/2023,2026-04.csv,,,,,,,,,,,,,,,,,,
11/03/2022,2026-04.csv,,,,,,,,,,,,,,,,,,
31/03/2022,2026-04.csv,,,,,,,,,,,,,,,,,,
30/09/2021,2026-04.csv,,,,,,,,,,,,,,,,,,
23/05/2022,2026-04.csv,,,,,,,,,,,,,,,,,,
21/10/2022,2026-04.csv,,,,,,,,,,,,,,,,,,
31/12/2023,2026-04.csv,,,,,,,,,,,,,,,,,,
30/09/2021,2026-04.csv,,,,,,,,,,,,,,,,,,
31/12/2019,2026-04.csv,,,,,,,,,,,,,,,,,,
28/11/2014,2026-04.csv,,,,,,,,,,,,,,,,,,
09/07/2024,2026-04.csv,,,,,,,,,,,,,,,,,,
30/03/2015,2026-04.csv,,,,,,,,,,,,,,,,,,
10/11/2015,2026-04.csv,,,,,,,,,,,,,,,,,,
11/09/2023,2026-04.csv,,,,,,,,,,,,,,,,,,
15/11/2023,2026-04.csv,,,,,,,,,,,,,,,,,,
30/11/2023,2026-04.csv,,,,,,,,,,,,,,,,,,
31/10/2023,2026-04.csv,,,,,,,,,,,,,,,,,,
20/01/2025,2026-04.csv,,,,,,,,,,,,,,,,,,
26/07/2024,2026-04.csv,,,,,,,,,,,,,,,,,,
28/03/2024,2026-04.csv,,,,,,,,,,,,,,,,,,
11/07/2024,2026-04.csv,,,,,,,,,,,,,,,,,,
09/08/2023,2026-04.csv,,,,,,,,,,,,,,,,,,
31/01/2009,2026-04.csv,,,,,,,,,,,,,,,,,,
20/01/2025,2026-04.csv,,,,,,,,,,,,,,,,,,
20/01/2025,2026-04.csv,,,,,,,,,,,,,,,,,,
16/11/2024,2026-04.csv,,,,,,,,,,,,,,,,,,
09/09/2024,2026-04.csv,,,,,,,,,,,,,,,,,,
01/11/2020,2026-04.csv,,,,,,,,,,,,,,,,,,
23/12/2019,2026-04.csv,,,,,,,,,,,,,,,,,,
19/07/2017,2026-04.csv,,,,,,,,,,,,,,,,,,
27/04/2022,2026-04.csv,,,,,,,,,,,,,,,,,,
23/05/2018,2026-04.csv,,,,,,,,,,,,,,,,,,
31/05/2023,2026-04.csv,,,,,,,,,,,,,,,,,,
08/05/2023,2026-04.csv,,,,,,,,,,,,,,,,,,
17/11/2021,2026-04.csv,,,,,,,,,,,,,,,,,,
19/09/2019,2026-04.csv,,,,,,,,,,,,,,,,,,
09/12/2020,2026-04.csv,,,,,,,,,,,,,,,,,,
27/07/2022,2026-04.csv,,,,,,,,,,,,,,,,,,
09/10/2014,2026-04.csv,,,,,,,,,,,,,,,,,,
22/02/2019,2026-04.csv,,,,,,,,,,,,,,,,,,
28/08/2024,2026-04.csv,,,,,,,,,,,,,,,,,,
21/03/2025,2026-04.csv,,,,,,,,,,,,,,,,,,
21/08/2025,2026-04.csv,,,,,,,,,,,,,,,,,,
24/03/2025,2026-04.csv,,,,,,,,,,,,,,,,,,
08/10/2025,2026-04.csv,,,,,,,,,,,,,,,,,,
24/02/2025,2026-04.csv,,,,,,,,,,,,,,,,,,
15/10/2024,2026-04.csv,,,,,,,,,,,,,,,,,,
18/02/2025,2026-04.csv,,,,,,,,,,,,,,,,,,
18/02/2025,2026-04.csv,,,,,,,,,,,,,,,,,,
14/10/2014,2026-04.csv,,,,,,,,,,,,,,,,,,
02/09/2024,2026-04.csv,,,,,,,,,,,,,,,,,,
25/11/2024,2026-04.csv,,,,,,,,,,,,,,,,,,
07/06/2024,2026-04.csv,,,,,,,,,,,,,,,,,,
24/02/2012,2026-04.csv,,,,,,,,,,,,,,,,,,
16/10/2025,2026-04.csv,,,,,,,,,,,,,,,,,,
03/02/2026,2026-04.csv,,,,,,,,,,,,,,,,,,
17/10/2025,2026-04.csv,,,,,,,,,,,,,,,,,,
,2026-04.csv,,,,,,,,,,,,,,,,,,
30/08/2024,2026-04.csv,,,,,,,,,,,,,,,,,,
,2026-04.csv,,,,,,,,,,,,,,,,,,
26/03/2025,2026-04.csv,,,,,,,,,,,,,,,,,,
12/03/2026,2026-04.csv,,,,,,,,,,,,,,,,,,
04/08/2025,2026-04.csv,,,,,,,,,,,,,,,,,,
01/12/2014,2026-04.csv,,,,,,,,,,,,,,,,,,
07/11/2024,2026-04.csv,,,,,,,,,,,,,,,,,,
18/03/2025,2026-04.csv,,,,,,,,,,,,,,,,,,
20/01/2025,2026-04.csv,,,,,,,,,,,,,,,,,,
24/03/2025,2026-04.csv,,,,,,,,,,,,,,,,,,
16/01/2025,2026-04.csv,,,,,,,,,,,,,,,,,,
13/01/2022,2026-04.csv,,,,,,,,,,,,,,,,,,
15/07/2024,2026-04.csv,,,,,,,,,,,,,,,,,,
09/02/2024,2026-04.csv,,,,,,,,,,,,,,,,,,
21/03/2025,2026-04.csv,,,,,,,,,,,,,,,,,,
26/12/2023,2026-04.csv,,,,,,,,,,,,,,,,,,
27/09/2023,2026-04.csv,,,,,,,,,,,,,,,,,,
09/02/2024,2026-04.csv,,,,,,,,,,,,,,,,,,
26/12/2023,2026-04.csv,,,,,,,,,,,,,,,,,,
04/06/2025,2026-04.csv,,,,,,,,,,,,,,,,,,
30/05/2024,2026-04.csv,,,,,,,,,,,,,,,,,,
01/11/2023,2026-04.csv,,,,,,,,,,,,,,,,,,
15/10/2024,2026-04.csv,,,,,,,,,,,,,,,,,,
19/11/2024,2026-04.csv,,,,,,,,,,,,,,,,,,
07/11/2024,2026-04.csv,,,,,,,,,,,,,,,,,,
27/12/2023,2026-04.csv,,,,,,,,,,,,,,,,,,
27/12/2023,2026-04.csv,,,,,,,,,,,,,,,,,,
15/10/2024,2026-04.csv,,,,,,,,,,,,,,,,,,
19/08/2024,2026-04.csv,,,,,,,,,,,,,,,,,,
22/08/2024,2026-04.csv,,,,,,,,,,,,,,,,,,
19/08/2024,2026-04.csv,,,,,,,,,,,,,,,,,,
23/08/2024,2026-04.csv,,,,,,,,,,,,,,,,,,
12/11/2024,2026-04.csv,,,,,,,,,,,,,,,,,,
12/11/2024,2026-04.csv,,,,,,,,,,,,,,,,,,
30/12/2024,2026-04.csv,,,,,,,,,,,,,,,,,,
07/11/2023,2026-04.csv,,,,,,,,,,,,,,,,,,
26/10/2023,2026-04.csv,,,,,,,,,,,,,,,,,,
30/10/2023,2026-04.csv,,,,,,,,,,,,,,,,,,
01/11/2023,2026-04.csv,,,,,,,,,,,,,,,,,,
01/12/2022,2026-04.csv,,,,,,,,,,,,,,,,,,
23/08/2024,2026-04.csv,,,,,,,,,,,,,,,,,,
24/03/2025,2026-04.csv,,,,,,,,,,,,,,,,,,
23/11/2022,2026-04.csv,,,,,,,,,,,,,,,,,,
02/09/2024,2026-04.csv,,,,,,,,,,,,,,,,,,
10/12/2024,2026-04.csv,,,,,,,,,,,,,,,,,,
24/09/2025,2026-04.csv,,,,,,,,,,,,,,,,,,
27/03/2025,2026-04.csv,,,,,,,,,,,,,,,,,,
12/02/2026,2026-04.csv,,,,,,,,,,,,,,,,,,
30/08/2024,2026-04.csv,,,,,,,,,,,,,,,,,,
10/01/2025,2026-04.csv,,,,,,,,,,,,,,,,,,
,2026-04.csv,,,,,,,,,,,,,,,,,,
27/05/2019,2026-04.csv,,,,,,,,,,,,,,,,,,
17/11/2014,2026-04.csv,,,,,,,,,,,,,,,,,,
,2026-04.csv,,,,,,,,,,,,,,,,,,
30/11/2018,2026-04.csv,,,,,,,,,,,,,,,,,,
18/10/2024,2026-04.csv,,,,,,,,,,,,,,,,,,
07/06/2021,2026-04.csv,,,,,,,,,,,,,,,,,,
21/02/2014,2026-04.csv,,,,,,,,,,,,,,,,,,
07/01/2026,2026-04.csv,,,,,,,,,,,,,,,,,,
28/03/2024,2026-04.csv,,,,,,,,,,,,,,,,,,
03/01/2025,2026-04.csv,,,,,,,,,,,,,,,,,,
04/07/2019,2026-04.csv,,,,,,,,,,,,,,,,,,
30/11/2018,2026-04.csv,,,,,,,,,,,,,,,,,,
24/04/2018,2026-04.csv,,,,,,,,,,,,,,,,,,
27/05/2019,2026-04.csv,,,,,,,,,,,,,,,,,,
21/11/2022,2026-04.csv,,,,,,,,,,,,,,,,,,
03/09/2025,2026-04.csv,,,,,,,,,,,,,,,,,,
06/07/2023,2026-04.csv,,,,,,,,,,,,,,,,,,
18/07/2013,2026-04.csv,,,,,,,,,,,,,,,,,,
29/12/2022,2026-04.csv,,,,,,,,,,,,,,,,,,
26/04/2018,2026-04.csv,,,,,,,,,,,,,,,,,,
27/02/2019,2026-04.csv,,,,,,,,,,,,,,,,,,
23/10/2023,2026-04.csv,,,,,,,,,,,,,,,,,,
04/09/2024,2026-04.csv,,,,,,,,,,,,,,,,,,
16/07/2025,2026-04.csv,,,,,,,,,,,,,,,,,,
16/12/2025,2026-04.csv,,,,,,,,,,,,,,,,,,
09/03/2019,2026-04.csv,,,,,,,,,,,,,,,,,,
04/09/2024,2026-04.csv,,,,,,,,,,,,,,,,,,
06/05/2020,2026-04.csv,,,,,,,,,,,,,,,,,,
12/10/2017,2026-04.csv,,,,,,,,,,,,,,,,,,
10/05/2018,2026-04.csv,,,,,,,,,,,,,,,,,,
06/05/2020,2026-04.csv,,,,,,,,,,,,,,,,,,
11/08/2017,2026-04.csv,,,,,,,,,,,,,,,,,,
11/08/2017,2026-04.csv,,,,,,,,,,,,,,,,,,
08/03/2010,2026-04.csv,,,,,,,,,,,,,,,,,,
08/03/2010,2026-04.csv,,,,,,,,,,,,,,,,,,
02/02/2017,2026-04.csv,,,,,,,,,,,,,,,,,,
15/12/2015,2026-04.csv,,,,,,,,,,,,,,,,,,
02/02/2017,2026-04.csv,,,,,,,,,,,,,,,,,,
02/02/2017,2026-04.csv,,,,,,,,,,,,,,,,,,
21/12/2016,2026-04.csv,,,,,,,,,,,,,,,,,,
18/11/2016,2026-04.csv,,,,,,,,,,,,,,,,,,
15/03/2017,2026-04.csv,,,,,,,,,,,,,,,,,,
08/07/2016,2026-04.csv,,,,,,,,,,,,,,,,,,
,2026-04.csv,,,,,,,,,,,,,,,,,,
18/11/2016,2026-04.csv,,,,,,,,,,,,,,,,,,
18/11/2016,2026-04.csv,,,,,,,,,,,,,,,,,,
18/11/2016,2026-04.csv,,,,,,,,,,,,,,,,,,
15/03/2017,2026-04.csv,,,,,,,,,,,,,,,,,,
02/02/2017,2026-04.csv,,,,,,,,,,,,,,,,,,
13/11/2015,2026-04.csv,,,,,,,,,,,,,,,,,,
15/03/2017,2026-04.csv,,,,,,,,,,,,,,,,,,
26/05/2016,2026-04.csv,,,,,,,,,,,,,,,,,,
15/03/2017,2026-04.csv,,,,,,,,,,,,,,,,,,
18/08/2020,2026-04.csv,,,,,,,,,,,,,,,,,,
01/04/2009,2026-04.csv,,,,,,,,,,,,,,,,,,
01/04/2007,2026-04.csv,,,,,,,,,,,,,,,,,,
01/04/2008,2026-04.csv,,,,,,,,,,,,,,,,,,
10/05/2002,2026-04.csv,,,,,,,,,,,,,,,,,,
01/04/1996,2026-04.csv,,,,,,,,,,,,,,,,,,
01/04/2017,2026-04.csv,,,,,,,,,,,,,,,,,,
01/04/2008,2026-04.csv,,,,,,,,,,,,,,,,,,
01/04/2005,2026-04.csv,,,,,,,,,,,,,,,,,,
03/04/1996,2026-04.csv,,,,,,,,,,,,,,,,,,
01/04/1997,2026-04.csv,,,,,,,,,,,,,,,,,,
01/04/2006,2026-04.csv,,,,,,,,,,,,,,,,,,
31/10/2023,2026-04.csv,,,,,,,,,,,,,,,,,,
01/04/2017,2026-04.csv,,,,,,,,,,,,,,,,,,
01/04/2003,2026-04.csv,,,,,,,,,,,,,,,,,,
01/04/2008,2026-04.csv,,,,,,,,,,,,,,,,,,
,2026-04.csv,,,,,,,,,,,,,,,,,,
01/04/2009,2026-04.csv,,,,,,,,,,,,,,,,,,
01/04/2008,2026-04.csv,,,,,,,,,,,,,,,,,,
01/04/2008,2026-04.csv,,,,,,,,,,,,,,,,,,
01/04/2007,2026-04.csv,,,,,,,,,,,,,,,,,,
01/04/2009,2026-04.csv,,,,,,,,,,,,,,,,,,
01/08/2017,2026-04.csv,,,,,,,,,,,,,,,,,,
01/04/2017,2026-04.csv,,,,,,,,,,,,,,,,,,
20/01/2009,2026-04.csv,,,,,,,,,,,,,,,,,,
01/04/2017,2026-04.csv,,,,,,,,,,,,,,,,,,
01/04/2007,2026-04.csv,,,,,,,,,,,,,,,,,,
03/02/2016,2026-04.csv,,,,,,,,,,,,,,,,,,
01/04/2005,2026-04.csv,,,,,,,,,,,,,,,,,,
01/04/2017,2026-04.csv,,,,,,,,,,,,,,,,,,
01/04/1996,2026-04.csv,,,,,,,,,,,,,,,,,,
01/04/2017,2026-04.csv,,,,,,,,,,,,,,,,,,
08/02/2010,2026-04.csv,,,,,,,,,,,,,,,,,,
03/04/1996,2026-04.csv,,,,,,,,,,,,,,,,,,
01/04/2011,2026-04.csv,,,,,,,,,,,,,,,,,,
28/12/1995,2026-04.csv,,,,,,,,,,,,,,,,,,
01/04/2017,2026-04.csv,,,,,,,,,,,,,,,,,,
01/04/1997,2026-04.csv,,,,,,,,,,,,,,,,,,
01/04/2014,2026-04.csv,,,,,,,,,,,,,,,,,,
01/04/2017,2026-04.csv,,,,,,,,,,,,,,,,,,
01/04/1996,2026-04.csv,,,,,,,,,,,,,,,,,,
Sanction Date,2026-01.csv,,,,,,,,,,,,,,,,,,
01/11/2021,2026-01.csv,,,,,,,,,,,,,,,,,,
30/12/2022,2026-01.csv,,,,,,,,,,,,,,,,,,
27/12/2018,2026-01.csv,,,,,,,,,,,,,,,,,,
02/06/2023,2026-01.csv,,,,,,,,,,,,,,,,,,
02/06/2023,2026-01.csv,,,,,,,,,,,,,,,,,,
10/03/2023,2026-01.csv,,,,,,,,,,,,,,,,,,
21/06/2023,2026-01.csv,,,,,,,,,,,,,,,,,,
17/06/2020,2026-01.csv,,,,,,,,,,,,,,,,,,
01/06/2022,2026-01.csv,,,,,,,,,,,,,,,,,,
10/10/2023,2026-01.csv,,,,,,,,,,,,,,,,,,
27/07/2018,2026-01.csv,,,,,,,,,,,,,,,,,,
07/06/2023,2026-01.csv,,,,,,,,,,,,,,,,,,
14/06/2022,2026-01.csv,,,,,,,,,,,,,,,,,,
,2026-01.csv,,,,,,,,,,,,,,,,,,
04/07/2024,2026-01.csv,,,,,,,,,,,,,,,,,,
03/07/2024,2026-01.csv,,,,,,,,,,,,,,,,,,
29/08/2024,2026-01.csv,,,,,,,,,,,,,,,,,,
28/08/2024,2026-01.csv,,,,,,,,,,,,,,,,,,
29/08/2025,2026-01.csv,,,,,,,,,,,,,,,,,,
18/06/2024,2026-01.csv,,,,,,,,,,,,,,,,,,
09/11/2017,2026-01.csv,,,,,,,,,,,,,,,,,,
01/12/2016,2026-01.csv,,,,,,,,,,,,,,,,,,
14/05/2018,2026-01.csv,,,,,,,,,,,,,,,,,,
04/03/2023,2026-01.csv,,,,,,,,,,,,,,,,,,
18/12/2020,2026-01.csv,,,,,,,,,,,,,,,,,,
21/11/2023,2026-01.csv,,,,,,,,,,,,,,,,,,
25/07/2016,2026-01.csv,,,,,,,,,,,,,,,,,,
08/12/2015,2026-01.csv,,,,,,,,,,,,,,,,,,
31/10/2015,2026-01.csv,,,,,,,,,,,,,,,,,,
16/11/2018,2026-01.csv,,,,,,,,,,,,,,,,,,
05/03/2016,2026-01.csv,,,,,,,,,,,,,,,,,,
10/09/2024,2026-01.csv,,,,,,,,,,,,,,,,,,
04/01/2023,2026-01.csv,,,,,,,,,,,,,,,,,,
19/09/2022,2026-01.csv,,,,,,,,,,,,,,,,,,
22/09/2018,2026-01.csv,,,,,,,,,,,,,,,,,,
12/08/2015,2026-01.csv,,,,,,,,,,,,,,,,,,
04/02/2015,2026-01.csv,,,,,,,,,,,,,,,,,,
25/07/2015,2026-01.csv,,,,,,,,,,,,,,,,,,
26/04/2024,2026-01.csv,,,,,,,,,,,,,,,,,,
19/04/2023,2026-01.csv,,,,,,,,,,,,,,,,,,
04/08/2020,2026-01.csv,,,,,,,,,,,,,,,,,,
16/12/2022,2026-01.csv,,,,,,,,,,,,,,,,,,
04/08/2020,2026-01.csv,,,,,,,,,,,,,,,,,,
07/05/2014,2026-01.csv,,,,,,,,,,,,,,,,,,
12/11/2018,2026-01.csv,,,,,,,,,,,,,,,,,,
11/02/2020,2026-01.csv,,,,,,,,,,,,,,,,,,
26/03/2024,2026-01.csv,,,,,,,,,,,,,,,,,,
25/08/2020,2026-01.csv,,,,,,,,,,,,,,,,,,
22/07/2019,2026-01.csv,,,,,,,,,,,,,,,,,,
26/03/2024,2026-01.csv,,,,,,,,,,,,,,,,,,
10/08/2021,2026-01.csv,,,,,,,,,,,,,,,,,,
04/08/2020,2026-01.csv,,,,,,,,,,,,,,,,,,
11/08/2018,2026-01.csv,,,,,,,,,,,,,,,,,,
29/12/2023,2026-01.csv,,,,,,,,,,,,,,,,,,
12/02/2019,2026-01.csv,,,,,,,,,,,,,,,,,,
11/02/2020,2026-01.csv,,,,,,,,,,,,,,,,,,
24/12/2020,2026-01.csv,,,,,,,,,,,,,,,,,,
11/02/2020,2026-01.csv,,,,,,,,,,,,,,,,,,
10/05/2021,2026-01.csv,,,,,,,,,,,,,,,,,,
11/11/2020,2026-01.csv,,,,,,,,,,,,,,,,,,
18/01/2021,2026-01.csv,,,,,,,,,,,,,,,,,,
28/10/2023,2026-01.csv,,,,,,,,,,,,,,,,,,
31/08/2019,2026-01.csv,,,,,,,,,,,,,,,,,,
08/08/2023,2026-01.csv,,,,,,,,,,,,,,,,,,
05/03/2016,2026-01.csv,,,,,,,,,,,,,,,,,,
23/03/2021,2026-01.csv,,,,,,,,,,,,,,,,,,
01/07/2019,2026-01.csv,,,,,,,,,,,,,,,,,,
23/04/2021,2026-01.csv,,,,,,,,,,,,,,,,,,
01/07/2021,2026-01.csv,,,,,,,,,,,,,,,,,,
25/04/2022,2026-01.csv,,,,,,,,,,,,,,,,,,
07/11/2022,2026-01.csv,,,,,,,,,,,,,,,,,,
10/08/2022,2026-01.csv,,,,,,,,,,,,,,,,,,
01/08/2017,2026-01.csv,,,,,,,,,,,,,,,,,,
19/04/2023,2026-01.csv,,,,,,,,,,,,,,,,,,
22/05/2018,2026-01.csv,,,,,,,,,,,,,,,,,,
29/12/2023,2026-01.csv,,,,,,,,,,,,,,,,,,
03/02/2020,2026-01.csv,,,,,,,,,,,,,,,,,,
01/12/2021,2026-01.csv,,,,,,,,,,,,,,,,,,
27/02/2025,2026-01.csv,,,,,,,,,,,,,,,,,,
16/04/2020,2026-01.csv,,,,,,,,,,,,,,,,,,
25/08/2020,2026-01.csv,,,,,,,,,,,,,,,,,,
30/01/2024,2026-01.csv,,,,,,,,,,,,,,,,,,
19/08/2017,2026-01.csv,,,,,,,,,,,,,,,,,,
01/03/2016,2026-01.csv,,,,,,,,,,,,,,,,,,
17/12/2014,2026-01.csv,,,,,,,,,,,,,,,,,,
24/01/2022,2026-01.csv,,,,,,,,,,,,,,,,,,
29/01/2023,2026-01.csv,,,,,,,,,,,,,,,,,,
25/06/2021,2026-01.csv,,,,,,,,,,,,,,,,,,
05/06/2024,2026-01.csv,,,,,,,,,,,,,,,,,,
28/01/2023,2026-01.csv,,,,,,,,,,,,,,,,,,
24/01/2022,2026-01.csv,,,,,,,,,,,,,,,,,,
04/08/2020,2026-01.csv,,,,,,,,,,,,,,,,,,
29/11/2024,2026-01.csv,,,,,,,,,,,,,,,,,,
24/05/2018,2026-01.csv,,,,,,,,,,,,,,,,,,
14/06/2022,2026-01.csv,,,,,,,,,,,,,,,,,,
13/01/2025,2026-01.csv,,,,,,,,,,,,,,,,,,
12/08/2009,2026-01.csv,,,,,,,,,,,,,,,,,,
11/11/2020,2026-01.csv,,,,,,,,,,,,,,,,,,
12/08/2011,2026-01.csv,,,,,,,,,,,,,,,,,,
14/02/2011,2026-01.csv,,,,,,,,,,,,,,,,,,
05/06/2024,2026-01.csv,,,,,,,,,,,,,,,,,,
01/03/2020,2026-01.csv,,,,,,,,,,,,,,,,,,
11/08/2018,2026-01.csv,,,,,,,,,,,,,,,,,,
25/05/2019,2026-01.csv,,,,,,,,,,,,,,,,,,
11/11/2020,2026-01.csv,,,,,,,,,,,,,,,,,,
27/08/2016,2026-01.csv,,,,,,,,,,,,,,,,,,
12/07/2021,2026-01.csv,,,,,,,,,,,,,,,,,,
10/03/2016,2026-01.csv,,,,,,,,,,,,,,,,,,
29/11/2024,2026-01.csv,,,,,,,,,,,,,,,,,,
31/01/2023,2026-01.csv,,,,,,,,,,,,,,,,,,
14/10/2022,2026-01.csv,,,,,,,,,,,,,,,,,,
24/12/2020,2026-01.csv,,,,,,,,,,,,,,,,,,
23/12/2009,2026-01.csv,,,,,,,,,,,,,,,,,,
22/07/2019,2026-01.csv,,,,,,,,,,,,,,,,,,
25/06/2025,2026-01.csv,,,,,,,,,,,,,,,,,,
30/05/2025,2026-01.csv,,,,,,,,,,,,,,,,,,
04/08/2020,2026-01.csv,,,,,,,,,,,,,,,,,,
02/02/2017,2026-01.csv,,,,,,,,,,,,,,,,,,
04/11/2022,2026-01.csv,,,,,,,,,,,,,,,,,,
28/12/2021,2026-01.csv,,,,,,,,,,,,,,,,,,
26/03/2024,2026-01.csv,,,,,,,,,,,,,,,,,,
31/01/2022,2026-01.csv,,,,,,,,,,,,,,,,,,
25/08/2025,2026-01.csv,,,,,,,,,,,,,,,,,,
04/08/2020,2026-01.csv,,,,,,,,,,,,,,,,,,
29/07/2022,2026-01.csv,,,,,,,,,,,,,,,,,,
16/04/2020,2026-01.csv,,,,,,,,,,,,,,,,,,
02/02/2021,2026-01.csv,,,,,,,,,,,,,,,,,,
22/05/2018,2026-01.csv,,,,,,,,,,,,,,,,,,
05/05/2022,2026-01.csv,,,,,,,,,,,,,,,,,,
04/05/2020,2026-01.csv,,,,,,,,,,,,,,,,,,
28/07/2021,2026-01.csv,,,,,,,,,,,,,,,,,,
29/05/2021,2026-01.csv,,,,,,,,,,,,,,,,,,
31/10/2022,2026-01.csv,,,,,,,,,,,,,,,,,,
04/11/2020,2026-01.csv,,,,,,,,,,,,,,,,,,
04/11/2019,2026-01.csv,,,,,,,,,,,,,,,,,,
05/07/2022,2026-01.csv,,,,,,,,,,,,,,,,,,
31/01/2023,2026-01.csv,,,,,,,,,,,,,,,,,,
28/11/2022,2026-01.csv,,,,,,,,,,,,,,,,,,
16/11/2018,2026-01.csv,,,,,,,,,,,,,,,,,,
29/07/2022,2026-01.csv,,,,,,,,,,,,,,,,,,
01/10/2020,2026-01.csv,,,,,,,,,,,,,,,,,,
29/01/2024,2026-01.csv,,,,,,,,,,,,,,,,,,
01/02/2019,2026-01.csv,,,,,,,,,,,,,,,,,,
10/07/2016,2026-01.csv,,,,,,,,,,,,,,,,,,
19/03/2024,2026-01.csv,,,,,,,,,,,,,,,,,,
16/04/2019,2026-01.csv,,,,,,,,,,,,,,,,,,
,2026-01.csv,,,,,,,,,,,,,,,,,,
22/07/2022,2026-01.csv,,,,,,,,,,,,,,,,,,
22/06/2020,2026-01.csv,,,,,,,,,,,,,,,,,,
30/06/2020,2026-01.csv,,,,,,,,,,,,,,,,,,
17/09/2009,2026-01.csv,,,,,,,,,,,,,,,,,,
01/08/2024,2026-01.csv,,,,,,,,,,,,,,,,,,
01/03/2019,2026-01.csv,,,,,,,,,,,,,,,,,,
01/07/2017,2026-01.csv,,,,,,,,,,,,,,,,,,
17/09/2009,2026-01.csv,,,,,,,,,,,,,,,,,,
18/09/2019,2026-01.csv,,,,,,,,,,,,,,,,,,
28/12/2020,2026-01.csv,,,,,,,,,,,,,,,,,,
10/03/2021,2026-01.csv,,,,,,,,,,,,,,,,,,
01/10/2019,2026-01.csv,,,,,,,,,,,,,,,,,,
17/09/2009,2026-01.csv,,,,,,,,,,,,,,,,,,
29/09/2022,2026-01.csv,,,,,,,,,,,,,,,,,,
01/08/2020,2026-01.csv,,,,,,,,,,,,,,,,,,
30/09/2024,2026-01.csv,,,,,,,,,,,,,,,,,,
17/09/2009,2026-01.csv,,,,,,,,,,,,,,,,,,
17/09/2009,2026-01.csv,,,,,,,,,,,,,,,,,,
12/02/2024,2026-01.csv,,,,,,,,,,,,,,,,,,
17/09/2018,2026-01.csv,,,,,,,,,,,,,,,,,,
25/06/2018,2026-01.csv,,,,,,,,,,,,,,,,,,
28/03/2023,2026-01.csv,,,,,,,,,,,,,,,,,,
24/10/2018,2026-01.csv,,,,,,,,,,,,,,,,,,
17/09/2009,2026-01.csv,,,,,,,,,,,,,,,,,,
29/05/2025,2026-01.csv,,,,,,,,,,,,,,,,,,
29/05/2025,2026-01.csv,,,,,,,,,,,,,,,,,,
27/12/2023,2026-01.csv,,,,,,,,,,,,,,,,,,
29/05/2019,2026-01.csv,,,,,,,,,,,,,,,,,,
,2026-01.csv,,,,,,,,,,,,,,,,,,
21/07/2022,2026-01.csv,,,,,,,,,,,,,,,,,,
21/07/2022,2026-01.csv,,,,,,,,,,,,,,,,,,
21/07/2022,2026-01.csv,,,,,,,,,,,,,,,,,,
05/08/2023,2026-01.csv,,,,,,,,,,,,,,,,,,
21/07/2022,2026-01.csv,,,,,,,,,,,,,,,,,,
01/08/2023,2026-01.csv,,,,,,,,,,,,,,,,,,
27/07/2016,2026-01.csv,,,,,,,,,,,,,,,,,,
25/01/2017,2026-01.csv,,,,,,,,,,,,,,,,,,
11/12/2024,2026-01.csv,,,,,,,,,,,,,,,,,,
11/12/2024,2026-01.csv,,,,,,,,,,,,,,,,,,
,2026-01.csv,,,,,,,,,,,,,,,,,,
26/03/2021,2026-01.csv,,,,,,,,,,,,,,,,,,
08/03/2019,2026-01.csv,,,,,,,,,,,,,,,,,,
01/10/2020,2026-01.csv,,,,,,,,,,,,,,,,,,
27/02/2023,2026-01.csv,,,,,,,,,,,,,,,,,,
05/11/2024,2026-01.csv,,,,,,,,,,,,,,,,,,
25/06/2019,2026-01.csv,,,,,,,,,,,,,,,,,,
08/03/2019,2026-01.csv,,,,,,,,,,,,,,,,,,
28/04/2023,2026-01.csv,,,,,,,,,,,,,,,,,,
10/05/2022,2026-01.csv,,,,,,,,,,,,,,,,,,
29/08/2023,2026-01.csv,,,,,,,,,,,,,,,,,,
20/11/2020,2026-01.csv,,,,,,,,,,,,,,,,,,
05/11/2024,2026-01.csv,,,,,,,,,,,,,,,,,,
28/10/2014,2026-01.csv,,,,,,,,,,,,,,,,,,
07/11/2017,2026-01.csv,,,,,,,,,,,,,,,,,,
30/01/2023,2026-01.csv,,,,,,,,,,,,,,,,,,
10/09/2014,2026-01.csv,,,,,,,,,,,,,,,,,,
30/03/2021,2026-01.csv,,,,,,,,,,,,,,,,,,
11/02/2021,2026-01.csv,,,,,,,,,,,,,,,,,,
03/03/2024,2026-01.csv,,,,,,,,,,,,,,,,,,
20/09/2024,2026-01.csv,,,,,,,,,,,,,,,,,,
09/09/2003,2026-01.csv,,,,,,,,,,,,,,,,,,
12/01/2023,2026-01.csv,,,,,,,,,,,,,,,,,,
25/08/2022,2026-01.csv,,,,,,,,,,,,,,,,,,
16/11/2006,2026-01.csv,,,,,,,,,,,,,,,,,,
08/03/2019,2026-01.csv,,,,,,,,,,,,,,,,,,
08/07/2006,2026-01.csv,,,,,,,,,,,,,,,,,,
21/08/2008,2026-01.csv,,,,,,,,,,,,,,,,,,
27/06/2017,2026-01.csv,,,,,,,,,,,,,,,,,,
29/05/2023,2026-01.csv,,,,,,,,,,,,,,,,,,
28/08/2024,2026-01.csv,,,,,,,,,,,,,,,,,,
30/03/2023,2026-01.csv,,,,,,,,,,,,,,,,,,
31/01/2022,2026-01.csv,,,,,,,,,,,,,,,,,,
28/06/2022,2026-01.csv,,,,,,,,,,,,,,,,,,
29/09/2022,2026-01.csv,,,,,,,,,,,,,,,,,,
31/12/2018,2026-01.csv,,,,,,,,,,,,,,,,,,
31/01/2022,2026-01.csv,,,,,,,,,,,,,,,,,,
04/07/2024,2026-01.csv,,,,,,,,,,,,,,,,,,
09/11/2012,2026-01.csv,,,,,,,,,,,,,,,,,,
20/12/2021,2026-01.csv,,,,,,,,,,,,,,,,,,
28/01/2019,2026-01.csv,,,,,,,,,,,,,,,,,,
07/12/2023,2026-01.csv,,,,,,,,,,,,,,,,,,
09/10/2017,2026-01.csv,,,,,,,,,,,,,,,,,,
29/03/2023,2026-01.csv,,,,,,,,,,,,,,,,,,
12/09/2019,2026-01.csv,,,,,,,,,,,,,,,,,,
17/12/2018,2026-01.csv,,,,,,,,,,,,,,,,,,
,2026-01.csv,,,,,,,,,,,,,,,,,,
10/01/2019,2026-01.csv,,,,,,,,,,,,,,,,,,
28/02/2019,2026-01.csv,,,,,,,,,,,,,,,,,,
10/01/2019,2026-01.csv,,,,,,,,,,,,,,,,,,
17/12/2018,2026-01.csv,,,,,,,,,,,,,,,,,,
15/06/2018,2026-01.csv,,,,,,,,,,,,,,,,,,
06/10/2018,2026-01.csv,,,,,,,,,,,,,,,,,,
27/01/2020,2026-01.csv,,,,,,,,,,,,,,,,,,
07/03/2019,2026-01.csv,,,,,,,,,,,,,,,,,,
19/02/2020,2026-01.csv,,,,,,,,,,,,,,,,,,
27/11/2019,2026-01.csv,,,,,,,,,,,,,,,,,,
05/09/2023,2026-01.csv,,,,,,,,,,,,,,,,,,
24/02/2023,2026-01.csv,,,,,,,,,,,,,,,,,,
19/10/2023,2026-01.csv,,,,,,,,,,,,,,,,,,
04/08/2023,2026-01.csv,,,,,,,,,,,,,,,,,,
20/09/2022,2026-01.csv,,,,,,,,,,,,,,,,,,
25/08/2021,2026-01.csv,,,,,,,,,,,,,,,,,,
05/04/2022,2026-01.csv,,,,,,,,,,,,,,,,,,
08/12/2021,2026-01.csv,,,,,,,,,,,,,,,,,,
04/10/2022,2026-01.csv,,,,,,,,,,,,,,,,,,
25/10/2016,2026-01.csv,,,,,,,,,,,,,,,,,,
11/09/2025,2026-01.csv,,,,,,,,,,,,,,,,,,
18/06/2022,2026-01.csv,,,,,,,,,,,,,,,,,,
13/06/2019,2026-01.csv,,,,,,,,,,,,,,,,,,
16/07/2019,2026-01.csv,,,,,,,,,,,,,,,,,,
10/12/2010,2026-01.csv,,,,,,,,,,,,,,,,,,
18/02/2015,2026-01.csv,,,,,,,,,,,,,,,,,,
18/02/2015,2026-01.csv,,,,,,,,,,,,,,,,,,
24/05/2018,2026-01.csv,,,,,,,,,,,,,,,,,,
28/10/2013,2026-01.csv,,,,,,,,,,,,,,,,,,
06/12/2017,2026-01.csv,,,,,,,,,,,,,,,,,,
22/02/2021,2026-01.csv,,,,,,,,,,,,,,,,,,
22/02/2021,2026-01.csv,,,,,,,,,,,,,,,,,,
26/08/2022,2026-01.csv,,,,,,,,,,,,,,,,,,
26/12/2008,2026-01.csv,,,,,,,,,,,,,,,,,,
13/08/2019,2026-01.csv,,,,,,,,,,,,,,,,,,
01/01/2018,2026-01.csv,,,,,,,,,,,,,,,,,,
03/01/2018,2026-01.csv,,,,,,,,,,,,,,,,,,
16/05/2018,2026-01.csv,,,,,,,,,,,,,,,,,,
27/09/2017,2026-01.csv,,,,,,,,,,,,,,,,,,
,2026-01.csv,,,,,,,,,,,,,,,,,,
21/04/2017,2026-01.csv,,,,,,,,,,,,,,,,,,
30/09/2011,2026-01.csv,,,,,,,,,,,,,,,,,,
14/05/2018,2026-01.csv,,,,,,,,,,,,,,,,,,
11/11/2017,2026-01.csv,,,,,,,,,,,,,,,,,,
12/08/2021,2026-01.csv,,,,,,,,,,,,,,,,,,
19/05/2020,2026-01.csv,,,,,,,,,,,,,,,,,,
08/04/2021,2026-01.csv,,,,,,,,,,,,,,,,,,
06/03/2025,2026-01.csv,,,,,,,,,,,,,,,,,,
22/08/2022,2026-01.csv,,,,,,,,,,,,,,,,,,
12/09/2024,2026-01.csv,,,,,,,,,,,,,,,,,,
18/08/2023,2026-01.csv,,,,,,,,,,,,,,,,,,
06/04/2022,2026-01.csv,,,,,,,,,,,,,,,,,,
30/01/2020,2026-01.csv,,,,,,,,,,,,,,,,,,
18/09/2023,2026-01.csv,,,,,,,,,,,,,,,,,,
16/05/2024,2026-01.csv,,,,,,,,,,,,,,,,,,
28/06/2022,2026-01.csv,,,,,,,,,,,,,,,,,,
26/02/2021,2026-01.csv,,,,,,,,,,,,,,,,,,
03/09/2021,2026-01.csv,,,,,,,,,,,,,,,,,,
14/06/2022,2026-01.csv,,,,,,,,,,,,,,,,,,
17/06/2022,2026-01.csv,,,,,,,,,,,,,,,,,,
28/02/2022,2026-01.csv,,,,,,,,,,,,,,,,,,
13/06/2022,2026-01.csv,,,,,,,,,,,,,,,,,,
13/01/2006,2026-01.csv,,,,,,,,,,,,,,,,,,
15/03/2022,2026-01.csv,,,,,,,,,,,,,,,,,,
23/03/2022,2026-01.csv,,,,,,,,,,,,,,,,,,
15/03/2022,2026-01.csv,,,,,,,,,,,,,,,,,,
15/03/2022,2026-01.csv,,,,,,,,,,,,,,,,,,
29/03/2022,2026-01.csv,,,,,,,,,,,,,,,,,,
21/12/2022,2026-01.csv,,,,,,,,,,,,,,,,,,
21/12/2022,2026-01.csv,,,,,,,,,,,,,,,,,,
21/12/2022,2026-01.csv,,,,,,,,,,,,,,,,,,
21/12/2022,2026-01.csv,,,,,,,,,,,,,,,,,,
21/12/2022,2026-01.csv,,,,,,,,,,,,,,,,,,
21/12/2022,2026-01.csv,,,,,,,,,,,,,,,,,,
20/12/2022,2026-01.csv,,,,,,,,,,,,,,,,,,
21/01/2022,2026-01.csv,,,,,,,,,,,,,,,,,,
19/04/2022,2026-01.csv,,,,,,,,,,,,,,,,,,
29/12/2020,2026-01.csv,,,,,,,,,,,,,,,,,,
08/03/2022,2026-01.csv,,,,,,,,,,,,,,,,,,
21/04/2021,2026-01.csv,,,,,,,,,,,,,,,,,,
29/06/2022,2026-01.csv,,,,,,,,,,,,,,,,,,
05/08/2021,2026-01.csv,,,,,,,,,,,,,,,,,,
22/03/2024,2026-01.csv,,,,,,,,,,,,,,,,,,
21/11/2019,2026-01.csv,,,,,,,,,,,,,,,,,,
10/01/2018,2026-01.csv,,,,,,,,,,,,,,,,,,
03/03/2020,2026-01.csv,,,,,,,,,,,,,,,,,,
01/03/2017,2026-01.csv,,,,,,,,,,,,,,,,,,
15/05/2023,2026-01.csv,,,,,,,,,,,,,,,,,,
12/07/2023,2026-01.csv,,,,,,,,,,,,,,,,,,
19/05/2021,2026-01.csv,,,,,,,,,,,,,,,,,,
09/11/2022,2026-01.csv,,,,,,,,,,,,,,,,,,
19/06/2024,2026-01.csv,,,,,,,,,,,,,,,,,,
23/09/2021,2026-01.csv,,,,,,,,,,,,,,,,,,
27/06/2019,2026-01.csv,,,,,,,,,,,,,,,,,,
31/01/2022,2026-01.csv,,,,,,,,,,,,,,,,,,
01/03/2023,2026-01.csv,,,,,,,,,,,,,,,,,,
22/12/2020,2026-01.csv,,,,,,,,,,,,,,,,,,
31/01/2022,2026-01.csv,,,,,,,,,,,,,,,,,,
26/05/2023,2026-01.csv,,,,,,,,,,,,,,,,,,
31/07/2020,2026-01.csv,,,,,,,,,,,,,,,,,,
30/08/2022,2026-01.csv,,,,,,,,,,,,,,,,,,
28/03/2016,2026-01.csv,,,,,,,,,,,,,,,,,,
22/06/2009,2026-01.csv,,,,,,,,,,,,,,,,,,
09/02/2023,2026-01.csv,,,,,,,,,,,,,,,,,,
22/01/2024,2026-01.csv,,,,,,,,,,,,,,,,,,
22/12/2015,2026-01.csv,,,,,,,,,,,,,,,,,,
16/12/2024,2026-01.csv,,,,,,,,,,,,,,,,,,
07/07/2011,2026-01.csv,,,,,,,,,,,,,,,,,,
29/06/2022,2026-01.csv,,,,,,,,,,,,,,,,,,
15/06/2020,2026-01.csv,,,,,,,,,,,,,,,,,,
01/04/2020,2026-01.csv,,,,,,,,,,,,,,,,,,
27/07/2020,2026-01.csv,,,,,,,,,,,,,,,,,,
01/07/2021,2026-01.csv,,,,,,,,,,,,,,,,,,
10/11/2022,2026-01.csv,,,,,,,,,,,,,,,,,,
21/09/2020,2026-01.csv,,,,,,,,,,,,,,,,,,
27/01/2023,2026-01.csv,,,,,,,,,,,,,,,,,,
18/12/2024,2026-01.csv,,,,,,,,,,,,,,,,,,
15/05/2023,2026-01.csv,,,,,,,,,,,,,,,,,,
16/03/2022,2026-01.csv,,,,,,,,,,,,,,,,,,
12/04/2023,2026-01.csv,,,,,,,,,,,,,,,,,,
30/10/2023,2026-01.csv,,,,,,,,,,,,,,,,,,
05/03/2019,2026-01.csv,,,,,,,,,,,,,,,,,,
05/09/2024,2026-01.csv,,,,,,,,,,,,,,,,,,
20/06/2024,2026-01.csv,,,,,,,,,,,,,,,,,,
23/04/2021,2026-01.csv,,,,,,,,,,,,,,,,,,
23/02/2017,2026-01.csv,,,,,,,,,,,,,,,,,,
13/08/2021,2026-01.csv,,,,,,,,,,,,,,,,,,
01/03/2023,2026-01.csv,,,,,,,,,,,,,,,,,,
27/05/2022,2026-01.csv,,,,,,,,,,,,,,,,,,
19/04/2022,2026-01.csv,,,,,,,,,,,,,,,,,,
30/11/2022,2026-01.csv,,,,,,,,,,,,,,,,,,
31/01/2022,2026-01.csv,,,,,,,,,,,,,,,,,,
27/10/2023,2026-01.csv,,,,,,,,,,,,,,,,,,
19/12/2023,2026-01.csv,,,,,,,,,,,,,,,,,,
08/11/2021,2026-01.csv,,,,,,,,,,,,,,,,,,
30/09/2024,2026-01.csv,,,,,,,,,,,,,,,,,,
21/06/2021,2026-01.csv,,,,,,,,,,,,,,,,,,
11/09/2024,2026-01.csv,,,,,,,,,,,,,,,,,,
22/05/2018,2026-01.csv,,,,,,,,,,,,,,,,,,
27/02/2018,2026-01.csv,,,,,,,,,,,,,,,,,,
19/04/2023,2026-01.csv,,,,,,,,,,,,,,,,,,
11/04/2023,2026-01.csv,,,,,,,,,,,,,,,,,,
11/07/2013,2026-01.csv,,,,,,,,,,,,,,,,,,
12/09/2022,2026-01.csv,,,,,,,,,,,,,,,,,,
03/10/2024,2026-01.csv,,,,,,,,,,,,,,,,,,
14/09/2015,2026-01.csv,,,,,,,,,,,,,,,,,,
30/05/2017,2026-01.csv,,,,,,,,,,,,,,,,,,
07/03/2016,2026-01.csv,,,,,,,,,,,,,,,,,,
04/09/2015,2026-01.csv,,,,,,,,,,,,,,,,,,
30/09/2022,2026-01.csv,,,,,,,,,,,,,,,,,,
30/09/2022,2026-01.csv,,,,,,,,,,,,,,,,,,
15/09/2022,2026-01.csv,,,,,,,,,,,,,,,,,,
03/02/2023,2026-01.csv,,,,,,,,,,,,,,,,,,
08/12/2022,2026-01.csv,,,,,,,,,,,,,,,,,,
12/09/2022,2026-01.csv,,,,,,,,,,,,,,,,,,
20/04/2017,2026-01.csv,,,,,,,,,,,,,,,,,,
01/06/2022,2026-01.csv,,,,,,,,,,,,,,,,,,
01/01/1999,2026-01.csv,,,,,,,,,,,,,,,,,,
19/02/2024,2026-01.csv,,,,,,,,,,,,,,,,,,
01/04/2019,2026-01.csv,,,,,,,,,,,,,,,,,,
30/04/2020,2026-01.csv,,,,,,,,,,,,,,,,,,
01/04/2019,2026-01.csv,,,,,,,,,,,,,,,,,,
31/03/2013,2026-01.csv,,,,,,,,,,,,,,,,,,
25/10/2023,2026-01.csv,,,,,,,,,,,,,,,,,,
29/06/2018,2026-01.csv,,,,,,,,,,,,,,,,,,
25/05/2023,2026-01.csv,,,,,,,,,,,,,,,,,,
25/10/2024,2026-01.csv,,,,,,,,,,,,,,,,,,
19/08/2024,2026-01.csv,,,,,,,,,,,,,,,,,,
04/10/2013,2026-01.csv,,,,,,,,,,,,,,,,,,
03/10/2018,2026-01.csv,,,,,,,,,,,,,,,,,,
01/04/2019,2026-01.csv,,,,,,,,,,,,,,,,,,
21/10/2020,2026-01.csv,,,,,,,,,,,,,,,,,,
20/02/2018,2026-01.csv,,,,,,,,,,,,,,,,,,
19/08/2024,2026-01.csv,,,,,,,,,,,,,,,,,,
01/01/2019,2026-01.csv,,,,,,,,,,,,,,,,,,
31/03/2016,2026-01.csv,,,,,,,,,,,,,,,,,,
15/03/2010,2026-01.csv,,,,,,,,,,,,,,,,,,
07/10/2022,2026-01.csv,,,,,,,,,,,,,,,,,,
07/09/2020,2026-01.csv,,,,,,,,,,,,,,,,,,
05/10/2015,2026-01.csv,,,,,,,,,,,,,,,,,,
11/07/2020,2026-01.csv,,,,,,,,,,,,,,,,,,
31/03/2009,2026-01.csv,,,,,,,,,,,,,,,,,,
01/03/2018,2026-01.csv,,,,,,,,,,,,,,,,,,
01/02/2023,2026-01.csv,,,,,,,,,,,,,,,,,,
01/06/2022,2026-01.csv,,,,,,,,,,,,,,,,,,
30/01/2014,2026-01.csv,,,,,,,,,,,,,,,,,,
19/08/2024,2026-01.csv,,,,,,,,,,,,,,,,,,
10/11/2017,2026-01.csv,,,,,,,,,,,,,,,,,,
15/02/2018,2026-01.csv,,,,,,,,,,,,,,,,,,
09/09/2024,2026-01.csv,,,,,,,,,,,,,,,,,,
31/03/2013,2026-01.csv,,,,,,,,,,,,,,,,,,
19/11/2008,2026-01.csv,,,,,,,,,,,,,,,,,,
25/08/2023,2026-01.csv,,,,,,,,,,,,,,,,,,
05/12/2017,2026-01.csv,,,,,,,,,,,,,,,,,,
29/12/2010,2026-01.csv,,,,,,,,,,,,,,,,,,
07/06/2024,2026-01.csv,,,,,,,,,,,,,,,,,,
01/03/2019,2026-01.csv,,,,,,,,,,,,,,,,,,
31/05/2022,2026-01.csv,,,,,,,,,,,,,,,,,,
11/11/2022,2026-01.csv,,,,,,,,,,,,,,,,,,
,2026-01.csv,,,,,,,,,,,,,,,,,,
15/07/2009,2026-01.csv,,,,,,,,,,,,,,,,,,
05/12/2025,2026-01.csv,,,,,,,,,,,,,,,,,,
28/02/2008,2026-01.csv,,,,,,,,,,,,,,,,,,
01/01/2023,2026-01.csv,,,,,,,,,,,,,,,,,,
,2026-01.csv,,,,,,,,,,,,,,,,,,
31/03/2022,2026-01.csv,,,,,,,,,,,,,,,,,,
31/01/2019,2026-01.csv,,,,,,,,,,,,,,,,,,
26/08/2015,2026-01.csv,,,,,,,,,,,,,,,,,,
30/01/2025,2026-01.csv,,,,,,,,,,,,,,,,,,
28/08/2023,2026-01.csv,,,,,,,,,,,,,,,,,,
29/03/2023,2026-01.csv,,,,,,,,,,,,,,,,,,
19/02/2024,2026-01.csv,,,,,,,,,,,,,,,,,,
25/08/2023,2026-01.csv,,,,,,,,,,,,,,,,,,
06/12/2023,2026-01.csv,,,,,,,,,,,,,,,,,,
21/11/2022,2026-01.csv,,,,,,,,,,,,,,,,,,
04/10/2017,2026-01.csv,,,,,,,,,,,,,,,,,,
25/08/2023,2026-01.csv,,,,,,,,,,,,,,,,,,
31/03/2016,2026-01.csv,,,,,,,,,,,,,,,,,,
31/03/2016,2026-01.csv,,,,,,,,,,,,,,,,,,
20/02/2013,2026-01.csv,,,,,,,,,,,,,,,,,,
08/12/2015,2026-01.csv,,,,,,,,,,,,,,,,,,
12/09/2022,2026-01.csv,,,,,,,,,,,,,,,,,,
19/08/2022,2026-01.csv,,,,,,,,,,,,,,,,,,
02/09/2016,2026-01.csv,,,,,,,,,,,,,,,,,,
15/03/2010,2026-01.csv,,,,,,,,,,,,,,,,,,
03/04/2023,2026-01.csv,,,,,,,,,,,,,,,,,,
19/08/2002,2026-01.csv,,,,,,,,,,,,,,,,,,
11/04/2023,2026-01.csv,,,,,,,,,,,,,,,,,,
19/04/2023,2026-01.csv,,,,,,,,,,,,,,,,,,
02/09/2025,2026-01.csv,,,,,,,,,,,,,,,,,,
01/04/2013,2026-01.csv,,,,,,,,,,,,,,,,,,
09/09/2022,2026-01.csv,,,,,,,,,,,,,,,,,,
01/07/2011,2026-01.csv,,,,,,,,,,,,,,,,,,
05/04/2014,2026-01.csv,,,,,,,,,,,,,,,,,,
29/01/2018,2026-01.csv,,,,,,,,,,,,,,,,,,
14/10/2025,2026-01.csv,,,,,,,,,,,,,,,,,,
09/04/2025,2026-01.csv,,,,,,,,,,,,,,,,,,
01/03/2023,2026-01.csv,,,,,,,,,,,,,,,,,,
25/08/2023,2026-01.csv,,,,,,,,,,,,,,,,,,
01/04/2019,2026-01.csv,,,,,,,,,,,,,,,,,,
27/07/2023,2026-01.csv,,,,,,,,,,,,,,,,,,
31/03/2017,2026-01.csv,,,,,,,,,,,,,,,,,,
30/09/2020,2026-01.csv,,,,,,,,,,,,,,,,,,
31/03/2011,2026-01.csv,,,,,,,,,,,,,,,,,,
05/10/2007,2026-01.csv,,,,,,,,,,,,,,,,,,
13/09/2018,2026-01.csv,,,,,,,,,,,,,,,,,,
31/03/2010,2026-01.csv,,,,,,,,,,,,,,,,,,
20/07/2015,2026-01.csv,,,,,,,,,,,,,,,,,,
01/04/2014,2026-01.csv,,,,,,,,,,,,,,,,,,
21/08/2019,2026-01.csv,,,,,,,,,,,,,,,,,,
02/09/2016,2026-01.csv,,,,,,,,,,,,,,,,,,
08/12/2015,2026-01.csv,,,,,,,,,,,,,,,,,,
10/11/2017,2026-01.csv,,,,,,,,,,,,,,,,,,
18/11/2015,2026-01.csv,,,,,,,,,,,,,,,,,,
21/08/2015,2026-01.csv,,,,,,,,,,,,,,,,,,
18/02/2018,2026-01.csv,,,,,,,,,,,,,,,,,,
04/07/2017,2026-01.csv,,,,,,,,,,,,,,,,,,
14/03/2023,2026-01.csv,,,,,,,,,,,,,,,,,,
30/09/2016,2026-01.csv,,,,,,,,,,,,,,,,,,
01/03/2018,2026-01.csv,,,,,,,,,,,,,,,,,,
05/10/2021,2026-01.csv,,,,,,,,,,,,,,,,,,
08/09/2016,2026-01.csv,,,,,,,,,,,,,,,,,,
31/03/2013,2026-01.csv,,,,,,,,,,,,,,,,,,
28/06/2010,2026-01.csv,,,,,,,,,,,,,,,,,,
05/03/2010,2026-01.csv,,,,,,,,,,,,,,,,,,
27/01/2014,2026-01.csv,,,,,,,,,,,,,,,,,,
28/07/2015,2026-01.csv,,,,,,,,,,,,,,,,,,
26/08/2022,2026-01.csv,,,,,,,,,,,,,,,,,,
02/06/2016,2026-01.csv,,,,,,,,,,,,,,,,,,
31/03/2016,2026-01.csv,,,,,,,,,,,,,,,,,,
19/09/2017,2026-01.csv,,,,,,,,,,,,,,,,,,
31/03/2013,2026-01.csv,,,,,,,,,,,,,,,,,,
20/04/2019,2026-01.csv,,,,,,,,,,,,,,,,,,
05/09/2016,2026-01.csv,,,,,,,,,,,,,,,,,,
11/04/2025,2026-01.csv,,,,,,,,,,,,,,,,,,
05/03/2016,2026-01.csv,,,,,,,,,,,,,,,,,,
13/09/2018,2026-01.csv,,,,,,,,,,,,,,,,,,
31/03/1994,2026-01.csv,,,,,,,,,,,,,,,,,,
24/06/2025,2026-01.csv,,,,,,,,,,,,,,,,,,
04/11/2004,2026-01.csv,,,,,,,,,,,,,,,,,,
08/12/2015,2026-01.csv,,,,,,,,,,,,,,,,,,
14/07/2023,2026-01.csv,,,,,,,,,,,,,,,,,,
31/03/2009,2026-01.csv,,,,,,,,,,,,,,,,,,
03/04/2023,2026-01.csv,,,,,,,,,,,,,,,,,,
01/01/2014,2026-01.csv,,,,,,,,,,,,,,,,,,
16/05/2016,2026-01.csv,,,,,,,,,,,,,,,,,,
22/03/2017,2026-01.csv,,,,,,,,,,,,,,,,,,
24/01/2007,2026-01.csv,,,,,,,,,,,,,,,,,,
27/08/2021,2026-01.csv,,,,,,,,,,,,,,,,,,
01/03/2019,2026-01.csv,,,,,,,,,,,,,,,,,,
19/02/2024,2026-01.csv,,,,,,,,,,,,,,,,,,
19/02/2024,2026-01.csv,,,,,,,,,,,,,,,,,,
12/09/2022,2026-01.csv,,,,,,,,,,,,,,,,,,
16/07/2016,2026-01.csv,,,,,,,,,,,,,,,,,,
13/09/2018,2026-01.csv,,,,,,,,,,,,,,,,,,
01/04/2012,2026-01.csv,,,,,,,,,,,,,,,,,,
11/12/2015,2026-01.csv,,,,,,,,,,,,,,,,,,
17/01/2017,2026-01.csv,,,,,,,,,,,,,,,,,,
01/09/2012,2026-01.csv,,,,,,,,,,,,,,,,,,
08/12/2015,2026-01.csv,,,,,,,,,,,,,,,,,,
25/08/2023,2026-01.csv,,,,,,,,,,,,,,,,,,
25/09/2019,2026-01.csv,,,,,,,,,,,,,,,,,,
01/04/2019,2026-01.csv,,,,,,,,,,,,,,,,,,
09/05/2008,2026-01.csv,,,,,,,,,,,,,,,,,,
30/11/2016,2026-01.csv,,,,,,,,,,,,,,,,,,
31/03/2015,2026-01.csv,,,,,,,,,,,,,,,,,,
09/02/2011,2026-01.csv,,,,,,,,,,,,,,,,,,
01/03/2018,2026-01.csv,,,,,,,,,,,,,,,,,,
17/05/2022,2026-01.csv,,,,,,,,,,,,,,,,,,
31/03/2012,2026-01.csv,,,,,,,,,,,,,,,,,,
24/07/2008,2026-01.csv,,,,,,,,,,,,,,,,,,
01/10/2019,2026-01.csv,,,,,,,,,,,,,,,,,,
31/03/1983,2026-01.csv,,,,,,,,,,,,,,,,,,
07/03/2019,2026-01.csv,,,,,,,,,,,,,,,,,,
10/03/2019,2026-01.csv,,,,,,,,,,,,,,,,,,
,2026-01.csv,,,,,,,,,,,,,,,,,,
17/10/2022,2026-01.csv,,,,,,,,,,,,,,,,,,
01/02/2023,2026-01.csv,,,,,,,,,,,,,,,,,,
01/09/2019,2026-01.csv,,,,,,,,,,,,,,,,,,
19/08/2024,2026-01.csv,,,,,,,,,,,,,,,,,,
19/06/2012,2026-01.csv,,,,,,,,,,,,,,,,,,
31/03/2008,2026-01.csv,,,,,,,,,,,,,,,,,,
01/04/2017,2026-01.csv,,,,,,,,,,,,,,,,,,
07/10/2021,2026-01.csv,,,,,,,,,,,,,,,,,,
02/11/2010,2026-01.csv,,,,,,,,,,,,,,,,,,
01/06/2020,2026-01.csv,,,,,,,,,,,,,,,,,,
31/08/2023,2026-01.csv,,,,,,,,,,,,,,,,,,
29/06/2018,2026-01.csv,,,,,,,,,,,,,,,,,,
01/05/2022,2026-01.csv,,,,,,,,,,,,,,,,,,
15/11/2007,2026-01.csv,,,,,,,,,,,,,,,,,,
31/03/2014,2026-01.csv,,,,,,,,,,,,,,,,,,
08/04/2025,2026-01.csv,,,,,,,,,,,,,,,,,,
21/11/2022,2026-01.csv,,,,,,,,,,,,,,,,,,
08/08/2022,2026-01.csv,,,,,,,,,,,,,,,,,,
10/06/2016,2026-01.csv,,,,,,,,,,,,,,,,,,
13/02/2024,2026-01.csv,,,,,,,,,,,,,,,,,,
01/02/2023,2026-01.csv,,,,,,,,,,,,,,,,,,
24/11/2024,2026-01.csv,,,,,,,,,,,,,,,,,,
01/07/2016,2026-01.csv,,,,,,,,,,,,,,,,,,
01/09/2019,2026-01.csv,,,,,,,,,,,,,,,,,,
07/10/2021,2026-01.csv,,,,,,,,,,,,,,,,,,
08/09/2016,2026-01.csv,,,,,,,,,,,,,,,,,,
31/03/2001,2026-01.csv,,,,,,,,,,,,,,,,,,
31/03/2016,2026-01.csv,,,,,,,,,,,,,,,,,,
19/10/2015,2026-01.csv,,,,,,,,,,,,,,,,,,
01/04/2008,2026-01.csv,,,,,,,,,,,,,,,,,,
31/03/2008,2026-01.csv,,,,,,,,,,,,,,,,,,
24/01/2023,2026-01.csv,,,,,,,,,,,,,,,,,,
25/05/2022,2026-01.csv,,,,,,,,,,,,,,,,,,
28/04/2023,2026-01.csv,,,,,,,,,,,,,,,,,,
24/01/2023,2026-01.csv,,,,,,,,,,,,,,,,,,
01/04/2016,2026-01.csv,,,,,,,,,,,,,,,,,,
01/02/2023,2026-01.csv,,,,,,,,,,,,,,,,,,
10/11/2016,2026-01.csv,,,,,,,,,,,,,,,,,,
19/01/2023,2026-01.csv,,,,,,,,,,,,,,,,,,
24/01/2024,2026-01.csv,,,,,,,,,,,,,,,,,,
01/03/2018,2026-01.csv,,,,,,,,,,,,,,,,,,
02/08/2019,2026-01.csv,,,,,,,,,,,,,,,,,,
10/08/2017,2026-01.csv,,,,,,,,,,,,,,,,,,
15/12/2023,2026-01.csv,,,,,,,,,,,,,,,,,,
18/11/2015,2026-01.csv,,,,,,,,,,,,,,,,,,
03/02/2023,2026-01.csv,,,,,,,,,,,,,,,,,,
01/05/2022,2026-01.csv,,,,,,,,,,,,,,,,,,
11/09/2024,2026-01.csv,,,,,,,,,,,,,,,,,,
01/11/2015,2026-01.csv,,,,,,,,,,,,,,,,,,
19/02/2024,2026-01.csv,,,,,,,,,,,,,,,,,,
01/12/2022,2026-01.csv,,,,,,,,,,,,,,,,,,
04/03/2024,2026-01.csv,,,,,,,,,,,,,,,,,,
19/09/2019,2026-01.csv,,,,,,,,,,,,,,,,,,
30/10/2009,2026-01.csv,,,,,,,,,,,,,,,,,,
29/08/2018,2026-01.csv,,,,,,,,,,,,,,,,,,
06/10/2022,2026-01.csv,,,,,,,,,,,,,,,,,,
31/03/2004,2026-01.csv,,,,,,,,,,,,,,,,,,
31/03/2001,2026-01.csv,,,,,,,,,,,,,,,,,,
21/07/2022,2026-01.csv,,,,,,,,,,,,,,,,,,
16/09/2016,2026-01.csv,,,,,,,,,,,,,,,,,,
21/07/2008,2026-01.csv,,,,,,,,,,,,,,,,,,
17/04/2025,2026-01.csv,,,,,,,,,,,,,,,,,,
28/08/2017,2026-01.csv,,,,,,,,,,,,,,,,,,
29/10/2013,2026-01.csv,,,,,,,,,,,,,,,,,,
24/10/2024,2026-01.csv,,,,,,,,,,,,,,,,,,
22/04/2016,2026-01.csv,,,,,,,,,,,,,,,,,,
24/08/2016,2026-01.csv,,,,,,,,,,,,,,,,,,
10/06/2016,2026-01.csv,,,,,,,,,,,,,,,,,,
17/05/2017,2026-01.csv,,,,,,,,,,,,,,,,,,
20/12/2017,2026-01.csv,,,,,,,,,,,,,,,,,,
28/02/2008,2026-01.csv,,,,,,,,,,,,,,,,,,
25/08/2023,2026-01.csv,,,,,,,,,,,,,,,,,,
01/04/2019,2026-01.csv,,,,,,,,,,,,,,,,,,
30/12/2020,2026-01.csv,,,,,,,,,,,,,,,,,,
30/12/2020,2026-01.csv,,,,,,,,,,,,,,,,,,
07/11/2019,2026-01.csv,,,,,,,,,,,,,,,,,,
19/07/2021,2026-01.csv,,,,,,,,,,,,,,,,,,
05/07/2016,2026-01.csv,,,,,,,,,,,,,,,,,,
29/02/2016,2026-01.csv,,,,,,,,,,,,,,,,,,
31/03/2022,2026-01.csv,,,,,,,,,,,,,,,,,,
15/06/2022,2026-01.csv,,,,,,,,,,,,,,,,,,
16/02/2023,2026-01.csv,,,,,,,,,,,,,,,,,,
07/11/2022,2026-01.csv,,,,,,,,,,,,,,,,,,
25/08/2022,2026-01.csv,,,,,,,,,,,,,,,,,,
12/10/2022,2026-01.csv,,,,,,,,,,,,,,,,,,
13/03/2018,2026-01.csv,,,,,,,,,,,,,,,,,,
23/01/2018,2026-01.csv,,,,,,,,,,,,,,,,,,
15/02/2021,2026-01.csv,,,,,,,,,,,,,,,,,,
17/04/2022,2026-01.csv,,,,,,,,,,,,,,,,,,
19/02/2025,2026-01.csv,,,,,,,,,,,,,,,,,,
24/08/2023,2026-01.csv,,,,,,,,,,,,,,,,,,
12/02/2024,2026-01.csv,,,,,,,,,,,,,,,,,,
07/02/2024,2026-01.csv,,,,,,,,,,,,,,,,,,
27/03/2023,2026-01.csv,,,,,,,,,,,,,,,,,,
20/02/2024,2026-01.csv,,,,,,,,,,,,,,,,,,
15/03/2024,2026-01.csv,,,,,,,,,,,,,,,,,,
19/01/2018,2026-01.csv,,,,,,,,,,,,,,,,,,
11/10/2022,2026-01.csv,,,,,,,,,,,,,,,,,,
14/10/2022,2026-01.csv,,,,,,,,,,,,,,,,,,
30/03/2025,2026-01.csv,,,,,,,,,,,,,,,,,,
14/01/2018,2026-01.csv,,,,,,,,,,,,,,,,,,
17/12/2019,2026-01.csv,,,,,,,,,,,,,,,,,,
31/03/2023,2026-01.csv,,,,,,,,,,,,,,,,,,
07/03/2023,2026-01.csv,,,,,,,,,,,,,,,,,,
26/10/2017,2026-01.csv,,,,,,,,,,,,,,,,,,
03/12/2021,2026-01.csv,,,,,,,,,,,,,,,,,,
12/01/2016,2026-01.csv,,,,,,,,,,,,,,,,,,
31/03/2016,2026-01.csv,,,,,,,,,,,,,,,,,,
20/12/2021,2026-01.csv,,,,,,,,,,,,,,,,,,
31/03/2023,2026-01.csv,,,,,,,,,,,,,,,,,,
24/06/2020,2026-01.csv,,,,,,,,,,,,,,,,,,
31/03/2015,2026-01.csv,,,,,,,,,,,,,,,,,,
17/11/2021,2026-01.csv,,,,,,,,,,,,,,,,,,
14/01/2016,2026-01.csv,,,,,,,,,,,,,,,,,,
20/12/2021,2026-01.csv,,,,,,,,,,,,,,,,,,
28/02/2023,2026-01.csv,,,,,,,,,,,,,,,,,,
28/10/2024,2026-01.csv,,,,,,,,,,,,,,,,,,
30/03/2025,2026-01.csv,,,,,,,,,,,,,,,,,,
,2026-01.csv,,,,,,,,,,,,,,,,,,
29/06/2022,2026-01.csv,,,,,,,,,,,,,,,,,,
30/07/2021,2026-01.csv,,,,,,,,,,,,,,,,,,
15/11/2021,2026-01.csv,,,,,,,,,,,,,,,,,,
27/12/2021,2026-01.csv,,,,,,,,,,,,,,,,,,
11/05/2020,2026-01.csv,,,,,,,,,,,,,,,,,,
02/08/2024,2026-01.csv,,,,,,,,,,,,,,,,,,
11/10/2022,2026-01.csv,,,,,,,,,,,,,,,,,,
04/03/2022,2026-01.csv,,,,,,,,,,,,,,,,,,
22/02/2022,2026-01.csv,,,,,,,,,,,,,,,,,,
27/03/2023,2026-01.csv,,,,,,,,,,,,,,,,,,
24/03/2023,2026-01.csv,,,,,,,,,,,,,,,,,,
16/03/2023,2026-01.csv,,,,,,,,,,,,,,,,,,
28/03/2023,2026-01.csv,,,,,,,,,,,,,,,,,,
29/03/2023,2026-01.csv,,,,,,,,,,,,,,,,,,
25/02/2021,2026-01.csv,,,,,,,,,,,,,,,,,,
04/11/2022,2026-01.csv,,,,,,,,,,,,,,,,,,
20/10/2021,2026-01.csv,,,,,,,,,,,,,,,,,,
15/10/2021,2026-01.csv,,,,,,,,,,,,,,,,,,
18/12/2020,2026-01.csv,,,,,,,,,,,,,,,,,,
25/12/2021,2026-01.csv,,,,,,,,,,,,,,,,,,
18/10/2024,2026-01.csv,,,,,,,,,,,,,,,,,,
03/10/2022,2026-01.csv,,,,,,,,,,,,,,,,,,
29/09/2020,2026-01.csv,,,,,,,,,,,,,,,,,,
30/03/2022,2026-01.csv,,,,,,,,,,,,,,,,,,
07/01/2022,2026-01.csv,,,,,,,,,,,,,,,,,,
28/02/2023,2026-01.csv,,,,,,,,,,,,,,,,,,
12/11/2021,2026-01.csv,,,,,,,,,,,,,,,,,,
01/02/2022,2026-01.csv,,,,,,,,,,,,,,,,,,
02/02/2022,2026-01.csv,,,,,,,,,,,,,,,,,,
24/08/2022,2026-01.csv,,,,,,,,,,,,,,,,,,
04/11/2022,2026-01.csv,,,,,,,,,,,,,,,,,,
09/03/2022,2026-01.csv,,,,,,,,,,,,,,,,,,
05/12/2021,2026-01.csv,,,,,,,,,,,,,,,,,,
28/02/2023,2026-01.csv,,,,,,,,,,,,,,,,,,
28/03/2023,2026-01.csv,,,,,,,,,,,,,,,,,,
27/01/2025,2026-01.csv,,,,,,,,,,,,,,,,,,
31/03/2022,2026-01.csv,,,,,,,,,,,,,,,,,,
06/02/2021,2026-01.csv,,,,,,,,,,,,,,,,,,
27/12/2021,2026-01.csv,,,,,,,,,,,,,,,,,,
28/02/2020,2026-01.csv,,,,,,,,,,,,,,,,,,
23/12/2020,2026-01.csv,,,,,,,,,,,,,,,,,,
23/12/2020,2026-01.csv,,,,,,,,,,,,,,,,,,
19/09/2022,2026-01.csv,,,,,,,,,,,,,,,,,,
19/08/2020,2026-01.csv,,,,,,,,,,,,,,,,,,
19/08/2020,2026-01.csv,,,,,,,,,,,,,,,,,,
18/09/2019,2026-01.csv,,,,,,,,,,,,,,,,,,
18/09/2019,2026-01.csv,,,,,,,,,,,,,,,,,,
15/01/2021,2026-01.csv,,,,,,,,,,,,,,,,,,
06/09/2022,2026-01.csv,,,,,,,,,,,,,,,,,,
16/08/2021,2026-01.csv,,,,,,,,,,,,,,,,,,
22/01/2019,2026-01.csv,,,,,,,,,,,,,,,,,,
18/03/2021,2026-01.csv,,,,,,,,,,,,,,,,,,
,2026-01.csv,,,,,,,,,,,,,,,,,,
27/04/2020,2026-01.csv,,,,,,,,,,,,,,,,,,
07/03/2024,2026-01.csv,,,,,,,,,,,,,,,,,,
24/03/2018,2026-01.csv,,,,,,,,,,,,,,,,,,
18/10/2024,2026-01.csv,,,,,,,,,,,,,,,,,,
06/03/2024,2026-01.csv,,,,,,,,,,,,,,,,,,
24/01/2019,2026-01.csv,,,,,,,,,,,,,,,,,,
21/10/2021,2026-01.csv,,,,,,,,,,,,,,,,,,
25/02/2022,2026-01.csv,,,,,,,,,,,,,,,,,,
30/03/2022,2026-01.csv,,,,,,,,,,,,,,,,,,
26/03/2021,2026-01.csv,,,,,,,,,,,,,,,,,,
,2026-01.csv,,,,,,,,,,,,,,,,,,
20/03/2023,2026-01.csv,,,,,,,,,,,,,,,,,,
21/01/2021,2026-01.csv,,,,,,,,,,,,,,,,,,
25/01/2019,2026-01.csv,,,,,,,,,,,,,,,,,,
09/03/2022,2026-01.csv,,,,,,,,,,,,,,,,,,
26/11/2021,2026-01.csv,,,,,,,,,,,,,,,,,,
21/03/2022,2026-01.csv,,,,,,,,,,,,,,,,,,
19/07/2021,2026-01.csv,,,,,,,,,,,,,,,,,,
22/01/2021,2026-01.csv,,,,,,,,,,,,,,,,,,
09/11/2022,2026-01.csv,,,,,,,,,,,,,,,,,,
06/03/2023,2026-01.csv,,,,,,,,,,,,,,,,,,
23/02/2022,2026-01.csv,,,,,,,,,,,,,,,,,,
22/01/2019,2026-01.csv,,,,,,,,,,,,,,,,,,
06/12/2018,2026-01.csv,,,,,,,,,,,,,,,,,,
31/03/2022,2026-01.csv,,,,,,,,,,,,,,,,,,
11/02/2021,2026-01.csv,,,,,,,,,,,,,,,,,,
10/01/2022,2026-01.csv,,,,,,,,,,,,,,,,,,
18/10/2024,2026-01.csv,,,,,,,,,,,,,,,,,,
24/03/2018,2026-01.csv,,,,,,,,,,,,,,,,,,
27/02/2025,2026-01.csv,,,,,,,,,,,,,,,,,,
28/02/2022,2026-01.csv,,,,,,,,,,,,,,,,,,
,2026-01.csv,,,,,,,,,,,,,,,,,,
04/03/2020,2026-01.csv,,,,,,,,,,,,,,,,,,
11/03/2022,2026-01.csv,,,,,,,,,,,,,,,,,,
21/01/2021,2026-01.csv,,,,,,,,,,,,,,,,,,
30/03/2022,2026-01.csv,,,,,,,,,,,,,,,,,,
08/02/2022,2026-01.csv,,,,,,,,,,,,,,,,,,
11/02/2022,2026-01.csv,,,,,,,,,,,,,,,,,,
14/02/2022,2026-01.csv,,,,,,,,,,,,,,,,,,
05/03/2021,2026-01.csv,,,,,,,,,,,,,,,,,,
13/10/2016,2026-01.csv,,,,,,,,,,,,,,,,,,
24/03/2021,2026-01.csv,,,,,,,,,,,,,,,,,,
,2026-01.csv,,,,,,,,,,,,,,,,,,
24/12/2021,2026-01.csv,,,,,,,,,,,,,,,,,,
04/03/2022,2026-01.csv,,,,,,,,,,,,,,,,,,
13/07/2021,2026-01.csv,,,,,,,,,,,,,,,,,,
25/02/2022,2026-01.csv,,,,,,,,,,,,,,,,,,
24/08/2023,2026-01.csv,,,,,,,,,,,,,,,,,,
21/02/2023,2026-01.csv,,,,,,,,,,,,,,,,,,
03/03/2023,2026-01.csv,,,,,,,,,,,,,,,,,,
27/03/2023,2026-01.csv,,,,,,,,,,,,,,,,,,
29/03/2023,2026-01.csv,,,,,,,,,,,,,,,,,,
01/02/2023,2026-01.csv,,,,,,,,,,,,,,,,,,
25/05/2022,2026-01.csv,,,,,,,,,,,,,,,,,,
27/02/2023,2026-01.csv,,,,,,,,,,,,,,,,,,
18/10/2024,2026-01.csv,,,,,,,,,,,,,,,,,,
20/10/2021,2026-01.csv,,,,,,,,,,,,,,,,,,
02/03/2021,2026-01.csv,,,,,,,,,,,,,,,,,,
01/12/2022,2026-01.csv,,,,,,,,,,,,,,,,,,
07/10/2021,2026-01.csv,,,,,,,,,,,,,,,,,,
05/10/2021,2026-01.csv,,,,,,,,,,,,,,,,,,
13/07/2021,2026-01.csv,,,,,,,,,,,,,,,,,,
,2026-01.csv,,,,,,,,,,,,,,,,,,
07/02/2024,2026-01.csv,,,,,,,,,,,,,,,,,,
06/12/2017,2026-01.csv,,,,,,,,,,,,,,,,,,
18/01/2018,2026-01.csv,,,,,,,,,,,,,,,,,,
,2026-01.csv,,,,,,,,,,,,,,,,,,
21/02/2023,2026-01.csv,,,,,,,,,,,,,,,,,,
15/02/2023,2026-01.csv,,,,,,,,,,,,,,,,,,
21/02/2023,2026-01.csv,,,,,,,,,,,,,,,,,,
24/02/2023,2026-01.csv,,,,,,,,,,,,,,,,,,
18/02/2023,2026-01.csv,,,,,,,,,,,,,,,,,,
24/02/2023,2026-01.csv,,,,,,,,,,,,,,,,,,
18/02/2023,2026-01.csv,,,,,,,,,,,,,,,,,,
18/03/2021,2026-01.csv,,,,,,,,,,,,,,,,,,
11/03/2021,2026-01.csv,,,,,,,,,,,,,,,,,,
23/06/2022,2026-01.csv,,,,,,,,,,,,,,,,,,
03/01/2023,2026-01.csv,,,,,,,,,,,,,,,,,,
18/02/2022,2026-01.csv,,,,,,,,,,,,,,,,,,
03/01/2023,2026-01.csv,,,,,,,,,,,,,,,,,,
18/02/2023,2026-01.csv,,,,,,,,,,,,,,,,,,
22/06/2022,2026-01.csv,,,,,,,,,,,,,,,,,,
03/01/2023,2026-01.csv,,,,,,,,,,,,,,,,,,
12/12/2022,2026-01.csv,,,,,,,,,,,,,,,,,,
15/02/2023,2026-01.csv,,,,,,,,,,,,,,,,,,
18/03/2021,2026-01.csv,,,,,,,,,,,,,,,,,,
04/02/2022,2026-01.csv,,,,,,,,,,,,,,,,,,
30/07/2020,2026-01.csv,,,,,,,,,,,,,,,,,,
24/06/2021,2026-01.csv,,,,,,,,,,,,,,,,,,
05/07/2021,2026-01.csv,,,,,,,,,,,,,,,,,,
10/02/2021,2026-01.csv,,,,,,,,,,,,,,,,,,
30/03/2021,2026-01.csv,,,,,,,,,,,,,,,,,,
31/03/2021,2026-01.csv,,,,,,,,,,,,,,,,,,
30/03/2021,2026-01.csv,,,,,,,,,,,,,,,,,,
27/09/2022,2026-01.csv,,,,,,,,,,,,,,,,,,
29/12/2021,2026-01.csv,,,,,,,,,,,,,,,,,,
12/11/2021,2026-01.csv,,,,,,,,,,,,,,,,,,
20/01/2022,2026-01.csv,,,,,,,,,,,,,,,,,,
20/12/2021,2026-01.csv,,,,,,,,,,,,,,,,,,
26/08/2021,2026-01.csv,,,,,,,,,,,,,,,,,,
03/09/2021,2026-01.csv,,,,,,,,,,,,,,,,,,
29/12/2021,2026-01.csv,,,,,,,,,,,,,,,,,,
29/03/2023,2026-01.csv,,,,,,,,,,,,,,,,,,
24/03/2023,2026-01.csv,,,,,,,,,,,,,,,,,,
27/03/2023,2026-01.csv,,,,,,,,,,,,,,,,,,
24/03/2023,2026-01.csv,,,,,,,,,,,,,,,,,,
24/03/2023,2026-01.csv,,,,,,,,,,,,,,,,,,
09/02/2021,2026-01.csv,,,,,,,,,,,,,,,,,,
25/02/2021,2026-01.csv,,,,,,,,,,,,,,,,,,
11/03/2020,2026-01.csv,,,,,,,,,,,,,,,,,,
11/02/2021,2026-01.csv,,,,,,,,,,,,,,,,,,
08/06/2021,2026-01.csv,,,,,,,,,,,,,,,,,,
07/01/2022,2026-01.csv,,,,,,,,,,,,,,,,,,
31/03/2022,2026-01.csv,,,,,,,,,,,,,,,,,,
19/01/2018,2026-01.csv,,,,,,,,,,,,,,,,,,
03/06/2021,2026-01.csv,,,,,,,,,,,,,,,,,,
10/02/2021,2026-01.csv,,,,,,,,,,,,,,,,,,
14/10/2020,2026-01.csv,,,,,,,,,,,,,,,,,,
25/03/2021,2026-01.csv,,,,,,,,,,,,,,,,,,
,2026-01.csv,,,,,,,,,,,,,,,,,,
02/06/2020,2026-01.csv,,,,,,,,,,,,,,,,,,
,2026-01.csv,,,,,,,,,,,,,,,,,,
27/12/2021,2026-01.csv,,,,,,,,,,,,,,,,,,
05/03/2021,2026-01.csv,,,,,,,,,,,,,,,,,,
19/05/2020,2026-01.csv,,,,,,,,,,,,,,,,,,
22/12/2021,2026-01.csv,,,,,,,,,,,,,,,,,,
22/12/2021,2026-01.csv,,,,,,,,,,,,,,,,,,
09/11/2021,2026-01.csv,,,,,,,,,,,,,,,,,,
10/02/2021,2026-01.csv,,,,,,,,,,,,,,,,,,
24/02/2022,2026-01.csv,,,,,,,,,,,,,,,,,,
10/08/2022,2026-01.csv,,,,,,,,,,,,,,,,,,
10/02/2021,2026-01.csv,,,,,,,,,,,,,,,,,,
28/01/2021,2026-01.csv,,,,,,,,,,,,,,,,,,
03/08/2020,2026-01.csv,,,,,,,,,,,,,,,,,,
24/06/2021,2026-01.csv,,,,,,,,,,,,,,,,,,
10/02/2021,2026-01.csv,,,,,,,,,,,,,,,,,,
10/02/2021,2026-01.csv,,,,,,,,,,,,,,,,,,
31/03/2021,2026-01.csv,,,,,,,,,,,,,,,,,,
24/03/2022,2026-01.csv,,,,,,,,,,,,,,,,,,
24/03/2022,2026-01.csv,,,,,,,,,,,,,,,,,,
28/04/2022,2026-01.csv,,,,,,,,,,,,,,,,,,
18/01/2018,2026-01.csv,,,,,,,,,,,,,,,,,,
07/03/2024,2026-01.csv,,,,,,,,,,,,,,,,,,
03/08/2022,2026-01.csv,,,,,,,,,,,,,,,,,,
08/11/2024,2026-01.csv,,,,,,,,,,,,,,,,,,
05/05/2020,2026-01.csv,,,,,,,,,,,,,,,,,,
05/05/2020,2026-01.csv,,,,,,,,,,,,,,,,,,
05/05/2020,2026-01.csv,,,,,,,,,,,,,,,,,,
05/05/2020,2026-01.csv,,,,,,,,,,,,,,,,,,
08/09/2020,2026-01.csv,,,,,,,,,,,,,,,,,,
11/02/2021,2026-01.csv,,,,,,,,,,,,,,,,,,
31/12/2020,2026-01.csv,,,,,,,,,,,,,,,,,,
11/08/2020,2026-01.csv,,,,,,,,,,,,,,,,,,
19/03/2025,2026-01.csv,,,,,,,,,,,,,,,,,,
31/03/2016,2026-01.csv,,,,,,,,,,,,,,,,,,
18/08/2022,2026-01.csv,,,,,,,,,,,,,,,,,,
,2026-01.csv,,,,,,,,,,,,,,,,,,
,2026-01.csv,,,,,,,,,,,,,,,,,,
09/09/2020,2026-01.csv,,,,,,,,,,,,,,,,,,
27/12/2019,2026-01.csv,,,,,,,,,,,,,,,,,,
10/11/2021,2026-01.csv,,,,,,,,,,,,,,,,,,
17/01/2022,2026-01.csv,,,,,,,,,,,,,,,,,,
03/03/2022,2026-01.csv,,,,,,,,,,,,,,,,,,
04/01/2021,2026-01.csv,,,,,,,,,,,,,,,,,,
13/12/2022,2026-01.csv,,,,,,,,,,,,,,,,,,
26/09/2023,2026-01.csv,,,,,,,,,,,,,,,,,,
30/03/2020,2026-01.csv,,,,,,,,,,,,,,,,,,
10/12/2019,2026-01.csv,,,,,,,,,,,,,,,,,,
01/01/2021,2026-01.csv,,,,,,,,,,,,,,,,,,
23/03/2025,2026-01.csv,,,,,,,,,,,,,,,,,,
08/09/2020,2026-01.csv,,,,,,,,,,,,,,,,,,
27/03/2018,2026-01.csv,,,,,,,,,,,,,,,,,,
31/03/2022,2026-01.csv,,,,,,,,,,,,,,,,,,
27/04/2020,2026-01.csv,,,,,,,,,,,,,,,,,,
15/06/2020,2026-01.csv,,,,,,,,,,,,,,,,,,
06/10/2022,2026-01.csv,,,,,,,,,,,,,,,,,,
19/02/2021,2026-01.csv,,,,,,,,,,,,,,,,,,
23/11/2020,2026-01.csv,,,,,,,,,,,,,,,,,,
21/10/2020,2026-01.csv,,,,,,,,,,,,,,,,,,
08/01/2021,2026-01.csv,,,,,,,,,,,,,,,,,,
08/12/2020,2026-01.csv,,,,,,,,,,,,,,,,,,
16/03/2022,2026-01.csv,,,,,,,,,,,,,,,,,,
14/02/2022,2026-01.csv,,,,,,,,,,,,,,,,,,
17/08/2010,2026-01.csv,,,,,,,,,,,,,,,,,,
02/12/2020,2026-01.csv,,,,,,,,,,,,,,,,,,
27/03/2018,2026-01.csv,,,,,,,,,,,,,,,,,,
04/03/2018,2026-01.csv,,,,,,,,,,,,,,,,,,
03/02/2022,2026-01.csv,,,,,,,,,,,,,,,,,,
27/11/2014,2026-01.csv,,,,,,,,,,,,,,,,,,
25/02/2021,2026-01.csv,,,,,,,,,,,,,,,,,,
21/03/2025,2026-01.csv,,,,,,,,,,,,,,,,,,
03/02/2021,2026-01.csv,,,,,,,,,,,,,,,,,,
09/08/2018,2026-01.csv,,,,,,,,,,,,,,,,,,
,2026-01.csv,,,,,,,,,,,,,,,,,,
30/03/2025,2026-01.csv,,,,,,,,,,,,,,,,,,
,2026-01.csv,,,,,,,,,,,,,,,,,,
,2026-01.csv,,,,,,,,,,,,,,,,,,
09/07/2020,2026-01.csv,,,,,,,,,,,,,,,,,,
07/10/2020,2026-01.csv,,,,,,,,,,,,,,,,,,
25/06/2020,2026-01.csv,,,,,,,,,,,,,,,,,,
29/06/2020,2026-01.csv,,,,,,,,,,,,,,,,,,
02/02/2021,2026-01.csv,,,,,,,,,,,,,,,,,,
30/03/2021,2026-01.csv,,,,,,,,,,,,,,,,,,
30/03/2021,2026-01.csv,,,,,,,,,,,,,,,,,,
20/03/2017,2026-01.csv,,,,,,,,,,,,,,,,,,
17/03/2020,2026-01.csv,,,,,,,,,,,,,,,,,,
07/12/2023,2026-01.csv,,,,,,,,,,,,,,,,,,
07/12/2023,2026-01.csv,,,,,,,,,,,,,,,,,,
07/12/2023,2026-01.csv,,,,,,,,,,,,,,,,,,
28/02/2023,2026-01.csv,,,,,,,,,,,,,,,,,,
30/03/2021,2026-01.csv,,,,,,,,,,,,,,,,,,
09/09/2021,2026-01.csv,,,,,,,,,,,,,,,,,,
13/09/2021,2026-01.csv,,,,,,,,,,,,,,,,,,
28/03/2023,2026-01.csv,,,,,,,,,,,,,,,,,,
29/03/2025,2026-01.csv,,,,,,,,,,,,,,,,,,
31/03/2022,2026-01.csv,,,,,,,,,,,,,,,,,,
07/12/2021,2026-01.csv,,,,,,,,,,,,,,,,,,
12/01/2023,2026-01.csv,,,,,,,,,,,,,,,,,,
26/02/2018,2026-01.csv,,,,,,,,,,,,,,,,,,
16/03/2023,2026-01.csv,,,,,,,,,,,,,,,,,,
22/03/2023,2026-01.csv,,,,,,,,,,,,,,,,,,
11/02/2021,2026-01.csv,,,,,,,,,,,,,,,,,,
27/03/2023,2026-01.csv,,,,,,,,,,,,,,,,,,
28/02/2023,2026-01.csv,,,,,,,,,,,,,,,,,,
01/03/2019,2026-01.csv,,,,,,,,,,,,,,,,,,
11/03/2020,2026-01.csv,,,,,,,,,,,,,,,,,,
22/03/2018,2026-01.csv,,,,,,,,,,,,,,,,,,
22/03/2018,2026-01.csv,,,,,,,,,,,,,,,,,,
31/03/2021,2026-01.csv,,,,,,,,,,,,,,,,,,
31/07/2020,2026-01.csv,,,,,,,,,,,,,,,,,,
07/07/2020,2026-01.csv,,,,,,,,,,,,,,,,,,
31/07/2020,2026-01.csv,,,,,,,,,,,,,,,,,,
07/07/2020,2026-01.csv,,,,,,,,,,,,,,,,,,
07/03/2023,2026-01.csv,,,,,,,,,,,,,,,,,,
13/03/2023,2026-01.csv,,,,,,,,,,,,,,,,,,
28/06/2021,2026-01.csv,,,,,,,,,,,,,,,,,,
30/03/2021,2026-01.csv,,,,,,,,,,,,,,,,,,
07/03/2023,2026-01.csv,,,,,,,,,,,,,,,,,,
09/09/2021,2026-01.csv,,,,,,,,,,,,,,,,,,
07/09/2021,2026-01.csv,,,,,,,,,,,,,,,,,,
25/01/2017,2026-01.csv,,,,,,,,,,,,,,,,,,
07/10/2020,2026-01.csv,,,,,,,,,,,,,,,,,,
18/01/2021,2026-01.csv,,,,,,,,,,,,,,,,,,
31/03/2021,2026-01.csv,,,,,,,,,,,,,,,,,,
15/03/2024,2026-01.csv,,,,,,,,,,,,,,,,,,
07/03/2024,2026-01.csv,,,,,,,,,,,,,,,,,,
11/03/2023,2026-01.csv,,,,,,,,,,,,,,,,,,
30/12/2021,2026-01.csv,,,,,,,,,,,,,,,,,,
29/06/2022,2026-01.csv,,,,,,,,,,,,,,,,,,
22/03/2023,2026-01.csv,,,,,,,,,,,,,,,,,,
22/03/2018,2026-01.csv,,,,,,,,,,,,,,,,,,
28/02/2023,2026-01.csv,,,,,,,,,,,,,,,,,,
06/05/2019,2026-01.csv,,,,,,,,,,,,,,,,,,
17/06/2022,2026-01.csv,,,,,,,,,,,,,,,,,,
08/05/2018,2026-01.csv,,,,,,,,,,,,,,,,,,
06/01/2022,2026-01.csv,,,,,,,,,,,,,,,,,,
08/01/2022,2026-01.csv,,,,,,,,,,,,,,,,,,
16/03/2023,2026-01.csv,,,,,,,,,,,,,,,,,,
22/03/2023,2026-01.csv,,,,,,,,,,,,,,,,,,
12/02/2024,2026-01.csv,,,,,,,,,,,,,,,,,,
12/02/2024,2026-01.csv,,,,,,,,,,,,,,,,,,
18/12/2024,2026-01.csv,,,,,,,,,,,,,,,,,,
09/03/2018,2026-01.csv,,,,,,,,,,,,,,,,,,
16/02/2017,2026-01.csv,,,,,,,,,,,,,,,,,,
06/09/2021,2026-01.csv,,,,,,,,,,,,,,,,,,
15/03/2024,2026-01.csv,,,,,,,,,,,,,,,,,,
28/02/2024,2026-01.csv,,,,,,,,,,,,,,,,,,
11/07/2018,2026-01.csv,,,,,,,,,,,,,,,,,,
05/01/2024,2026-01.csv,,,,,,,,,,,,,,,,,,
16/01/2025,2026-01.csv,,,,,,,,,,,,,,,,,,
12/02/2019,2026-01.csv,,,,,,,,,,,,,,,,,,
20/09/2018,2026-01.csv,,,,,,,,,,,,,,,,,,
15/03/2024,2026-01.csv,,,,,,,,,,,,,,,,,,
16/11/2023,2026-01.csv,,,,,,,,,,,,,,,,,,
22/03/2018,2026-01.csv,,,,,,,,,,,,,,,,,,
22/03/2018,2026-01.csv,,,,,,,,,,,,,,,,,,
12/12/2022,2026-01.csv,,,,,,,,,,,,,,,,,,
18/01/2021,2026-01.csv,,,,,,,,,,,,,,,,,,
15/02/2017,2026-01.csv,,,,,,,,,,,,,,,,,,
15/02/2017,2026-01.csv,,,,,,,,,,,,,,,,,,
12/01/2016,2026-01.csv,,,,,,,,,,,,,,,,,,
04/01/2016,2026-01.csv,,,,,,,,,,,,,,,,,,
04/01/2016,2026-01.csv,,,,,,,,,,,,,,,,,,
31/10/2014,2026-01.csv,,,,,,,,,,,,,,,,,,
31/10/2014,2026-01.csv,,,,,,,,,,,,,,,,,,
10/01/2024,2026-01.csv,,,,,,,,,,,,,,,,,,
10/01/2024,2026-01.csv,,,,,,,,,,,,,,,,,,
10/01/2024,2026-01.csv,,,,,,,,,,,,,,,,,,
10/01/2024,2026-01.csv,,,,,,,,,,,,,,,,,,
13/12/2022,2026-01.csv,,,,,,,,,,,,,,,,,,
08/12/2022,2026-01.csv,,,,,,,,,,,,,,,,,,
17/02/2022,2026-01.csv,,,,,,,,,,,,,,,,,,
17/03/2023,2026-01.csv,,,,,,,,,,,,,,,,,,
31/03/2021,2026-01.csv,,,,,,,,,,,,,,,,,,
30/03/2023,2026-01.csv,,,,,,,,,,,,,,,,,,
22/02/2022,2026-01.csv,,,,,,,,,,,,,,,,,,
09/02/2022,2026-01.csv,,,,,,,,,,,,,,,,,,
21/03/2022,2026-01.csv,,,,,,,,,,,,,,,,,,
20/01/2022,2026-01.csv,,,,,,,,,,,,,,,,,,
27/11/2024,2026-01.csv,,,,,,,,,,,,,,,,,,
20/02/2025,2026-01.csv,,,,,,,,,,,,,,,,,,
27/03/2023,2026-01.csv,,,,,,,,,,,,,,,,,,
29/03/2023,2026-01.csv,,,,,,,,,,,,,,,,,,
31/08/2020,2026-01.csv,,,,,,,,,,,,,,,,,,
07/03/2025,2026-01.csv,,,,,,,,,,,,,,,,,,
10/08/2022,2026-01.csv,,,,,,,,,,,,,,,,,,
07/10/2022,2026-01.csv,,,,,,,,,,,,,,,,,,
14/10/2022,2026-01.csv,,,,,,,,,,,,,,,,,,
05/10/2022,2026-01.csv,,,,,,,,,,,,,,,,,,
12/10/2022,2026-01.csv,,,,,,,,,,,,,,,,,,
30/03/2022,2026-01.csv,,,,,,,,,,,,,,,,,,
15/11/2021,2026-01.csv,,,,,,,,,,,,,,,,,,
14/02/2023,2026-01.csv,,,,,,,,,,,,,,,,,,
31/03/2021,2026-01.csv,,,,,,,,,,,,,,,,,,
22/09/2022,2026-01.csv,,,,,,,,,,,,,,,,,,
07/07/2022,2026-01.csv,,,,,,,,,,,,,,,,,,
18/01/2018,2026-01.csv,,,,,,,,,,,,,,,,,,
15/01/2024,2026-01.csv,,,,,,,,,,,,,,,,,,
27/02/2024,2026-01.csv,,,,,,,,,,,,,,,,,,
27/02/2024,2026-01.csv,,,,,,,,,,,,,,,,,,
27/02/2024,2026-01.csv,,,,,,,,,,,,,,,,,,
15/02/2023,2026-01.csv,,,,,,,,,,,,,,,,,,
04/03/2022,2026-01.csv,,,,,,,,,,,,,,,,,,
30/03/2021,2026-01.csv,,,,,,,,,,,,,,,,,,
15/07/2022,2026-01.csv,,,,,,,,,,,,,,,,,,
06/03/2019,2026-01.csv,,,,,,,,,,,,,,,,,,
06/03/2019,2026-01.csv,,,,,,,,,,,,,,,,,,
30/03/2022,2026-01.csv,,,,,,,,,,,,,,,,,,
01/03/2023,2026-01.csv,,,,,,,,,,,,,,,,,,
30/03/2022,2026-01.csv,,,,,,,,,,,,,,,,,,
08/02/2023,2026-01.csv,,,,,,,,,,,,,,,,,,
23/02/2024,2026-01.csv,,,,,,,,,,,,,,,,,,
09/09/2021,2026-01.csv,,,,,,,,,,,,,,,,,,
15/03/2024,2026-01.csv,,,,,,,,,,,,,,,,,,
17/07/2020,2026-01.csv,,,,,,,,,,,,,,,,,,
15/03/2023,2026-01.csv,,,,,,,,,,,,,,,,,,
15/03/2023,2026-01.csv,,,,,,,,,,,,,,,,,,
15/03/2023,2026-01.csv,,,,,,,,,,,,,,,,,,
29/03/2022,2026-01.csv,,,,,,,,,,,,,,,,,,
12/08/2016,2026-01.csv,,,,,,,,,,,,,,,,,,
20/07/2021,2026-01.csv,,,,,,,,,,,,,,,,,,
29/03/2023,2026-01.csv,,,,,,,,,,,,,,,,,,
10/10/2022,2026-01.csv,,,,,,,,,,,,,,,,,,
31/03/2022,2026-01.csv,,,,,,,,,,,,,,,,,,
31/03/2022,2026-01.csv,,,,,,,,,,,,,,,,,,
09/11/2021,2026-01.csv,,,,,,,,,,,,,,,,,,
02/08/2024,2026-01.csv,,,,,,,,,,,,,,,,,,
10/02/2023,2026-01.csv,,,,,,,,,,,,,,,,,,
01/01/2023,2026-01.csv,,,,,,,,,,,,,,,,,,
27/03/2022,2026-01.csv,,,,,,,,,,,,,,,,,,
10/10/2022,2026-01.csv,,,,,,,,,,,,,,,,,,
11/03/2024,2026-01.csv,,,,,,,,,,,,,,,,,,
27/03/2018,2026-01.csv,,,,,,,,,,,,,,,,,,
25/04/2023,2026-01.csv,,,,,,,,,,,,,,,,,,
27/01/2025,2026-01.csv,,,,,,,,,,,,,,,,,,
23/02/2021,2026-01.csv,,,,,,,,,,,,,,,,,,
30/11/2022,2026-01.csv,,,,,,,,,,,,,,,,,,
24/02/2025,2026-01.csv,,,,,,,,,,,,,,,,,,
27/09/2021,2026-01.csv,,,,,,,,,,,,,,,,,,
28/11/2022,2026-01.csv,,,,,,,,,,,,,,,,,,
10/01/2024,2026-01.csv,,,,,,,,,,,,,,,,,,
30/03/2022,2026-01.csv,,,,,,,,,,,,,,,,,,
22/12/2021,2026-01.csv,,,,,,,,,,,,,,,,,,
18/10/2021,2026-01.csv,,,,,,,,,,,,,,,,,,
24/03/2022,2026-01.csv,,,,,,,,,,,,,,,,,,
13/02/2025,2026-01.csv,,,,,,,,,,,,,,,,,,
03/02/2025,2026-01.csv,,,,,,,,,,,,,,,,,,
09/03/2018,2026-01.csv,,,,,,,,,,,,,,,,,,
31/03/2021,2026-01.csv,,,,,,,,,,,,,,,,,,
08/05/2022,2026-01.csv,,,,,,,,,,,,,,,,,,
16/06/2022,2026-01.csv,,,,,,,,,,,,,,,,,,
25/10/2017,2026-01.csv,,,,,,,,,,,,,,,,,,
27/03/2018,2026-01.csv,,,,,,,,,,,,,,,,,,
20/12/2022,2026-01.csv,,,,,,,,,,,,,,,,,,
17/12/2020,2026-01.csv,,,,,,,,,,,,,,,,,,
15/01/2021,2026-01.csv,,,,,,,,,,,,,,,,,,
23/12/2020,2026-01.csv,,,,,,,,,,,,,,,,,,
28/01/2021,2026-01.csv,,,,,,,,,,,,,,,,,,
23/12/2020,2026-01.csv,,,,,,,,,,,,,,,,,,
23/12/2020,2026-01.csv,,,,,,,,,,,,,,,,,,
23/12/2020,2026-01.csv,,,,,,,,,,,,,,,,,,
04/03/2021,2026-01.csv,,,,,,,,,,,,,,,,,,
04/03/2021,2026-01.csv,,,,,,,,,,,,,,,,,,
13/12/2021,2026-01.csv,,,,,,,,,,,,,,,,,,
29/10/2021,2026-01.csv,,,,,,,,,,,,,,,,,,
07/10/2021,2026-01.csv,,,,,,,,,,,,,,,,,,
03/09/2021,2026-01.csv,,,,,,,,,,,,,,,,,,
25/11/2019,2026-01.csv,,,,,,,,,,,,,,,,,,
25/11/2019,2026-01.csv,,,,,,,,,,,,,,,,,,
03/07/2020,2026-01.csv,,,,,,,,,,,,,,,,,,
08/09/2020,2026-01.csv,,,,,,,,,,,,,,,,,,
08/09/2020,2026-01.csv,,,,,,,,,,,,,,,,,,
25/11/2019,2026-01.csv,,,,,,,,,,,,,,,,,,
25/11/2019,2026-01.csv,,,,,,,,,,,,,,,,,,
01/10/2019,2026-01.csv,,,,,,,,,,,,,,,,,,
01/10/2019,2026-01.csv,,,,,,,,,,,,,,,,,,
05/09/2022,2026-01.csv,,,,,,,,,,,,,,,,,,
31/03/2021,2026-01.csv,,,,,,,,,,,,,,,,,,
21/03/2022,2026-01.csv,,,,,,,,,,,,,,,,,,
22/11/2021,2026-01.csv,,,,,,,,,,,,,,,,,,
20/12/2021,2026-01.csv,,,,,,,,,,,,,,,,,,
03/07/2020,2026-01.csv,,,,,,,,,,,,,,,,,,
03/02/2020,2026-01.csv,,,,,,,,,,,,,,,,,,
16/03/2022,2026-01.csv,,,,,,,,,,,,,,,,,,
03/01/2020,2026-01.csv,,,,,,,,,,,,,,,,,,
23/11/2021,2026-01.csv,,,,,,,,,,,,,,,,,,
08/09/2020,2026-01.csv,,,,,,,,,,,,,,,,,,
22/12/2022,2026-01.csv,,,,,,,,,,,,,,,,,,
29/06/2022,2026-01.csv,,,,,,,,,,,,,,,,,,
29/06/2022,2026-01.csv,,,,,,,,,,,,,,,,,,
31/03/2021,2026-01.csv,,,,,,,,,,,,,,,,,,
03/02/2020,2026-01.csv,,,,,,,,,,,,,,,,,,
11/01/2022,2026-01.csv,,,,,,,,,,,,,,,,,,
22/12/2015,2026-01.csv,,,,,,,,,,,,,,,,,,
09/12/2024,2026-01.csv,,,,,,,,,,,,,,,,,,
,2026-01.csv,,,,,,,,,,,,,,,,,,
13/03/2018,2026-01.csv,,,,,,,,,,,,,,,,,,
,2026-01.csv,,,,,,,,,,,,,,,,,,
21/01/2014,2026-01.csv,,,,,,,,,,,,,,,,,,
,2026-01.csv,,,,,,,,,,,,,,,,,,
25/01/2019,2026-01.csv,,,,,,,,,,,,,,,,,,
15/10/2024,2026-01.csv,,,,,,,,,,,,,,,,,,
29/01/2025,2026-01.csv,,,,,,,,,,,,,,,,,,
08/11/2024,2026-01.csv,,,,,,,,,,,,,,,,,,
16/03/2022,2026-01.csv,,,,,,,,,,,,,,,,,,
24/01/2017,2026-01.csv,,,,,,,,,,,,,,,,,,
02/08/2024,2026-01.csv,,,,,,,,,,,,,,,,,,
29/09/2020,2026-01.csv,,,,,,,,,,,,,,,,,,
,2026-01.csv,,,,,,,,,,,,,,,,,,
,2026-01.csv,,,,,,,,,,,,,,,,,,
07/10/2021,2026-01.csv,,,,,,,,,,,,,,,,,,
19/09/2022,2026-01.csv,,,,,,,,,,,,,,,,,,
02/02/2023,2026-01.csv,,,,,,,,,,,,,,,,,,
21/12/2023,2026-01.csv,,,,,,,,,,,,,,,,,,
09/03/2023,2026-01.csv,,,,,,,,,,,,,,,,,,
30/03/2022,2026-01.csv,,,,,,,,,,,,,,,,,,
18/09/2022,2026-01.csv,,,,,,,,,,,,,,,,,,
17/09/2021,2026-01.csv,,,,,,,,,,,,,,,,,,
31/03/2022,2026-01.csv,,,,,,,,,,,,,,,,,,
31/03/2022,2026-01.csv,,,,,,,,,,,,,,,,,,
23/05/2023,2026-01.csv,,,,,,,,,,,,,,,,,,
08/01/2022,2026-01.csv,,,,,,,,,,,,,,,,,,
08/01/2022,2026-01.csv,,,,,,,,,,,,,,,,,,
08/11/2021,2026-01.csv,,,,,,,,,,,,,,,,,,
08/08/2021,2026-01.csv,,,,,,,,,,,,,,,,,,
31/03/2023,2026-01.csv,,,,,,,,,,,,,,,,,,
09/01/2024,2026-01.csv,,,,,,,,,,,,,,,,,,
09/01/2024,2026-01.csv,,,,,,,,,,,,,,,,,,
09/01/2024,2026-01.csv,,,,,,,,,,,,,,,,,,
09/01/2024,2026-01.csv,,,,,,,,,,,,,,,,,,
08/12/2023,2026-01.csv,,,,,,,,,,,,,,,,,,
11/02/2021,2026-01.csv,,,,,,,,,,,,,,,,,,
11/02/2021,2026-01.csv,,,,,,,,,,,,,,,,,,
04/03/2022,2026-01.csv,,,,,,,,,,,,,,,,,,
04/03/2022,2026-01.csv,,,,,,,,,,,,,,,,,,
27/02/2024,2026-01.csv,,,,,,,,,,,,,,,,,,
24/01/2022,2026-01.csv,,,,,,,,,,,,,,,,,,
09/02/2022,2026-01.csv,,,,,,,,,,,,,,,,,,
08/03/2021,2026-01.csv,,,,,,,,,,,,,,,,,,
03/03/2021,2026-01.csv,,,,,,,,,,,,,,,,,,
01/09/2020,2026-01.csv,,,,,,,,,,,,,,,,,,
22/03/2023,2026-01.csv,,,,,,,,,,,,,,,,,,
13/07/2020,2026-01.csv,,,,,,,,,,,,,,,,,,
13/07/2020,2026-01.csv,,,,,,,,,,,,,,,,,,
13/07/2020,2026-01.csv,,,,,,,,,,,,,,,,,,
13/07/2020,2026-01.csv,,,,,,,,,,,,,,,,,,
11/03/2022,2026-01.csv,,,,,,,,,,,,,,,,,,
31/01/2022,2026-01.csv,,,,,,,,,,,,,,,,,,
04/01/2023,2026-01.csv,,,,,,,,,,,,,,,,,,
01/01/2020,2026-01.csv,,,,,,,,,,,,,,,,,,
31/03/2022,2026-01.csv,,,,,,,,,,,,,,,,,,
14/03/2018,2026-01.csv,,,,,,,,,,,,,,,,,,
01/02/2016,2026-01.csv,,,,,,,,,,,,,,,,,,
,2026-01.csv,,,,,,,,,,,,,,,,,,
22/01/2019,2026-01.csv,,,,,,,,,,,,,,,,,,
17/03/2016,2026-01.csv,,,,,,,,,,,,,,,,,,
08/08/2018,2026-01.csv,,,,,,,,,,,,,,,,,,
31/03/2021,2026-01.csv,,,,,,,,,,,,,,,,,,
25/09/2018,2026-01.csv,,,,,,,,,,,,,,,,,,
07/03/2016,2026-01.csv,,,,,,,,,,,,,,,,,,
22/01/2021,2026-01.csv,,,,,,,,,,,,,,,,,,
22/01/2021,2026-01.csv,,,,,,,,,,,,,,,,,,
22/01/2021,2026-01.csv,,,,,,,,,,,,,,,,,,
23/11/2020,2026-01.csv,,,,,,,,,,,,,,,,,,
07/12/2020,2026-01.csv,,,,,,,,,,,,,,,,,,
,2026-01.csv,,,,,,,,,,,,,,,,,,
22/06/2022,2026-01.csv,,,,,,,,,,,,,,,,,,
08/06/2021,2026-01.csv,,,,,,,,,,,,,,,,,,
15/02/2018,2026-01.csv,,,,,,,,,,,,,,,,,,
14/03/2023,2026-01.csv,,,,,,,,,,,,,,,,,,
09/11/2022,2026-01.csv,,,,,,,,,,,,,,,,,,
24/01/2024,2026-01.csv,,,,,,,,,,,,,,,,,,
14/02/2019,2026-01.csv,,,,,,,,,,,,,,,,,,
14/02/2019,2026-01.csv,,,,,,,,,,,,,,,,,,
,2026-01.csv,,,,,,,,,,,,,,,,,,
27/02/2017,2026-01.csv,,,,,,,,,,,,,,,,,,
26/03/2025,2026-01.csv,,,,,,,,,,,,,,,,,,
05/01/2023,2026-01.csv,,,,,,,,,,,,,,,,,,
20/12/2018,2026-01.csv,,,,,,,,,,,,,,,,,,
25/01/2017,2026-01.csv,,,,,,,,,,,,,,,,,,
11/05/2020,2026-01.csv,,,,,,,,,,,,,,,,,,
15/10/2024,2026-01.csv,,,,,,,,,,,,,,,,,,
15/10/2024,2026-01.csv,,,,,,,,,,,,,,,,,,
05/07/2017,2026-01.csv,,,,,,,,,,,,,,,,,,
31/03/2016,2026-01.csv,,,,,,,,,,,,,,,,,,
27/02/2018,2026-01.csv,,,,,,,,,,,,,,,,,,
28/10/2024,2026-01.csv,,,,,,,,,,,,,,,,,,
01/09/2022,2026-01.csv,,,,,,,,,,,,,,,,,,
01/03/2017,2026-01.csv,,,,,,,,,,,,,,,,,,
27/03/2018,2026-01.csv,,,,,,,,,,,,,,,,,,
22/12/2021,2026-01.csv,,,,,,,,,,,,,,,,,,
20/03/2018,2026-01.csv,,,,,,,,,,,,,,,,,,
12/04/2022,2026-01.csv,,,,,,,,,,,,,,,,,,
09/02/2022,2026-01.csv,,,,,,,,,,,,,,,,,,
01/03/2018,2026-01.csv,,,,,,,,,,,,,,,,,,
15/03/2018,2026-01.csv,,,,,,,,,,,,,,,,,,
03/03/2021,2026-01.csv,,,,,,,,,,,,,,,,,,
26/10/2016,2026-01.csv,,,,,,,,,,,,,,,,,,
13/03/2018,2026-01.csv,,,,,,,,,,,,,,,,,,
17/05/2023,2026-01.csv,,,,,,,,,,,,,,,,,,
24/03/2022,2026-01.csv,,,,,,,,,,,,,,,,,,
29/03/2022,2026-01.csv,,,,,,,,,,,,,,,,,,
09/07/2020,2026-01.csv,,,,,,,,,,,,,,,,,,
22/03/2022,2026-01.csv,,,,,,,,,,,,,,,,,,
23/03/2022,2026-01.csv,,,,,,,,,,,,,,,,,,
14/03/2018,2026-01.csv,,,,,,,,,,,,,,,,,,
31/03/2021,2026-01.csv,,,,,,,,,,,,,,,,,,
20/02/2020,2026-01.csv,,,,,,,,,,,,,,,,,,
31/03/2021,2026-01.csv,,,,,,,,,,,,,,,,,,
30/03/2023,2026-01.csv,,,,,,,,,,,,,,,,,,
14/02/2023,2026-01.csv,,,,,,,,,,,,,,,,,,
27/03/2023,2026-01.csv,,,,,,,,,,,,,,,,,,
27/03/2023,2026-01.csv,,,,,,,,,,,,,,,,,,
21/09/2021,2026-01.csv,,,,,,,,,,,,,,,,,,
18/03/2020,2026-01.csv,,,,,,,,,,,,,,,,,,
22/12/2021,2026-01.csv,,,,,,,,,,,,,,,,,,
01/03/2023,2026-01.csv,,,,,,,,,,,,,,,,,,
28/12/2021,2026-01.csv,,,,,,,,,,,,,,,,,,
11/03/2022,2026-01.csv,,,,,,,,,,,,,,,,,,
02/11/2016,2026-01.csv,,,,,,,,,,,,,,,,,,
13/08/2020,2026-01.csv,,,,,,,,,,,,,,,,,,
22/03/2017,2026-01.csv,,,,,,,,,,,,,,,,,,
26/02/2020,2026-01.csv,,,,,,,,,,,,,,,,,,
24/02/2022,2026-01.csv,,,,,,,,,,,,,,,,,,
10/08/2016,2026-01.csv,,,,,,,,,,,,,,,,,,
05/01/2022,2026-01.csv,,,,,,,,,,,,,,,,,,
16/02/2023,2026-01.csv,,,,,,,,,,,,,,,,,,
02/07/2021,2026-01.csv,,,,,,,,,,,,,,,,,,
20/03/2020,2026-01.csv,,,,,,,,,,,,,,,,,,
19/03/2020,2026-01.csv,,,,,,,,,,,,,,,,,,
24/03/2023,2026-01.csv,,,,,,,,,,,,,,,,,,
27/03/2025,2026-01.csv,,,,,,,,,,,,,,,,,,
08/01/2022,2026-01.csv,,,,,,,,,,,,,,,,,,
30/06/2022,2026-01.csv,,,,,,,,,,,,,,,,,,
16/05/2025,2026-01.csv,,,,,,,,,,,,,,,,,,
26/03/2021,2026-01.csv,,,,,,,,,,,,,,,,,,
20/03/2018,2026-01.csv,,,,,,,,,,,,,,,,,,
13/03/2018,2026-01.csv,,,,,,,,,,,,,,,,,,
26/02/2018,2026-01.csv,,,,,,,,,,,,,,,,,,
27/01/2022,2026-01.csv,,,,,,,,,,,,,,,,,,
16/05/2023,2026-01.csv,,,,,,,,,,,,,,,,,,
22/03/2022,2026-01.csv,,,,,,,,,,,,,,,,,,
28/03/2017,2026-01.csv,,,,,,,,,,,,,,,,,,
14/09/2021,2026-01.csv,,,,,,,,,,,,,,,,,,
08/07/2020,2026-01.csv,,,,,,,,,,,,,,,,,,
18/03/2020,2026-01.csv,,,,,,,,,,,,,,,,,,
11/08/2020,2026-01.csv,,,,,,,,,,,,,,,,,,
14/08/2020,2026-01.csv,,,,,,,,,,,,,,,,,,
18/04/2020,2026-01.csv,,,,,,,,,,,,,,,,,,
18/04/2020,2026-01.csv,,,,,,,,,,,,,,,,,,
18/04/2020,2026-01.csv,,,,,,,,,,,,,,,,,,
18/04/2020,2026-01.csv,,,,,,,,,,,,,,,,,,
10/08/2020,2026-01.csv,,,,,,,,,,,,,,,,,,
11/08/2020,2026-01.csv,,,,,,,,,,,,,,,,,,
24/08/2020,2026-01.csv,,,,,,,,,,,,,,,,,,
17/03/2022,2026-01.csv,,,,,,,,,,,,,,,,,,
06/01/2022,2026-01.csv,,,,,,,,,,,,,,,,,,
20/12/2024,2026-01.csv,,,,,,,,,,,,,,,,,,
28/06/2017,2026-01.csv,,,,,,,,,,,,,,,,,,
02/03/2015,2026-01.csv,,,,,,,,,,,,,,,,,,
17/04/2020,2026-01.csv,,,,,,,,,,,,,,,,,,
02/01/2014,2026-01.csv,,,,,,,,,,,,,,,,,,
10/02/2022,2026-01.csv,,,,,,,,,,,,,,,,,,
20/02/2023,2026-01.csv,,,,,,,,,,,,,,,,,,
25/03/2022,2026-01.csv,,,,,,,,,,,,,,,,,,
25/03/2022,2026-01.csv,,,,,,,,,,,,,,,,,,
18/03/2020,2026-01.csv,,,,,,,,,,,,,,,,,,
11/04/2025,2026-01.csv,,,,,,,,,,,,,,,,,,
15/02/2017,2026-01.csv,,,,,,,,,,,,,,,,,,
,2026-01.csv,,,,,,,,,,,,,,,,,,
18/02/2020,2026-01.csv,,,,,,,,,,,,,,,,,,
18/02/2020,2026-01.csv,,,,,,,,,,,,,,,,,,
15/10/2024,2026-01.csv,,,,,,,,,,,,,,,,,,
20/02/2017,2026-01.csv,,,,,,,,,,,,,,,,,,
,2026-01.csv,,,,,,,,,,,,,,,,,,
25/01/2017,2026-01.csv,,,,,,,,,,,,,,,,,,
01/03/2018,2026-01.csv,,,,,,,,,,,,,,,,,,
01/02/2016,2026-01.csv,,,,,,,,,,,,,,,,,,
17/02/2017,2026-01.csv,,,,,,,,,,,,,,,,,,
,2026-01.csv,,,,,,,,,,,,,,,,,,
01/02/2016,2026-01.csv,,,,,,,,,,,,,,,,,,
26/12/2017,2026-01.csv,,,,,,,,,,,,,,,,,,
,2026-01.csv,,,,,,,,,,,,,,,,,,
20/01/2020,2026-01.csv,,,,,,,,,,,,,,,,,,
20/01/2020,2026-01.csv,,,,,,,,,,,,,,,,,,
28/02/2024,2026-01.csv,,,,,,,,,,,,,,,,,,
28/03/2018,2026-01.csv,,,,,,,,,,,,,,,,,,
31/01/2024,2026-01.csv,,,,,,,,,,,,,,,,,,
20/12/2017,2026-01.csv,,,,,,,,,,,,,,,,,,
,2026-01.csv,,,,,,,,,,,,,,,,,,
08/11/2017,2026-01.csv,,,,,,,,,,,,,,,,,,
31/03/2021,2026-01.csv,,,,,,,,,,,,,,,,,,
24/03/2023,2026-01.csv,,,,,,,,,,,,,,,,,,
15/03/2024,2026-01.csv,,,,,,,,,,,,,,,,,,
30/03/2023,2026-01.csv,,,,,,,,,,,,,,,,,,
23/02/2018,2026-01.csv,,,,,,,,,,,,,,,,,,
09/09/2017,2026-01.csv,,,,,,,,,,,,,,,,,,
,2026-01.csv,,,,,,,,,,,,,,,,,,
14/02/2019,2026-01.csv,,,,,,,,,,,,,,,,,,
,2026-01.csv,,,,,,,,,,,,,,,,,,
06/09/2021,2026-01.csv,,,,,,,,,,,,,,,,,,
04/03/2021,2026-01.csv,,,,,,,,,,,,,,,,,,
,2026-01.csv,,,,,,,,,,,,,,,,,,
07/11/2017,2026-01.csv,,,,,,,,,,,,,,,,,,
24/08/2020,2026-01.csv,,,,,,,,,,,,,,,,,,
17/04/2020,2026-01.csv,,,,,,,,,,,,,,,,,,
24/08/2020,2026-01.csv,,,,,,,,,,,,,,,,,,
01/02/2019,2026-01.csv,,,,,,,,,,,,,,,,,,
07/10/2022,2026-01.csv,,,,,,,,,,,,,,,,,,
30/09/2022,2026-01.csv,,,,,,,,,,,,,,,,,,
14/10/2022,2026-01.csv,,,,,,,,,,,,,,,,,,
22/12/2020,2026-01.csv,,,,,,,,,,,,,,,,,,
12/03/2020,2026-01.csv,,,,,,,,,,,,,,,,,,
01/02/2024,2026-01.csv,,,,,,,,,,,,,,,,,,
07/02/2022,2026-01.csv,,,,,,,,,,,,,,,,,,
27/02/2023,2026-01.csv,,,,,,,,,,,,,,,,,,
13/12/2021,2026-01.csv,,,,,,,,,,,,,,,,,,
14/07/2020,2026-01.csv,,,,,,,,,,,,,,,,,,
14/07/2020,2026-01.csv,,,,,,,,,,,,,,,,,,
21/09/2021,2026-01.csv,,,,,,,,,,,,,,,,,,
14/03/2018,2026-01.csv,,,,,,,,,,,,,,,,,,
14/02/2023,2026-01.csv,,,,,,,,,,,,,,,,,,
12/03/2021,2026-01.csv,,,,,,,,,,,,,,,,,,
29/12/2022,2026-01.csv,,,,,,,,,,,,,,,,,,
31/03/2021,2026-01.csv,,,,,,,,,,,,,,,,,,
15/03/2022,2026-01.csv,,,,,,,,,,,,,,,,,,
22/11/2021,2026-01.csv,,,,,,,,,,,,,,,,,,
14/03/2022,2026-01.csv,,,,,,,,,,,,,,,,,,
06/03/2024,2026-01.csv,,,,,,,,,,,,,,,,,,
12/01/2022,2026-01.csv,,,,,,,,,,,,,,,,,,
31/03/2021,2026-01.csv,,,,,,,,,,,,,,,,,,
26/02/2024,2026-01.csv,,,,,,,,,,,,,,,,,,
06/12/2021,2026-01.csv,,,,,,,,,,,,,,,,,,
08/03/2022,2026-01.csv,,,,,,,,,,,,,,,,,,
11/03/2022,2026-01.csv,,,,,,,,,,,,,,,,,,
24/12/2021,2026-01.csv,,,,,,,,,,,,,,,,,,
06/12/2022,2026-01.csv,,,,,,,,,,,,,,,,,,
24/03/2022,2026-01.csv,,,,,,,,,,,,,,,,,,
30/07/2020,2026-01.csv,,,,,,,,,,,,,,,,,,
19/02/2018,2026-01.csv,,,,,,,,,,,,,,,,,,
19/06/2020,2026-01.csv,,,,,,,,,,,,,,,,,,
06/06/2020,2026-01.csv,,,,,,,,,,,,,,,,,,
27/05/2021,2026-01.csv,,,,,,,,,,,,,,,,,,
18/05/2021,2026-01.csv,,,,,,,,,,,,,,,,,,
24/06/2021,2026-01.csv,,,,,,,,,,,,,,,,,,
03/09/2021,2026-01.csv,,,,,,,,,,,,,,,,,,
07/10/2020,2026-01.csv,,,,,,,,,,,,,,,,,,
26/12/2017,2026-01.csv,,,,,,,,,,,,,,,,,,
06/12/2024,2026-01.csv,,,,,,,,,,,,,,,,,,
11/12/2023,2026-01.csv,,,,,,,,,,,,,,,,,,
30/03/2020,2026-01.csv,,,,,,,,,,,,,,,,,,
30/03/2021,2026-01.csv,,,,,,,,,,,,,,,,,,
26/02/2018,2026-01.csv,,,,,,,,,,,,,,,,,,
31/03/2022,2026-01.csv,,,,,,,,,,,,,,,,,,
31/03/2021,2026-01.csv,,,,,,,,,,,,,,,,,,
31/03/2021,2026-01.csv,,,,,,,,,,,,,,,,,,
31/03/2021,2026-01.csv,,,,,,,,,,,,,,,,,,
31/03/2023,2026-01.csv,,,,,,,,,,,,,,,,,,
31/03/2023,2026-01.csv,,,,,,,,,,,,,,,,,,
29/03/2023,2026-01.csv,,,,,,,,,,,,,,,,,,
31/03/2021,2026-01.csv,,,,,,,,,,,,,,,,,,
11/03/2022,2026-01.csv,,,,,,,,,,,,,,,,,,
16/03/2022,2026-01.csv,,,,,,,,,,,,,,,,,,
05/01/2022,2026-01.csv,,,,,,,,,,,,,,,,,,
31/03/2022,2026-01.csv,,,,,,,,,,,,,,,,,,
19/01/2018,2026-01.csv,,,,,,,,,,,,,,,,,,
21/01/2022,2026-01.csv,,,,,,,,,,,,,,,,,,
24/01/2022,2026-01.csv,,,,,,,,,,,,,,,,,,
24/03/2022,2026-01.csv,,,,,,,,,,,,,,,,,,
07/03/2022,2026-01.csv,,,,,,,,,,,,,,,,,,
31/03/2022,2026-01.csv,,,,,,,,,,,,,,,,,,
17/05/2023,2026-01.csv,,,,,,,,,,,,,,,,,,
06/10/2022,2026-01.csv,,,,,,,,,,,,,,,,,,
17/03/2022,2026-01.csv,,,,,,,,,,,,,,,,,,
30/09/2019,2026-01.csv,,,,,,,,,,,,,,,,,,
30/09/2019,2026-01.csv,,,,,,,,,,,,,,,,,,
30/09/2019,2026-01.csv,,,,,,,,,,,,,,,,,,
30/09/2019,2026-01.csv,,,,,,,,,,,,,,,,,,
30/09/2019,2026-01.csv,,,,,,,,,,,,,,,,,,
30/09/2019,2026-01.csv,,,,,,,,,,,,,,,,,,
23/06/2020,2026-01.csv,,,,,,,,,,,,,,,,,,
19/02/2021,2026-01.csv,,,,,,,,,,,,,,,,,,
13/01/2022,2026-01.csv,,,,,,,,,,,,,,,,,,
31/03/2021,2026-01.csv,,,,,,,,,,,,,,,,,,
02/09/2021,2026-01.csv,,,,,,,,,,,,,,,,,,
25/01/2024,2026-01.csv,,,,,,,,,,,,,,,,,,
16/12/2022,2026-01.csv,,,,,,,,,,,,,,,,,,
16/12/2022,2026-01.csv,,,,,,,,,,,,,,,,,,
16/12/2022,2026-01.csv,,,,,,,,,,,,,,,,,,
09/02/2022,2026-01.csv,,,,,,,,,,,,,,,,,,
03/12/2021,2026-01.csv,,,,,,,,,,,,,,,,,,
13/12/2021,2026-01.csv,,,,,,,,,,,,,,,,,,
03/01/2023,2026-01.csv,,,,,,,,,,,,,,,,,,
18/01/2022,2026-01.csv,,,,,,,,,,,,,,,,,,
20/01/2022,2026-01.csv,,,,,,,,,,,,,,,,,,
10/02/2017,2026-01.csv,,,,,,,,,,,,,,,,,,
18/06/2020,2026-01.csv,,,,,,,,,,,,,,,,,,
31/03/2021,2026-01.csv,,,,,,,,,,,,,,,,,,
27/04/2020,2026-01.csv,,,,,,,,,,,,,,,,,,
27/04/2020,2026-01.csv,,,,,,,,,,,,,,,,,,
14/02/2020,2026-01.csv,,,,,,,,,,,,,,,,,,
31/03/2021,2026-01.csv,,,,,,,,,,,,,,,,,,
30/03/2022,2026-01.csv,,,,,,,,,,,,,,,,,,
06/10/2016,2026-01.csv,,,,,,,,,,,,,,,,,,
15/03/2024,2026-01.csv,,,,,,,,,,,,,,,,,,
30/12/2022,2026-01.csv,,,,,,,,,,,,,,,,,,
12/01/2022,2026-01.csv,,,,,,,,,,,,,,,,,,
29/03/2023,2026-01.csv,,,,,,,,,,,,,,,,,,
24/01/2022,2026-01.csv,,,,,,,,,,,,,,,,,,
31/05/2023,2026-01.csv,,,,,,,,,,,,,,,,,,
21/03/2022,2026-01.csv,,,,,,,,,,,,,,,,,,
30/03/2022,2026-01.csv,,,,,,,,,,,,,,,,,,
31/03/2021,2026-01.csv,,,,,,,,,,,,,,,,,,
01/12/2022,2026-01.csv,,,,,,,,,,,,,,,,,,
31/03/2022,2026-01.csv,,,,,,,,,,,,,,,,,,
30/03/2022,2026-01.csv,,,,,,,,,,,,,,,,,,
23/03/2022,2026-01.csv,,,,,,,,,,,,,,,,,,
08/03/2023,2026-01.csv,,,,,,,,,,,,,,,,,,
31/03/2020,2026-01.csv,,,,,,,,,,,,,,,,,,
31/03/2022,2026-01.csv,,,,,,,,,,,,,,,,,,
31/03/2022,2026-01.csv,,,,,,,,,,,,,,,,,,
20/01/2017,2026-01.csv,,,,,,,,,,,,,,,,,,
30/03/2017,2026-01.csv,,,,,,,,,,,,,,,,,,
20/01/2017,2026-01.csv,,,,,,,,,,,,,,,,,,
03/03/2022,2026-01.csv,,,,,,,,,,,,,,,,,,
06/10/2016,2026-01.csv,,,,,,,,,,,,,,,,,,
12/09/2022,2026-01.csv,,,,,,,,,,,,,,,,,,
30/03/2021,2026-01.csv,,,,,,,,,,,,,,,,,,
31/03/2023,2026-01.csv,,,,,,,,,,,,,,,,,,
31/03/2023,2026-01.csv,,,,,,,,,,,,,,,,,,
29/03/2023,2026-01.csv,,,,,,,,,,,,,,,,,,
04/01/2023,2026-01.csv,,,,,,,,,,,,,,,,,,
13/03/2020,2026-01.csv,,,,,,,,,,,,,,,,,,
13/03/2020,2026-01.csv,,,,,,,,,,,,,,,,,,
30/03/2021,2026-01.csv,,,,,,,,,,,,,,,,,,
11/03/2022,2026-01.csv,,,,,,,,,,,,,,,,,,
30/11/2023,2026-01.csv,,,,,,,,,,,,,,,,,,
09/09/2021,2026-01.csv,,,,,,,,,,,,,,,,,,
05/01/2023,2026-01.csv,,,,,,,,,,,,,,,,,,
31/03/2023,2026-01.csv,,,,,,,,,,,,,,,,,,
03/01/2023,2026-01.csv,,,,,,,,,,,,,,,,,,
07/03/2023,2026-01.csv,,,,,,,,,,,,,,,,,,
11/03/2024,2026-01.csv,,,,,,,,,,,,,,,,,,
07/02/2024,2026-01.csv,,,,,,,,,,,,,,,,,,
27/02/2024,2026-01.csv,,,,,,,,,,,,,,,,,,
28/02/2024,2026-01.csv,,,,,,,,,,,,,,,,,,
11/03/2024,2026-01.csv,,,,,,,,,,,,,,,,,,
27/03/2023,2026-01.csv,,,,,,,,,,,,,,,,,,
31/03/2022,2026-01.csv,,,,,,,,,,,,,,,,,,
30/09/2021,2026-01.csv,,,,,,,,,,,,,,,,,,
30/11/2022,2026-01.csv,,,,,,,,,,,,,,,,,,
01/02/2018,2026-01.csv,,,,,,,,,,,,,,,,,,
23/05/2022,2026-01.csv,,,,,,,,,,,,,,,,,,
21/10/2022,2026-01.csv,,,,,,,,,,,,,,,,,,
31/12/2023,2026-01.csv,,,,,,,,,,,,,,,,,,
30/09/2021,2026-01.csv,,,,,,,,,,,,,,,,,,
31/12/2019,2026-01.csv,,,,,,,,,,,,,,,,,,
30/11/2020,2026-01.csv,,,,,,,,,,,,,,,,,,
01/01/2022,2026-01.csv,,,,,,,,,,,,,,,,,,
13/07/2021,2026-01.csv,,,,,,,,,,,,,,,,,,
28/11/2014,2026-01.csv,,,,,,,,,,,,,,,,,,
09/07/2024,2026-01.csv,,,,,,,,,,,,,,,,,,
30/03/2015,2026-01.csv,,,,,,,,,,,,,,,,,,
10/11/2015,2026-01.csv,,,,,,,,,,,,,,,,,,
11/09/2023,2026-01.csv,,,,,,,,,,,,,,,,,,
15/11/2023,2026-01.csv,,,,,,,,,,,,,,,,,,
30/11/2023,2026-01.csv,,,,,,,,,,,,,,,,,,
31/10/2023,2026-01.csv,,,,,,,,,,,,,,,,,,
20/01/2025,2026-01.csv,,,,,,,,,,,,,,,,,,
26/07/2024,2026-01.csv,,,,,,,,,,,,,,,,,,
28/03/2024,2026-01.csv,,,,,,,,,,,,,,,,,,
11/07/2024,2026-01.csv,,,,,,,,,,,,,,,,,,
09/08/2023,2026-01.csv,,,,,,,,,,,,,,,,,,
31/01/2009,2026-01.csv,,,,,,,,,,,,,,,,,,
20/01/2025,2026-01.csv,,,,,,,,,,,,,,,,,,
20/01/2025,2026-01.csv,,,,,,,,,,,,,,,,,,
16/11/2024,2026-01.csv,,,,,,,,,,,,,,,,,,
09/09/2024,2026-01.csv,,,,,,,,,,,,,,,,,,
13/12/2019,2026-01.csv,,,,,,,,,,,,,,,,,,
01/11/2020,2026-01.csv,,,,,,,,,,,,,,,,,,
,2026-01.csv,,,,,,,,,,,,,,,,,,
19/07/2017,2026-01.csv,,,,,,,,,,,,,,,,,,
27/04/2022,2026-01.csv,,,,,,,,,,,,,,,,,,
,2026-01.csv,,,,,,,,,,,,,,,,,,
31/05/2023,2026-01.csv,,,,,,,,,,,,,,,,,,
19/03/2020,2026-01.csv,,,,,,,,,,,,,,,,,,
08/05/2023,2026-01.csv,,,,,,,,,,,,,,,,,,
17/11/2021,2026-01.csv,,,,,,,,,,,,,,,,,,
19/09/2019,2026-01.csv,,,,,,,,,,,,,,,,,,
09/12/2020,2026-01.csv,,,,,,,,,,,,,,,,,,
27/07/2022,2026-01.csv,,,,,,,,,,,,,,,,,,
09/10/2014,2026-01.csv,,,,,,,,,,,,,,,,,,
22/02/2019,2026-01.csv,,,,,,,,,,,,,,,,,,
28/08/2024,2026-01.csv,,,,,,,,,,,,,,,,,,
21/03/2025,2026-01.csv,,,,,,,,,,,,,,,,,,
01/05/2023,2026-01.csv,,,,,,,,,,,,,,,,,,
21/08/2025,2026-01.csv,,,,,,,,,,,,,,,,,,
24/03/2025,2026-01.csv,,,,,,,,,,,,,,,,,,
08/10/2025,2026-01.csv,,,,,,,,,,,,,,,,,,
24/02/2025,2026-01.csv,,,,,,,,,,,,,,,,,,
15/10/2024,2026-01.csv,,,,,,,,,,,,,,,,,,
18/02/2025,2026-01.csv,,,,,,,,,,,,,,,,,,
18/02/2025,2026-01.csv,,,,,,,,,,,,,,,,,,
14/10/2014,2026-01.csv,,,,,,,,,,,,,,,,,,
02/09/2024,2026-01.csv,,,,,,,,,,,,,,,,,,
25/11/2024,2026-01.csv,,,,,,,,,,,,,,,,,,
07/06/2024,2026-01.csv,,,,,,,,,,,,,,,,,,
24/02/2012,2026-01.csv,,,,,,,,,,,,,,,,,,
16/10/2025,2026-01.csv,,,,,,,,,,,,,,,,,,
03/02/2026,2026-01.csv,,,,,,,,,,,,,,,,,,
17/10/2025,2026-01.csv,,,,,,,,,,,,,,,,,,
,2026-01.csv,,,,,,,,,,,,,,,,,,
30/08/2024,2026-01.csv,,,,,,,,,,,,,,,,,,
,2026-01.csv,,,,,,,,,,,,,,,,,,
26/03/2025,2026-01.csv,,,,,,,,,,,,,,,,,,
04/08/2025,2026-01.csv,,,,,,,,,,,,,,,,,,
01/12/2014,2026-01.csv,,,,,,,,,,,,,,,,,,
07/11/2024,2026-01.csv,,,,,,,,,,,,,,,,,,
18/03/2025,2026-01.csv,,,,,,,,,,,,,,,,,,
20/01/2025,2026-01.csv,,,,,,,,,,,,,,,,,,
24/03/2025,2026-01.csv,,,,,,,,,,,,,,,,,,
16/01/2025,2026-01.csv,,,,,,,,,,,,,,,,,,
13/01/2022,2026-01.csv,,,,,,,,,,,,,,,,,,
15/07/2024,2026-01.csv,,,,,,,,,,,,,,,,,,
09/02/2024,2026-01.csv,,,,,,,,,,,,,,,,,,
21/03/2025,2026-01.csv,,,,,,,,,,,,,,,,,,
26/12/2023,2026-01.csv,,,,,,,,,,,,,,,,,,
27/09/2023,2026-01.csv,,,,,,,,,,,,,,,,,,
09/02/2024,2026-01.csv,,,,,,,,,,,,,,,,,,
26/12/2023,2026-01.csv,,,,,,,,,,,,,,,,,,
04/06/2025,2026-01.csv,,,,,,,,,,,,,,,,,,
30/05/2024,2026-01.csv,,,,,,,,,,,,,,,,,,
01/11/2023,2026-01.csv,,,,,,,,,,,,,,,,,,
01/07/2023,2026-01.csv,,,,,,,,,,,,,,,,,,
15/10/2024,2026-01.csv,,,,,,,,,,,,,,,,,,
19/11/2024,2026-01.csv,,,,,,,,,,,,,,,,,,
07/11/2024,2026-01.csv,,,,,,,,,,,,,,,,,,
27/12/2023,2026-01.csv,,,,,,,,,,,,,,,,,,
27/12/2023,2026-01.csv,,,,,,,,,,,,,,,,,,
19/08/2024,2026-01.csv,,,,,,,,,,,,,,,,,,
22/08/2024,2026-01.csv,,,,,,,,,,,,,,,,,,
19/08/2024,2026-01.csv,,,,,,,,,,,,,,,,,,
23/08/2024,2026-01.csv,,,,,,,,,,,,,,,,,,
15/10/2024,2026-01.csv,,,,,,,,,,,,,,,,,,
12/11/2024,2026-01.csv,,,,,,,,,,,,,,,,,,
12/11/2024,2026-01.csv,,,,,,,,,,,,,,,,,,
30/12/2024,2026-01.csv,,,,,,,,,,,,,,,,,,
27/09/2023,2026-01.csv,,,,,,,,,,,,,,,,,,
26/10/2023,2026-01.csv,,,,,,,,,,,,,,,,,,
30/10/2023,2026-01.csv,,,,,,,,,,,,,,,,,,
01/11/2023,2026-01.csv,,,,,,,,,,,,,,,,,,
01/12/2021,2026-01.csv,,,,,,,,,,,,,,,,,,
01/12/2022,2026-01.csv,,,,,,,,,,,,,,,,,,
23/08/2024,2026-01.csv,,,,,,,,,,,,,,,,,,
24/03/2025,2026-01.csv,,,,,,,,,,,,,,,,,,
23/11/2022,2026-01.csv,,,,,,,,,,,,,,,,,,
02/09/2024,2026-01.csv,,,,,,,,,,,,,,,,,,
10/12/2024,2026-01.csv,,,,,,,,,,,,,,,,,,
24/09/2025,2026-01.csv,,,,,,,,,,,,,,,,,,
27/03/2025,2026-01.csv,,,,,,,,,,,,,,,,,,
30/08/2024,2026-01.csv,,,,,,,,,,,,,,,,,,
10/01/2025,2026-01.csv,,,,,,,,,,,,,,,,,,
,2026-01.csv,,,,,,,,,,,,,,,,,,
27/05/2019,2026-01.csv,,,,,,,,,,,,,,,,,,
17/11/2014,2026-01.csv,,,,,,,,,,,,,,,,,,
09/03/2019,2026-01.csv,,,,,,,,,,,,,,,,,,
30/11/2018,2026-01.csv,,,,,,,,,,,,,,,,,,
18/10/2024,2026-01.csv,,,,,,,,,,,,,,,,,,
07/06/2021,2026-01.csv,,,,,,,,,,,,,,,,,,
21/02/2014,2026-01.csv,,,,,,,,,,,,,,,,,,
07/01/2026,2026-01.csv,,,,,,,,,,,,,,,,,,
28/03/2024,2026-01.csv,,,,,,,,,,,,,,,,,,
03/01/2025,2026-01.csv,,,,,,,,,,,,,,,,,,
07/03/2019,2026-01.csv,,,,,,,,,,,,,,,,,,
04/07/2019,2026-01.csv,,,,,,,,,,,,,,,,,,
30/11/2018,2026-01.csv,,,,,,,,,,,,,,,,,,
24/04/2018,2026-01.csv,,,,,,,,,,,,,,,,,,
27/05/2019,2026-01.csv,,,,,,,,,,,,,,,,,,
21/11/2022,2026-01.csv,,,,,,,,,,,,,,,,,,
03/09/2025,2026-01.csv,,,,,,,,,,,,,,,,,,
06/07/2023,2026-01.csv,,,,,,,,,,,,,,,,,,
18/07/2013,2026-01.csv,,,,,,,,,,,,,,,,,,
29/12/2022,2026-01.csv,,,,,,,,,,,,,,,,,,
26/04/2018,2026-01.csv,,,,,,,,,,,,,,,,,,
27/02/2019,2026-01.csv,,,,,,,,,,,,,,,,,,
23/10/2023,2026-01.csv,,,,,,,,,,,,,,,,,,
04/09/2024,2026-01.csv,,,,,,,,,,,,,,,,,,
16/07/2025,2026-01.csv,,,,,,,,,,,,,,,,,,
16/12/2025,2026-01.csv,,,,,,,,,,,,,,,,,,
09/03/2019,2026-01.csv,,,,,,,,,,,,,,,,,,
04/09/2024,2026-01.csv,,,,,,,,,,,,,,,,,,
06/05/2020,2026-01.csv,,,,,,,,,,,,,,,,,,
12/10/2017,2026-01.csv,,,,,,,,,,,,,,,,,,
10/05/2018,2026-01.csv,,,,,,,,,,,,,,,,,,
06/05/2020,2026-01.csv,,,,,,,,,,,,,,,,,,
11/08/2017,2026-01.csv,,,,,,,,,,,,,,,,,,
11/08/2017,2026-01.csv,,,,,,,,,,,,,,,,,,
08/03/2010,2026-01.csv,,,,,,,,,,,,,,,,,,
08/03/2010,2026-01.csv,,,,,,,,,,,,,,,,,,
18/11/2016,2026-01.csv,,,,,,,,,,,,,,,,,,
02/02/2017,2026-01.csv,,,,,,,,,,,,,,,,,,
15/12/2015,2026-01.csv,,,,,,,,,,,,,,,,,,
02/02/2017,2026-01.csv,,,,,,,,,,,,,,,,,,
02/02/2017,2026-01.csv,,,,,,,,,,,,,,,,,,
21/12/2016,2026-01.csv,,,,,,,,,,,,,,,,,,
18/10/2018,2026-01.csv,,,,,,,,,,,,,,,,,,
18/11/2016,2026-01.csv,,,,,,,,,,,,,,,,,,
15/03/2017,2026-01.csv,,,,,,,,,,,,,,,,,,
15/03/2017,2026-01.csv,,,,,,,,,,,,,,,,,,
08/07/2016,2026-01.csv,,,,,,,,,,,,,,,,,,
18/11/2016,2026-01.csv,,,,,,,,,,,,,,,,,,
18/11/2016,2026-01.csv,,,,,,,,,,,,,,,,,,
18/11/2016,2026-01.csv,,,,,,,,,,,,,,,,,,
15/03/2017,2026-01.csv,,,,,,,,,,,,,,,,,,
02/02/2017,2026-01.csv,,,,,,,,,,,,,,,,,,
13/11/2015,2026-01.csv,,,,,,,,,,,,,,,,,,
15/03/2017,2026-01.csv,,,,,,,,,,,,,,,,,,
15/03/2017,2026-01.csv,,,,,,,,,,,,,,,,,,
26/05/2016,2026-01.csv,,,,,,,,,,,,,,,,,,
15/03/2017,2026-01.csv,,,,,,,,,,,,,,,,,,
18/08/2020,2026-01.csv,,,,,,,,,,,,,,,,,,
22/07/2020,2026-01.csv,,,,,,,,,,,,,,,,,,
01/04/2009,2026-01.csv,,,,,,,,,,,,,,,,,,
01/04/2007,2026-01.csv,,,,,,,,,,,,,,,,,,
01/04/2008,2026-01.csv,,,,,,,,,,,,,,,,,,
10/05/2002,2026-01.csv,,,,,,,,,,,,,,,,,,
01/04/1996,2026-01.csv,,,,,,,,,,,,,,,,,,
01/04/2017,2026-01.csv,,,,,,,,,,,,,,,,,,
01/04/2008,2026-01.csv,,,,,,,,,,,,,,,,,,
01/04/2005,2026-01.csv,,,,,,,,,,,,,,,,,,
01/04/2005,2026-01.csv,,,,,,,,,,,,,,,,,,
01/04/1997,2026-01.csv,,,,,,,,,,,,,,,,,,
01/04/2006,2026-01.csv,,,,,,,,,,,,,,,,,,
31/10/2023,2026-01.csv,,,,,,,,,,,,,,,,,,
01/04/2017,2026-01.csv,,,,,,,,,,,,,,,,,,
01/04/2003,2026-01.csv,,,,,,,,,,,,,,,,,,
01/04/2008,2026-01.csv,,,,,,,,,,,,,,,,,,
01/04/2009,2026-01.csv,,,,,,,,,,,,,,,,,,
01/04/2008,2026-01.csv,,,,,,,,,,,,,,,,,,
01/04/2008,2026-01.csv,,,,,,,,,,,,,,,,,,
01/04/2007,2026-01.csv,,,,,,,,,,,,,,,,,,
01/04/2009,2026-01.csv,,,,,,,,,,,,,,,,,,
01/08/2017,2026-01.csv,,,,,,,,,,,,,,,,,,
01/04/2017,2026-01.csv,,,,,,,,,,,,,,,,,,
20/01/2009,2026-01.csv,,,,,,,,,,,,,,,,,,
01/04/2007,2026-01.csv,,,,,,,,,,,,,,,,,,
01/04/2017,2026-01.csv,,,,,,,,,,,,,,,,,,
01/04/2007,2026-01.csv,,,,,,,,,,,,,,,,,,
03/02/2016,2026-01.csv,,,,,,,,,,,,,,,,,,
01/04/2005,2026-01.csv,,,,,,,,,,,,,,,,,,
01/04/2017,2026-01.csv,,,,,,,,,,,,,,,,,,
01/04/1996,2026-01.csv,,,,,,,,,,,,,,,,,,
01/04/2017,2026-01.csv,,,,,,,,,,,,,,,,,,
08/02/2010,2026-01.csv,,,,,,,,,,,,,,,,,,
01/04/2005,2026-01.csv,,,,,,,,,,,,,,,,,,
01/04/2011,2026-01.csv,,,,,,,,,,,,,,,,,,
01/04/2017,2026-01.csv,,,,,,,,,,,,,,,,,,
01/04/1997,2026-01.csv,,,,,,,,,,,,,,,,,,
01/04/2014,2026-01.csv,,,,,,,,,,,,,,,,,,
01/04/2017,2026-01.csv,,,,,,,,,,,,,,,,,,
01/04/1996,2026-01.csv,,,,,,,,,,,,,,,,,,
